Gruppe,ValgstedId,KredsNr,StorKredsNr,LandsdelsNr,Boligtype_Antal_personer_01. Stuehuse og parcelhuse,Boligtype_Antal_personer_02. Række- og kædehuse,Boligtype_Antal_personer_03. Flerfamiliehuse,Boligtype_Antal_personer_04. Kollegier,Boligtype_Antal_personer_05. Sommerhuse,Boligtype_Antal_personer_06. Øvrige boliger
,101001,1,1,1,8,142,15374,0,0,38
,101002,1,1,1,785,266,7107,7,0,213
,101003,1,1,1,79,23,15316,287,1,140
,101005,1,1,1,5,532,14657,413,0,247
,101006,1,1,1,43,1134,12150,108,1,51
,101007,2,1,1,1804,1015,11386,6,2,52
,101008,2,1,1,17,125,17143,510,0,397
,101009,2,1,1,1491,1922,15561,105,31,78
,101010,2,1,1,13,1044,14144,116,7,127
,101011,3,1,1,13,18,15981,437,3,3831
,101012,3,1,1,33,1248,7784,62,0,49
,101013,3,1,1,295,906,11458,230,24,302
,101014,3,1,1,35,272,15453,721,6,227
,101016,4,1,1,167,254,13761,18,0,358
,101017,4,1,1,62,92,18615,1707,8,119
,101018,4,1,1,1892,436,8937,0,0,16
,101019,4,1,1,3671,1407,8102,131,6,41
,101020,5,1,1,0,0,8972,134,2,40
,101021,5,1,1,14,20,12287,1375,0,55
,101022,5,1,1,9,0,8611,0,0,189
,101023,5,1,1,11,5,9257,67,0,43
,101024,5,1,1,7,0,9976,0,0,9
,101025,5,1,1,14,0,14074,0,0,20
,101027,6,1,1,22,21,15330,320,2,30
,101028,6,1,1,1461,614,8294,124,5,180
,101029,6,1,1,376,968,4632,142,0,2
,101030,6,1,1,4,0,13532,60,0,137
,101031,7,1,1,1877,724,2787,0,0,6
,101032,7,1,1,0,121,6268,329,0,0
,101033,7,1,1,1197,1632,7219,0,0,20
,101034,7,1,1,2683,709,9192,0,47,17
,101035,7,1,1,1566,704,7855,90,8,37
,101036,7,1,1,5369,1818,5177,172,0,36
,101039,7,1,1,1101,155,4974,0,0,0
,101040,7,1,1,3628,389,3822,0,3,72
,101041,7,1,1,2249,903,10992,0,0,30
,101042,8,1,1,2777,967,8077,0,4,28
,101043,8,1,1,301,320,11388,0,0,60
,101044,8,1,1,1619,883,7934,27,1,96
,101046,8,1,1,947,1037,5376,178,1,2
,101047,8,1,1,743,244,5832,146,1,220
,101048,8,1,1,750,729,9609,0,0,7
,101049,9,1,1,0,0,10122,0,0,10
,101050,9,1,1,1,0,11580,15,1,147
,101051,9,1,1,823,152,10859,0,5,209
,101052,9,1,1,0,0,9134,0,10,125
,101053,9,1,1,14,680,8605,0,0,70
,101054,9,1,1,5,51,3722,361,0,329
,101055,9,1,1,78,267,15131,0,0,180
,101056,1,1,1,5,137,10407,0,0,124
,101057,2,1,1,4078,2094,3489,2127,1,85
,101058,5,1,1,0,79,14970,0,3,8
,101059,6,1,1,610,74,8215,0,2,6
,147001,10,1,1,264,37,11510,36,0,70
,147002,10,1,1,157,5,11558,29,0,111
,147003,10,1,1,178,36,15307,195,0,23
,147004,10,1,1,717,930,12576,344,0,9
,147005,11,1,1,698,338,12619,553,0,77
,147006,11,1,1,800,146,11081,74,0,37
,147007,11,1,1,406,300,11528,363,0,487
,147008,11,1,1,5,0,10693,0,0,8
,151001,20,2,1,1652,142,4153,0,0,31
,151002,20,2,1,1651,269,6129,0,1,181
,151003,20,2,1,1661.60,1709.19,57.10,17.13,18.08,0
,151004,20,2,1,738,1598,2102,0,0,3
,151005,20,2,1,4082,796,226,0,4,75
,151006,20,2,1,1891,282,5371,107,0,108
,151008,20,2,1,2534,1217,1919,0,0,93
,151009,20,2,1,2671.40,978.81,1022.90,0.87,0.92,20
,151010,20,2,1,1235,1421,422,0,0,11
,153001,18,2,1,3372,648,627,0,0,12
,153002,18,2,1,875,552,2859,45,0,150
,153003,18,2,1,445,699,2738,0,0,102
,153004,18,2,1,1259,1269,5297,0,0,6
,153005,18,2,1,1903.47,1184.04,4200.07,2.07,0,31.60
,153006,18,2,1,1771.53,1101.96,3908.93,1.93,0,29.40
,155001,12,1,1,3329,768,1061,0,3,120
,155004,12,1,1,5273,2463,1064,0,143,270
,157001,13,2,1,4297,829,2734,0,0,7
,157002,13,2,1,2913,393,3273,0,0,11
,157003,13,2,1,3862,538,2597,0,0,265
,157004,13,2,1,2856,1126,3910,0,0,5
,157005,13,2,1,4969,692,2226,0,0,6
,157006,13,2,1,3116,761,4198,0,0,14
,157007,13,2,1,1867,357,6352,3,0,31
,157008,13,2,1,1860,188,4315,0,0,3
,157009,13,2,1,3760,616,3114,35,1,7
,157010,13,2,1,2161,547,3999,0,0,16
,159001,15,2,1,2195.03,1375.62,3528.38,0,0,61.48
,159002,15,2,1,1768,1132,5656,0,0,154
,159003,15,2,1,3329,2952,1990,520,0,46
,159004,15,2,1,2615,1155,6001,0,0,4
,159005,15,2,1,2537,2124,5303,0,0,51
,159006,15,2,1,2426,4014,987,896,0,32
,159007,15,2,1,1976,530,2995,8,0,4
,159008,15,2,1,1483,2401,2267,0,0,69
,159009,15,2,1,1564.97,56.38,3043.62,0,0,11.52
,161001,20,2,1,2096,865,396,0,0,11
,161002,20,2,1,1382,126,1918,0,2,102
,161003,20,2,1,1531,210,4040,0,0,120
,161004,20,2,1,76,11,4193,0,0,26
,161005,20,2,1,1714,236,8,0,27,11
,161006,20,2,1,834,2299,820,0,0,74
,163001,16,2,1,2083,1278,7066,196,1,32
,163002,16,2,1,4856,3584,178,0,1,214
,163003,16,2,1,1936,4057,3090,298,48,35
,165001,19,2,1,1553,2974,30,1162,0,25
,165002,19,2,1,2163,943,1543,0,0,14
,165003,19,2,1,689,976,3328,0,0,21
,165004,19,2,1,2,3632,1366,369,0,66
,165005,19,2,1,0,5115,1757,0,0,3
,167001,17,2,1,2052,719,2785,346,0,17
,167002,17,2,1,1000,1129,2435,0,3,2
,167003,17,2,1,1543,207,4019,286,0,15
,167004,17,2,1,2487,789,2939,0,0,157
,167005,17,2,1,4116,501,2610,0,0,73
,167006,17,2,1,2988,746,3378,0,0,65
,167007,17,2,1,5521,1254,1804,0,0,30
,167008,17,2,1,983,2575,3907,0,0,46
,169001,19,2,1,448,414,3538,0,0,3
,169002,19,2,1,1958,879,1981,1,0,47
,169004,19,2,1,2325,3264,279,0,0,126
,169006,19,2,1,1096,864,5639,0,0,7
,169007,19,2,1,1129,3041,2885,0,0,77
,169008,19,2,1,344,1603,2566,0,0,24
,169009,19,2,1,2100,338,17,0,53,74
,169010,19,2,1,1953.65,824.32,1466.02,0,0.62,46.59
,169012,19,2,1,3794,887,1100,0,12,11
,169013,19,2,1,776,118,7,0,0,26
,169014,19,2,1,1191.35,502.68,893.98,0,0.38,28.41
,173001,14,2,1,927,642,4849,0,0,187
,173002,14,2,1,936,1142,4055,432,0,44
,173003,14,2,1,2373,1111,1945,1181,0,41
,173004,14,2,1,2506,932,3671,0,0,24
,173005,14,2,1,650,158,671,0,0,21
,173006,14,2,1,5296,797,1027,0,6,24
,173007,14,2,1,1395,2541,1455,0,0,13
,173008,14,2,1,2048,3524,3033,23,0,29
,173009,14,2,1,2215,1363,2889,34,0,4
,175001,16,2,1,1995,542,1750,0,0,10
,175002,16,2,1,1564,2342,1905,0,0,5
,175003,16,2,1,2737,1116,3877,0,0,173
,175004,16,2,1,580,287,4732,0,0,0
,175005,16,2,1,1870,2752,3276,26,0,21
,175006,16,2,1,3259,1996,1674,0,0,0
,175007,16,2,1,0,0,2163,0,0,0
,183001,18,2,1,1476,308,13,0,38,97
,183002,18,2,1,1164,2792,0,0,0,0
,183003,18,2,1,932,1034,3838,0,0,6
,183004,18,2,1,0.98,58.61,5395.85,0,0,106.47
,183005,18,2,1,1707.02,1334.39,2659.15,0,2,26.53
,185001,12,1,1,5303,464,565,0,175,24
,185002,12,1,1,6733,602,98,25,25,18
,185003,12,1,1,2054,573,4036,0,0,11
,185004,12,1,1,1849,534,3262,0,0,148
,185005,12,1,1,2818,1942,593,0,12,82
,185006,12,1,1,1218,431,9382,0,2,10
,187001,18,2,1,1330,755,3901,0,3,56
,187002,18,2,1,2280,1663,601,0,1,42
,187003,18,2,1,2338,2112,1474,0,0,77
,190001,25,3,1,4729,2044,2853,0,1,183
,190002,25,3,1,3250,359,132,0,0,13
,190003,25,3,1,2485,2326,194,1,0,5
,190004,25,3,1,459,898,46,0,0,40
,190005,25,3,1,2124,3187,263,0,21,0
,190006,25,3,1,4123,2990,1366,0,73,107
,190007,25,3,1,691,112,5868,0,2,20
,201001,26,3,1,2028,1166,41,0,33,50
,201002,26,3,1,2521,516,2209,0,0,7
,201003,26,3,1,3024,1730,850,0,0,17
,201004,26,3,1,4149,982,163,0,2,43
,201005,26,3,1,3861,1926,240,0,1,74
,210001,22,3,1,3332,2377,779,0,4,77
,210002,22,3,1,2747,1038,594,0,8,107
,210003,22,3,1,2482,725,1589,0,12,47
,210004,22,3,1,1668,2017,1381,0,3,32
,210005,22,3,1,3509,3874,2765,0,0,127
,210007,22,3,1,1591,2331,435,0,0,4
,210008,22,3,1,1070,16,9,0,0,79
,210009,22,3,1,684,1599,1698,0,4,51
,217001,21,3,1,1956.60,567.15,6715.92,0,4.61,211.34
,217002,21,3,1,3430,2001,4700,190,0,88
,217003,21,3,1,2739,526,4873,0,4,40
,217004,21,3,1,3205,1744,553,0,24,85
,217005,21,3,1,3612,655,394,0,404,101
,217006,21,3,1,1179,29,44,0,69,37
,217007,21,3,1,1295,103,63,0,252,23
,217008,21,3,1,634,528,41,0,0,28
,217009,21,3,1,2166,2252,490,0,10,25
,217010,21,3,1,3293,433,1078,0,7,146
,217011,21,3,1,3020,1576,2146,0,1,55
,217012,21,3,1,589.40,170.85,2023.08,0,1.39,63.66
,219001,23,3,1,2844,1028,5204,245,0,218
,219002,23,3,1,3746,268,2268,0,2,64
,219003,23,3,1,814,48,30,0,0,3
,219004,23,3,1,863,649,25,0,1,11
,219005,23,3,1,2072,139,48,0,131,19
,219006,23,3,1,2805,1902,1663,0,0,13
,219007,23,3,1,1380,342,61,83,184,27
,219008,23,3,1,1090,21,34,0,0,3
,219009,23,3,1,2273,542,1585,0,0,1
,219010,23,3,1,2607,937,3636,4,0,94
,219011,23,3,1,1755,270,42,0,0,16
,219012,23,3,1,2999,827,294,0,7,28
,219013,23,3,1,1194,253,53,0,0,34
,219014,23,3,1,975,328,29,0,26,4
,223001,22,3,1,2096,1081,2998,0,0,64
,223002,22,3,1,2617,3022,893,0,0,12
,223003,22,3,1,3308,650,646,14,6,16
,223004,22,3,1,367,17,21,0,0,12
,223005,22,3,1,3143,1287,2556,0,0,38
,230001,26,3,1,3180,2101,1777,0,0,38
,230003,26,3,1,3959,1051,1856,0,0,60
,230004,26,3,1,1087,1671,2619,242,0,40
,230005,26,3,1,4824,970,1738,0,46,114
,230006,26,3,1,2611,163,799,0,0,16
,230007,26,3,1,4809,654,2856,1,0,64
,230008,26,3,1,2935,1474,1123,6,0,68
,230009,26,3,1,2136,301,854,486,0,157
,230010,26,3,1,4604,720,2200,218,0,100
,240001,25,3,1,971,82,12,0,0,41
,240002,25,3,1,4976,4171,1300,20,2,46
,240003,25,3,1,4993.26,1121.54,403.68,0,1.99,55.68
,240004,25,3,1,1009,854,85,0,0,20
,240005,25,3,1,2601,830,78,0,5,46
,240006,25,3,1,1049,127,0,0,341,14
,240007,25,3,1,5677.07,807.54,662.58,5.26,41,39.52
,240008,25,3,1,3470.12,2404.89,232.36,49.72,0,11.47
,240009,25,3,1,1762.56,2226.02,553.38,0.01,0.01,154.32
,250001,24,3,1,2528,800,4066,0,1,191
,250002,24,3,1,3063,2147,973,0,1,36
,250003,24,3,1,5513,647,512,0,0,37
,250004,24,3,1,5904,1320,432,6,487,92
,250005,24,3,1,4966,1090,504,11,1649,107
,250006,24,3,1,5451,2134,501,0,24,30
,253001,35,5,2,1283.93,1594.17,4266.05,0,1.92,28.28
,253002,35,5,2,10863.70,4080.18,4703.82,0,10.01,213.55
,253003,35,5,2,5543.37,1026.65,509.13,0,2.07,51.17
,253004,35,5,2,5866,2386,788,0,6,81
,253005,35,5,2,4806,2341,83,0,0,23
,259001,34,5,2,4722,797,4056,0,15,349
,259002,34,5,2,1770.32,393.88,4062.18,0,0,42.71
,259003,34,5,2,3596.51,1139.86,2868.65,0,0,102.33
,259004,34,5,2,3451,205,1066,0,1,48
,259005,34,5,2,2730,1611,1638,0,0,53
,259006,34,5,2,5109,2792,362,0,4,85
,259007,34,5,2,3101.49,864.14,66.35,0,0,27.67
,259008,34,5,2,2114.68,421.12,13.82,0,0,13.29
,259009,34,5,2,2771,730,97,0,16,78
,259010,34,5,2,1196,59,27,0,1,23
,259011,34,5,2,3694,1353,1058,0,78,105
,260001,24,3,1,7187,977,1067,0,299,43
,260002,24,3,1,2712,250,152,0,823,3
,260003,24,3,1,3123.30,682.74,57.30,0,149.56,134.02
,260004,24,3,1,6031.70,1053.26,3039.70,9,345.44,124.98
,260005,24,3,1,1725,646,88,0,646,15
,265001,36,5,2,1087,273,3827,93,0,243
,265002,36,5,2,3431,698,1680,25,0,46
,265003,36,5,2,3292,1532,2727,214,0,271
,265004,36,5,2,1579,354,2809,221,0,66
,265005,36,5,2,2325,91,4036,867,2,188
,265006,36,5,2,4565,2353,579,191,2,80
,265007,36,5,2,2620,1691,54,21,0,5
,265008,36,5,2,2043,593,15,14,0,51
,265009,36,5,2,1116,39,25,50,2,14
,265010,36,5,2,949,722,5709,109,0,9
,265011,36,5,2,2658,686,71,24,64,44
,265013,36,5,2,5926,487,128,0,207,30
,265014,36,5,2,2365,594,50,0,0,37
,265015,36,5,2,2370,1030,55,0,0,10
,265016,36,5,2,2180,206,18,0,7,7
,265017,36,5,2,4818,745,397,47,2,138
,265018,36,5,2,1082,15,13,0,0,10
,265021,36,5,2,1094,1839,2010,818,0,34
,269001,35,5,2,3240,1230,366,0,0,80
,269004,35,5,2,4798,1467,1408,0,6,544
,269005,35,5,2,5838,1919,2267,0,8,84
,270001,23,3,1,2715,186,81,0,1472,130
,270002,23,3,1,2169,265,164,0,458,57
,270003,23,3,1,559,11,3,0,5,10
,270004,23,3,1,3573,733,416,0,300,49
,270005,23,3,1,2063,146,31,0,89,8
,270006,23,3,1,4514,1179,414,0,522,63
,270007,23,3,1,1101,38,64,0,322,11
,270008,23,3,1,5113,1994,1000,0,0,168
,270009,23,3,1,942,29,37,0,0,19
,270010,23,3,1,2710,181,20,0,145,6
,270011,23,3,1,2013,177,77,0,569,43
,270012,23,3,1,1131,105,152,0,470,26
,306001,38,5,2,2688,724,434,0,170,22
,306002,38,5,2,2867,356,199,2,424,40
,306003,38,5,2,1779,98,118,0,493,18
,306004,38,5,2,2658,393,381,0,4,37
,306005,38,5,2,878,71,25,0,309,17
,306006,38,5,2,2330,369,186,0,271,37
,306007,38,5,2,3337,1046,1324,0,338,78
,306008,38,5,2,1010,157,69,0,307,18
,306010,38,5,2,1334,15,40,4,75,15
,306011,38,5,2,2086,399,162,0,896,83
,306012,38,5,2,481,12,6,0,166,6
,306013,38,5,2,976,75,32,0,0,12
,316001,37,5,2,5856,1339,3609,17,5,29
,316002,37,5,2,3350,1318,5126,137,0,151
,316003,37,5,2,881,572,4489,1,0,54
,316004,37,5,2,3509,405,92,1,13,10
,316005,37,5,2,3881,685,68,0,6,19
,316006,37,5,2,1625,105,46,0,434,26
,316007,37,5,2,3543,717,683,0,0,95
,316008,37,5,2,2978,244,230,0,0,42
,316009,37,5,2,3649,458,88,0,10,21
,316010,37,5,2,2809,365,93,0,10,53
,316011,37,5,2,3309,1019,756,0,3,59
,316012,37,5,2,3563,469,259,0,0,49
,316013,37,5,2,2702,600,291,0,0,39
,316014,37,5,2,2902,489,112,0,0,22
,316015,37,5,2,550,39,6,0,328,28
,320001,33,5,2,6209,937,315,0,3,120
,320002,33,5,2,4736,1565,2263,49,0,67
,320003,33,5,2,3144,905,835,0,0,31
,320004,33,5,2,2935,488,293,0,184,78
,320005,33,5,2,2992,802,235,0,4,82
,320006,33,5,2,3178,406,51,0,0,23
,320007,33,5,2,2918,570,133,0,0,25
,326001,38,5,2,2813,355,154,0,135,33
,326002,38,5,2,262,40,3,0,36,1
,326003,38,5,2,3347,596,195,0,272,23
,326004,38,5,2,2114,602,303,0,0,15
,326005,38,5,2,1361,111,45,0,254,3
,326006,38,5,2,465,62,0,0,75,2
,326007,38,5,2,827,45,23,0,280,0
,326008,38,5,2,2705,309,158,0,0,9
,326009,38,5,2,3291,1082,408,35,0,125
,326010,38,5,2,1632,100,39,0,5,13
,326011,38,5,2,1338,51,24,0,0,6
,326012,38,5,2,1584,469,1756,0,0,191
,326013,38,5,2,1264,800,1320,0,0,69
,326014,38,5,2,1526,96,45,0,3,8
,326015,38,5,2,3099,344,47,0,0,7
,326016,38,5,2,3728,238,227,0,205,15
,326017,38,5,2,646,65,18,0,62,0
,326018,38,5,2,1886,855,1609,0,2,70
,329001,39,5,2,4576,1677,4910,6,0,342
,329002,39,5,2,821,18,4,0,0,18
,329003,39,5,2,728,79,2,0,0,18
,329004,39,5,2,3607,829,1371,0,0,43
,329005,39,5,2,1237,28,5,0,27,38
,329006,39,5,2,2156,918,3118,0,0,13
,329008,39,5,2,1217,167,122,0,0,20
,329009,39,5,2,1162,42,23,0,0,3
,329010,39,5,2,1274,70,20,0,0,10
,329011,39,5,2,580,103,27,0,0,6
,329012,39,5,2,1063,21,14,0,0,14
,329013,39,5,2,1288,33,75,0,1,17
,329014,39,5,2,686,136,67,1,1,0
,330001,40,5,2,2861,350,78,0,0,20
,330003,40,5,2,1353,388,18,11,0,23
,330004,40,5,2,1533,258,38,0,0,0
,330005,40,5,2,3054,1568,2952,0,23,20
,330006,40,5,2,2476,1002,3695,0,26,33
,330007,40,5,2,1993,136,22,0,209,2
,330008,40,5,2,3035,376,112,0,0,4
,330009,40,5,2,2731,1744,2606,0,0,58
,330010,40,5,2,1425,122,15,0,52,41
,330011,40,5,2,5175,1117,2174,0,80,67
,330012,40,5,2,0,0,0,0,0,0
,330013,40,5,2,1238,130,24,0,4,3
,330017,40,5,2,0,0,0,0,0,0
,330019,40,5,2,3685,1126,8019,19,0,224
,330021,40,5,2,3890,1587,942,0,0,16
,330022,40,5,2,3305,1248,4010,39,0,87
,330024,40,5,2,1291,15,21,0,0,4
,330025,40,5,2,2011,217,53,0,784,5
,336001,33,5,2,4717,858,95,0,1,139
,336002,33,5,2,5108,814,304,2,943,61
,336003,33,5,2,4037,1027,832,0,0,34
,336004,33,5,2,3108,410,130,0,133,52
,340001,39,5,2,4351,749,559,0,0,150
,340002,39,5,2,1476,461,146,0,0,30
,340004,39,5,2,1668,144,23,0,0,9
,340005,39,5,2,2597,714,1940,74,0,105
,340006,39,5,2,3965,545,547,0,0,72
,340008,39,5,2,2888,1037,216,0,6,25
,340010,39,5,2,4378,669,258,2,17,60
,350001,34,5,2,2909,731,90,0,377,128
,350002,34,5,2,2047,162,16,0,326,63
,350003,34,5,2,1135,139,5,0,274,36
,350004,34,5,2,1306,71,11,0,51,20
,350005,34,5,2,1175,53,0,0,0,73
,350006,34,5,2,3186,1132,468,2,0,172
,350008,34,5,2,2569,221,47,0,1,78
,350009,34,5,2,2145,500,65,0,118,26
,350011,34,5,2,2094,696,38,0,0,30
,350012,34,5,2,2852,244,80,0,4,30
,360001,29,5,2,642,45,2,0,36,3
,360003,29,5,2,1933,360,130,0,1,47
,360008,29,5,2,855,46,14,0,3,0
,360011,29,5,2,1905.53,270.13,105.76,0,1,35.48
,360013,29,5,2,3834,1150,1688,0,21,156
,360014,29,5,2,0,0,0,0,0,0
,360019,29,5,2,2832,220,32,0,8,41
,360020,29,5,2,4645,1839,2138,80,0,27
,360021,29,5,2,3629.43,483.86,851.71,0,0,8.49
,360026,29,5,2,453.04,15.00,3.53,0,0,2.04
,360027,29,5,2,400,13,13,0,22,12
,360028,29,5,2,0,0,0,0,0,0
,360029,29,5,2,2189,103,6,0,4,11
,360035,29,5,2,2220,105,6,0,152,17
,360036,29,5,2,2933,305,262,0,22,23
,360037,29,5,2,926,170,497,0,0,101
,370001,32,5,2,3311,769,216,0,1,82
,370002,32,5,2,940,27,4,0,0,50
,370003,32,5,2,1749,166,137,0,1,20
,370004,32,5,2,2309,364,17,0,0,26
,370005,32,5,2,961,10,34,0,0,3
,370006,32,5,2,2272,241,41,0,0,140
,370007,32,5,2,1507,143,0,0,0,22
,370008,32,5,2,3542,1469,110,0,0,20
,370009,32,5,2,1103,329,6,0,2,6
,370010,32,5,2,1483,142,7,0,7,0
,370011,32,5,2,2540,468,282,0,0,6
,370012,32,5,2,540,30,6,0,0,0
,370014,32,5,2,3083,829,68,0,0,20
,370020,32,5,2,3191,450,1207,0,0,46
,370021,32,5,2,200,111,3291,0,0,260
,370022,32,5,2,4186,1709,3842,0,0,71
,370023,32,5,2,3451,743,2067,22,0,29
,370024,32,5,2,3357,664,2386,0,3,51
,370026,32,5,2,2706,131,641,76,2,11
,370027,32,5,2,3835,1307,941,0,0,6
,370028,32,5,2,1147,2044,1889,0,0,24
,370029,32,5,2,743,152,14,0,0,3
,370031,32,5,2,1705,201,62,0,0,5
,370032,32,5,2,1395,391,69,0,563,82
,376001,30,5,2,685,658,3286,37,0,176
,376002,30,5,2,1988,866,1187,131,0,24
,376003,30,5,2,2045,140,1995,0,0,3
,376004,30,5,2,1781,835,1744,103,0,12
,376005,30,5,2,2558,209,57,0,0,20
,376006,30,5,2,1710,103,42,0,0,56
,376007,30,5,2,2715,624,198,0,0,42
,376008,30,5,2,2134,499,210,0,25,40
,376009,30,5,2,1514,32,44,0,1,2
,376010,30,5,2,2506,552,120,0,0,32
,376011,30,5,2,2104,140,44,0,1,13
,376012,30,5,2,2480,170,43,0,0,8
,376013,30,5,2,3844,656,1031,0,0,117
,376014,30,5,2,1386,121,53,0,0,16
,376015,30,5,2,1165,22,11,0,0,10
,376016,30,5,2,2622,634,333,0,54,43
,376017,30,5,2,3010,101,28,10,5,30
,376018,30,5,2,1565,175,42,0,151,20
,376019,30,5,2,2095,267,59,0,963,28
,376020,30,5,2,1014,170,26,0,86,15
,390001,31,5,2,2296,473,2731,51,20,191
,390002,31,5,2,1809,578,1540,0,170,74
,390003,31,5,2,2146,258,375,0,118,8
,390004,31,5,2,2149,423,178,36,62,32
,390005,31,5,2,1142,58,37,0,0,20
,390006,31,5,2,3319,205,175,0,148,18
,390007,31,5,2,1603,414,56,0,0,4
,390008,31,5,2,3586,542,1098,4,110,58
,390009,31,5,2,1356,53,75,0,44,19
,390010,31,5,2,2078,47,131,0,18,50
,390011,31,5,2,866,75,38,0,179,32
,390012,31,5,2,2211,1009,898,0,0,11
,390013,31,5,2,1110,37,64,0,1,10
,390014,31,5,2,620,29,15,0,125,17
,390015,31,5,2,1599,152,141,0,29,39
,390016,31,5,2,1773,192,50,0,24,7
,390017,31,5,2,1681,205,106,0,0,29
,400001,28,4,1,2399,487,188,0,42,142
,400002,28,4,1,2650,152,66,0,23,41
,400003,28,4,1,1740,236,101,0,17,20
,400004,28,4,1,2840,1229,370,0,33,22
,400005,28,4,1,1448,73,17,0,77,9
,400006,28,4,1,4370,738,160,0,34,33
,400007,27,4,1,2490,112,31,0,3,22
,400008,27,4,1,6931,4905,2149,185,40,165
,400009,27,4,1,1964,606,137,0,41,45
,410001,45,6,2,2785,1574,2557,1,1,54
,410002,45,6,2,5077,1394,356,0,8,43
,410003,45,6,2,3494,736,142,0,27,33
,410004,45,6,2,2026,815,339,0,2,5
,410005,45,6,2,1283,174,28,0,63,34
,410006,45,6,2,3016,371,474,0,5,38
,410007,45,6,2,1748,70,34,0,57,9
,410008,45,6,2,2309,435,277,0,2,10
,410009,45,6,2,2327,248,119,0,3,20
,410010,45,6,2,2230,179,56,0,81,46
,410011,45,6,2,1568,51,11,0,0,8
,411001,28,4,1,0,0,0,0,0,0
,420001,44,6,2,3283,1593,1916,0,22,47
,420002,44,6,2,1785,100,27,0,19,11
,420003,44,6,2,821,15,8,0,0,1
,420004,44,6,2,876,20,17,0,14,10
,420005,44,6,2,3079,543,539,0,1,6
,420006,44,6,2,715,17,7,0,0,1
,420007,44,6,2,1287,36,19,0,1,5
,420008,44,6,2,2315,605,275,0,0,17
,420009,44,6,2,1004,56,25,0,0,1
,420010,44,6,2,976,14,33,0,0,8
,420011,44,6,2,4935,835,207,0,0,21
,420012,44,6,2,759,16,3,0,12,2
,420013,44,6,2,2707,440,84,0,1,8
,420014,44,6,2,687,25,11,0,0,1
,420015,44,6,2,1600,104,31,0,0,5
,420016,44,6,2,1630,281,96,2,0,4
,420017,44,6,2,1931,482,161,8,0,25
,420018,44,6,2,1487,134,53,0,3,4
,430001,48,6,2,1537,84,20,0,0,10
,430002,48,6,2,1215,122,60,10,0,28
,430003,48,6,2,1659,287,48,3,0,12
,430004,48,6,2,922,70,40,0,0,5
,430005,48,6,2,0,0,0,0,0,0
,430007,48,6,2,4687,1694,1606,0,23,84
,430008,48,6,2,1631,145,78,0,65,14
,430009,48,6,2,1711,132,126,0,0,32
,430010,48,6,2,0,0,0,0,0,0
,430011,48,6,2,1840,162,59,0,37,17
,430012,48,6,2,1490,142,41,0,11,17
,430013,48,6,2,1357,95,15,0,0,23
,430014,48,6,2,1334,59,54,0,0,27
,430015,48,6,2,5450,1231,1072,29,0,312
,430016,48,6,2,1051,33,32,0,0,18
,430017,48,6,2,1804,212,78,0,0,3
,430018,48,6,2,1874,396,139,0,0,28
,430019,48,6,2,1974,272,37,0,0,41
,430020,48,6,2,3323,401,132,0,2,35
,430021,48,6,2,1604,257,59,0,0,15
,430022,48,6,2,3907,648,110,0,0,37
,440001,46,6,2,1849,88,48,0,77,8
,440002,46,6,2,3483,1440,1411,33,108,101
,440003,46,6,2,2104,103,103,0,1,19
,440004,46,6,2,2024,179,29,0,0,20
,440005,46,6,2,3481,757,334,0,0,14
,440006,46,6,2,3975,1574,391,14,28,16
,450001,46,6,2,1535,104,53,0,18,14
,450002,46,6,2,4468,2524,2315,128,7,128
,450003,46,6,2,2586,517,3341,12,38,15
,450004,46,6,2,1574,746,30,10,0,9
,450005,46,6,2,1010,28,39,0,0,4
,450006,46,6,2,2408,471,97,0,0,10
,450007,46,6,2,480,11,6,0,0,4
,450008,46,6,2,557,22,6,0,0,0
,450009,46,6,2,862,31,20,0,6,1
,450010,46,6,2,1289,410,136,0,0,10
,450011,46,6,2,1224,82,25,0,46,0
,450012,46,6,2,1221,60,26,0,0,0
,450013,46,6,2,1083,124,14,0,0,14
,461001,41,6,2,1229,1142,9173,145,1,649
,461002,41,6,2,3572,2372,4830,2,6,361
,461003,41,6,2,1436,471,2422,0,0,32
,461004,41,6,2,2602,519,6571,73,0,155
,461005,41,6,2,1481,2593,3874,92,0,330
,461006,41,6,2,2569,292,54,0,0,9
,461007,41,6,2,3470,1982,866,0,0,160
,461009,41,6,2,1847,1813,218,0,0,55
,461011,42,6,2,1721,599,9316,477,0,54
,461012,42,6,2,2190,2410,5321,676,0,269
,461013,42,6,2,1054,138,35,0,0,12
,461014,42,6,2,3687,2128,774,59,0,12
,461016,42,6,2,2901,1204,22,0,0,51
,461017,42,6,2,4391,1333,762,0,0,27
,461018,42,6,2,3538,1872,401,0,1,39
,461019,42,6,2,3239,1081,583,18,0,178
,461020,42,6,2,3567,1021,43,0,0,9
,461021,42,6,2,2713,345,20,0,0,95
,461023,43,6,2,1296,875,9650,313,1,209
,461024,43,6,2,4274,683,694,26,0,38
,461025,43,6,2,1761,2909,3020,1338,0,69
,461026,43,6,2,6937,3435,423,0,0,156
,461028,43,6,2,4249,1027,70,0,0,105
,461029,43,6,2,3901,1147,1560,0,0,29
,461030,43,6,2,4528,2356,1662,272,0,266
,461031,43,6,2,2602,835,274,0,0,16
,461032,43,6,2,817,85,30,0,0,30
,461033,43,6,2,3763,935,725,0,0,25
,461035,41,6,2,1268,2771,6745,0,0,160
,461036,41,6,2,1365,1719,1187,187,0,223
,479001,47,6,2,6079,1795,5585,611,4,284
,479002,47,6,2,1819,598,1056,25,0,53
,479003,47,6,2,3094,1369,2873,19,0,20
,479004,47,6,2,1117.09,59.57,13.05,0,18.15,13.05
,479005,47,6,2,3427,460,101,0,6,67
,479006,47,6,2,0,0,0,0,0,0
,479007,47,6,2,1911,578,33,0,0,9
,479008,47,6,2,851.91,45.43,9.95,0,13.85,9.95
,479009,47,6,2,2273,334,116,29,4,16
,479010,47,6,2,3103,318,62,0,36,26
,479011,47,6,2,2000,759,50,0,0,14
,479014,47,6,2,1205,109,47,0,0,9
,479016,47,6,2,1708,194,115,144,0,53
,479017,47,6,2,2104,281,117,2,2,54
,479019,47,6,2,2492,208,51,2,2,46
,479021,47,6,2,1090,53,66,0,0,48
,479023,47,6,2,1274,218,62,0,0,28
,479025,47,6,2,1136,104,95,0,17,71
,479027,47,6,2,1490,245,67,5,5,109
,480001,45,6,2,3320,1430,789,0,81,190
,480002,45,6,2,916,6,5,0,2,2
,480003,45,6,2,2910,28,29,0,282,36
,480004,45,6,2,4933,974,685,2,0,39
,480005,45,6,2,1186,19,0,0,0,44
,480006,45,6,2,1306,94,15,0,0,11
,480007,45,6,2,1286,67,4,0,0,21
,480008,45,6,2,2652,187,44,0,0,19
,480009,45,6,2,1460,80,17,0,0,11
,480010,45,6,2,3491,788,162,0,0,42
,482001,47,6,2,810.07,47.84,19.36,0,15.69,6.50
,482002,47,6,2,2149.91,173.45,33.10,0,44.06,48.69
,482005,47,6,2,3206.02,1450.71,818.54,0,3.25,224.81
,482007,47,6,2,1746.16,120.42,57,0,41.62,30.99
,482011,47,6,2,1231.84,123.58,28,0,43.38,16.01
,492001,48,6,2,1974,512,185,45,1,30
,492002,48,6,2,1831,153,112,0,10,46
,492003,48,6,2,988,30,32,0,6,9
,510001,61,7,2,3159.57,927.06,5892.54,3.27,6,89.92
,510002,61,7,2,3324,1015,2596,0,0,11
,510003,61,7,2,2718.37,350.61,1222.81,39.56,0,6.07
,510004,61,7,2,1115.78,37.72,34.15,0,3.41,11.75
,510005,61,7,2,1026.11,98.80,35.74,0,11.66,8.02
,510006,61,7,2,1556.07,224.11,154.22,0,1.94,8.71
,510007,61,7,2,0,0,0,0,0,0
,510008,61,7,2,1467.93,78.93,88.77,0,57.90,17.25
,510009,61,7,2,2631,275,6,0,0,2
,510010,61,7,2,1352.07,48.07,34.23,0,113.10,24.75
,510011,61,7,2,1040.42,49.26,70.07,0,45,55.31
,510012,61,7,2,875.13,37.30,33.27,0,0,5.36
,510013,61,7,2,1353.06,70.33,83.65,0.16,0,24.01
,510014,61,7,2,1935.45,114.44,115.66,0,0,7.33
,510015,61,7,2,1176,130,9,0,0,3
,510016,61,7,2,942,27,71,0,0,8
,510017,61,7,2,4399.16,1741.30,982.39,0,0,19.80
,510018,61,7,2,2241.88,115.07,138.51,0,0,10.73
,510019,61,7,2,1107,36,52,0,0,2
,510020,61,7,2,2458.26,556,288,0,0,35
,510021,61,7,2,739.18,39.27,15.17,0,0,9.82
,510022,61,7,2,486.56,18.73,1.83,0,0,6.18
,530001,55,7,2,4814,1586,571,45,0,12
,530002,55,7,2,1978,247,111,0,0,16
,530003,55,7,2,1807,195,103,0,0,26
,530004,55,7,2,896,99,15,0,0,6
,530005,55,7,2,952,60,15,0,0,7
,530006,55,7,2,7540,1059,2325,8,1,73
,530007,55,7,2,1802,179,46,0,1,13
,540001,49,7,2,3938,1065,515,26,24,19
,540002,49,7,2,2153,453,94,0,0,3
,540003,49,7,2,2836,454,112,0,0,6
,540004,49,7,2,2141,210,52,0,7,2
,540005,49,7,2,2780,548,409,0,0,28
,540006,49,7,2,2882,360,51,0,28,18
,540007,49,7,2,2181,199,44,0,64,3
,540008,49,7,2,456,66,9,0,24,1
,540009,49,7,2,4321,1738,3154,178,2,29
,540010,49,7,2,3070,1532,3022,496,1,56
,540011,49,7,2,1655,723,4921,173,0,131
,540012,49,7,2,4498,745,797,0,0,14
,540013,49,7,2,2937,290,80,0,0,6
,540014,49,7,2,1671,106,39,0,0,2
,540015,49,7,2,3755,428,355,0,53,25
,540016,49,7,2,5634,923,1362,8,28,30
,540017,49,7,2,914,21,28,0,0,0
,550001,51,7,2,1563,195,99,0,0,14
,550002,51,7,2,690,14,6,0,0,8
,550003,51,7,2,541,13,8,0,0,3
,550004,51,7,2,1356,204,116,0,0,24
,550007,51,7,2,531,11,11,0,0,6
,550008,51,7,2,1014,55,39,0,0,11
,550012,51,7,2,2297,607,275,1,0,29
,550014,51,7,2,1266,25,85,0,0,31
,550015,51,7,2,683,59,27,0,0,4
,550016,51,7,2,929,26,9,0,0,14
,550017,51,7,2,1837,163,97,0,0,20
,550018,51,7,2,665,22,21,0,63,3
,550019,51,7,2,532,22,0,0,0,15
,550021,51,7,2,662,18,23,0,0,4
,550023,51,7,2,3173,453,337,5,0,65
,550024,51,7,2,983,16,26,0,0,27
,550025,51,7,2,4583,1253,2193,37,0,118
,550027,51,7,2,1030,41,22,0,0,7
,550029,51,7,2,947,51,16,0,0,1
,550051,51,7,2,462,41,15,0,17,24
,550061,51,7,2,2860,426,402,0,0,19
,550071,51,7,2,618,6,16,0,0,10
,561002,52,7,2,1874,148,10453,0,0,199
,561003,52,7,2,347,88,2141,56,0,3
,561004,52,7,2,1661,562,2145,0,0,35
,561005,52,7,2,2676,630,3538,77,0,7
,561006,52,7,2,2870,1424,1857,377,0,9
,561007,52,7,2,2768,460,2068,0,0,19
,561008,53,7,2,1996,180,39,0,0,19
,561011,52,7,2,2920,195,1090,0,0,23
,561012,53,7,2,3089,303,40,0,0,24
,561015,52,7,2,5517,1110,515,0,6,6
,561016,53,7,2,6147,1150,236,0,92,50
,561017,53,7,2,1473,95,15,0,0,10
,561020,53,7,2,3121,367,52,0,2,16
,561021,52,7,2,1688,310,2059,0,0,0
,561022,52,7,2,1808,477,768,0,66,53
,561023,52,7,2,1900,1398,481,0,1,0
,561024,53,7,2,2986,803,363,0,0,16
,561025,53,7,2,8659,941,949,13,2,49
,561028,53,7,2,7049,2101,1854,29,12,109
,561032,53,7,2,1862,77,84,0,0,27
,561033,53,7,2,2607,81,100,0,0,9
,561035,53,7,2,0,0,0,0,0,0
,561038,53,7,2,1564,32,28,0,0,10
,561040,53,7,2,3141,300,209,0,0,18
,563001,52,7,2,1900,907,153,0,134,30
,563002,52,7,2,282,41,5,0,31,5
,573001,54,7,2,8317,2318,3441,10,0,255
,573004,54,7,2,1071,34,22,0,0,6
,573005,54,7,2,741,78,19,0,0,12
,573006,54,7,2,888,8,23,0,0,15
,573007,54,7,2,1516,94,10,0,3,20
,573008,54,7,2,1081,64,17,0,0,4
,573009,54,7,2,1205,76,28,0,0,17
,573010,54,7,2,1308,66,19,0,0,11
,573013,54,7,2,1827,223,115,0,61,30
,573014,54,7,2,681,9,41,0,72,34
,573015,54,7,2,1453,150,47,0,6,30
,573018,54,7,2,3038,391,107,0,125,92
,573019,54,7,2,299,29,30,0,149,62
,573022,54,7,2,1118,106,11,0,0,12
,573023,54,7,2,1354,157,75,0,0,20
,573024,54,7,2,608,51,14,0,0,4
,573026,54,7,2,1444,71,22,0,0,29
,573027,54,7,2,936,90,25,0,0,8
,573028,54,7,2,1236,88,47,1,0,12
,573030,54,7,2,4757,533,526,0,0,80
,573031,54,7,2,1682,202,128,0,0,34
,573032,54,7,2,1458,127,106,3,30,22
,573033,54,7,2,744,42,49,0,0,1
,575001,55,7,2,4551,681,409,0,0,28
,575002,55,7,2,752,54,8,0,0,22
,575003,55,7,2,2790,645,227,0,0,55
,575004,55,7,2,1103,49,14,0,0,2
,575005,55,7,2,1149,96,28,0,1,10
,575006,55,7,2,524,40,15,0,1,0
,575007,55,7,2,2546,528,340,14,0,44
,575008,55,7,2,907,42,23,0,0,3
,575009,55,7,2,2051,295,174,0,7,43
,575010,55,7,2,717,11,21,0,0,3
,575011,55,7,2,1527,167,136,0,0,29
,575012,55,7,2,444,12,13,0,2,4
,575013,55,7,2,748,14,21,0,0,9
,575014,55,7,2,5463,2108,1544,0,0,72
,575015,55,7,2,686,9,2,0,0,0
,575016,55,7,2,2836,294,273,0,0,26
,575017,55,7,2,1400,103,10,0,0,9
,575018,55,7,2,1367,124,53,0,0,7
,575019,55,7,2,1887,219,93,0,1,7
,580001,50,7,2,873,32,30,0,0,4
,580002,50,7,2,845,30,54,0,0,9
,580003,50,7,2,4917,1364,446,0,0,52
,580004,50,7,2,3932,320,115,0,80,16
,580005,50,7,2,1754,148,50,0,0,11
,580006,50,7,2,903,28,23,4,0,6
,580007,50,7,2,2008,187,60,0,0,13
,580008,50,7,2,2221,112,107,0,1,17
,580009,50,7,2,1940,148,131,0,1,11
,580010,50,7,2,1180,60,56,0,2,10
,580011,50,7,2,2326,196,82,0,0,17
,580012,50,7,2,2464,618,329,0,0,102
,580013,50,7,2,1927,186,53,0,0,29
,580014,50,7,2,3696,327,180,14,11,59
,580015,50,7,2,3741,782,567,0,0,43
,580016,50,7,2,3812,790,4501,115,0,152
,580017,50,7,2,2101,596,1314,77,0,24
,580018,50,7,2,1240,927,1049,0,0,3
,607001,58,7,2,6724,1923,5419,0,65,208
,607002,58,7,2,1440,68,30,0,0,2
,607003,58,7,2,7330,1814,341,0,0,113
,607004,58,7,2,763,43,7,0,0,4
,607005,58,7,2,4973,548,107,0,6,6
,607006,58,7,2,4554,1444,5204,0,0,19
,607007,58,7,2,1738,127,9,0,18,18
,607008,58,7,2,59,692,5505,0,0,56
,615001,71,8,3,1362,331,4907,25,0,10
,615002,71,8,3,2036,701,3725,68,0,142
,615003,71,8,3,2161,185,7586,305,13,267
,615004,71,8,3,0,0,0,0,0,0
,615005,71,8,3,2898,145,2701,76,2,65
,615006,71,8,3,8508,779,488,0,0,124
,615007,71,8,3,5511,223,223,0,0,10
,615008,71,8,3,3386,330,30,0,0,23
,615009,71,8,3,2842,331,121,0,0,30
,615010,71,8,3,2755,593,228,0,0,50
,615011,71,8,3,5898,391,305,0,0,5
,615012,71,8,3,3753,200,114,0,0,13
,615013,71,8,3,3586,375,725,4,7,46
,615014,71,8,3,1818,34,26,0,2,7
,615015,71,8,3,1030,42,30,0,1,6
,615016,71,8,3,3182,228,214,0,0,42
,615017,71,8,3,2469,371,189,0,0,10
,615018,71,8,3,3187,283,185,0,0,14
,615019,71,8,3,1578,118,22,0,0,73
,615020,71,8,3,711,4,7,0,0,0
,615021,71,8,3,190,118,2202,320,0,28
,615022,71,8,3,477,24,0,0,3,3
,621001,59,7,2,1899,392,5026,55,0,155
,621002,59,7,2,1428,804,3415,0,0,87
,621003,59,7,2,2593,1112,2539,0,0,5
,621004,59,7,2,5963,1713,842,0,26,68
,621005,59,7,2,3948,956,396,0,0,6
,621006,59,7,2,4439,577,111,0,6,12
,621007,59,7,2,4958,558,367,25,0,37
,621008,60,7,2,1599,270,4630,0,0,15
,621009,60,7,2,3952,829,4065,0,1,26
,621010,60,7,2,4821,679,617,21,0,68
,621011,60,7,2,4051,723,76,0,0,63
,621012,60,7,2,3872,426,134,1,97,35
,621013,60,7,2,2241,662,224,0,0,26
,621014,60,7,2,5677,933,766,0,0,57
,621015,60,7,2,5616,618,621,0,107,38
,630001,57,7,2,2324,447,458,0,21,110
,630002,57,7,2,4669,1751,261,0,15,97
,630003,57,7,2,1749,66,27,0,210,7
,630004,57,7,2,2167,114,30,0,0,37
,630005,57,7,2,1761,164,23,3,0,20
,630006,57,7,2,2916,362,282,0,1,107
,630007,57,7,2,902,37,15,0,0,16
,630008,57,7,2,1901,57,90,0,0,20
,630009,57,7,2,2945,260,12055,14,3,415
,630010,57,7,2,1140,93,73,0,0,12
,630011,57,7,2,3478,873,314,0,2,36
,630012,57,7,2,2770,77,867,0,2,43
,630013,57,7,2,1314,734,1346,0,0,12
,630014,57,7,2,1674,139,1176,0,0,4
,630015,57,7,2,132,111,4220,0,8,25
,630016,56,7,2,2182,361,7,0,0,15
,630017,56,7,2,4558,708,650,0,4,45
,630018,56,7,2,2063,191,142,0,12,25
,630019,56,7,2,1155,131,84,0,2,16
,630020,56,7,2,1066,39,80,0,0,19
,630021,56,7,2,1031,3,22,0,1,9
,630022,56,7,2,479,6,9,0,0,1
,630023,56,7,2,1525,83,36,0,0,10
,630024,56,7,2,3251,717,192,135,1,110
,630025,56,7,2,1782,19,37,0,0,38
,630026,56,7,2,1370,179,65,0,0,17
,630027,56,7,2,1877,233,102,1,0,9
,630028,56,7,2,1533,64,41,0,1,10
,630029,56,7,2,1386,70,57,0,1,19
,630030,56,7,2,3355,859,3462,0,0,47
,630031,56,7,2,1808,376,41,0,1,22
,630032,56,7,2,6527,1142,1233,0,0,30
,630033,56,7,2,1374,143,1034,0,0,81
,630034,56,7,2,3575,355,572,0,0,20
,657001,80,9,3,9851,2260,13812,271,0,374
,657002,80,9,3,1194,112,17,0,0,22
,657005,80,9,3,2743,239,364,0,1,72
,657006,80,9,3,877,28,11,0,10,11
,657007,80,9,3,5527,717,187,0,0,16
,657008,80,9,3,1944,111,174,0,0,90
,657009,80,9,3,893,8,52,0,0,27
,657011,80,9,3,751,14,12,0,0,1
,657013,81,9,3,3402,271,519,0,0,18
,657014,81,9,3,760,29,24,0,0,0
,657015,81,9,3,837,180,960,0,0,2
,657016,81,9,3,1029,89,15,0,0,2
,657017,81,9,3,5940,1273,1090,430,0,58
,657018,81,9,3,699,45,5,0,0,0
,657019,81,9,3,859,18,57,0,0,5
,657020,81,9,3,479,18,0,0,0,1
,657021,81,9,3,821,46,15,0,0,0
,657022,81,9,3,879,84,13,0,0,3
,657023,81,9,3,4127,793,282,24,2,17
,657024,81,9,3,3589,516,515,0,71,41
,657025,81,9,3,1273,59,26,0,0,10
,657026,81,9,3,4185,895,1025,18,0,27
,657027,81,9,3,3316,493,587,9,0,42
,657028,81,9,3,484,5,7,0,0,2
,657029,81,9,3,1592,72,51,0,0,1
,657030,81,9,3,1053,53,79,0,0,18
,661001,82,9,3,9848,1568,6036,0,25,274
,661002,82,9,3,4592,921,41,0,0,2
,661003,82,9,3,2110,96,77,0,0,5
,661004,82,9,3,3885,836,24,0,3,14
,661005,82,9,3,6373,4013,3739,0,38,15
,661006,82,9,3,4717,273,605,0,51,21
,661007,82,9,3,1889,45,57,0,0,1
,661008,82,9,3,2744,318,205,104,0,26
,661009,82,9,3,1588,160,167,0,0,31
,661010,82,9,3,896,31,19,0,93,15
,665001,73,9,3,4398,628,1658,0,0,73
,665002,73,9,3,2131,126,91,156,0,24
,665003,73,9,3,1832,141,24,0,72,10
,665004,73,9,3,1853,64,19,0,1,7
,665005,73,9,3,1186,22,48,0,16,25
,665006,73,9,3,1344,61,19,0,0,5
,665007,73,9,3,1597,237,89,8,1,33
,665008,73,9,3,1531,128,24,0,25,15
,671001,73,9,3,4250,884,2941,92,0,113
,671002,73,9,3,1483,348,349,0,0,0
,671003,73,9,3,1493,114,53,0,26,10
,671004,73,9,3,1508,141,44,0,53,16
,671005,73,9,3,1690,157,24,0,4,14
,671006,73,9,3,2066,58,54,0,0,8
,671007,73,9,3,2682,152,127,0,51,31
,706001,66,8,3,5381,1309,1117,67,699,74
,706002,66,8,3,3133,216,48,2,368,16
,706003,66,8,3,1873,125,81,4,144,3
,706004,66,8,3,2831,294,239,0,50,44
,706005,66,8,3,3910,436,416,0,24,40
,706006,66,8,3,5728,1504,707,0,35,28
,706007,66,8,3,3085,375,222,2,0,18
,706008,66,8,3,6241,845,578,113,355,167
,707001,66,8,3,6424,1185,2047,137,21,114
,707002,66,8,3,0,0,0,0,0,0
,707003,66,8,3,2235,117,149,0,3,23
,707004,66,8,3,3085,1363,1961,182,205,73
,707005,66,8,3,3106,295,71,0,241,92
,707006,66,8,3,1910,176,47,0,0,15
,707007,66,8,3,2561,268,126,0,98,51
,707008,66,8,3,2107,100,249,8,0,60
,707009,66,8,3,3456,561,203,0,0,160
,707010,66,8,3,1536,136,51,0,65,16
,710001,69,8,3,4222,656,859,27,0,24
,710002,69,8,3,2991,303,549,0,0,33
,710003,69,8,3,2253,142,29,0,0,7
,710004,69,8,3,5188,1265,1197,0,0,18
,710005,69,8,3,2007,38,62,0,0,9
,710006,69,8,3,3388,915,489,0,0,84
,710007,69,8,3,3398,789,204,0,0,10
,710008,69,8,3,1473,334,27,0,0,0
,710009,69,8,3,3483,343,205,0,1,20
,710010,69,8,3,3237,306,224,0,3,14
,710011,69,8,3,1868,110,50,0,1,14
,710012,69,8,3,2573,336,166,0,0,2
,710013,69,8,3,1048,123,60,0,0,7
,710014,69,8,3,1067,124,3,0,0,19
,727001,70,8,3,7630,2344,3348,1,10,147
,727002,70,8,3,460,12,1,0,0,22
,727003,70,8,3,1302,48,31,0,326,34
,727004,70,8,3,1234,20,15,18,60,9
,727005,70,8,3,1631,212,140,0,25,6
,727006,70,8,3,1001,94,27,0,0,32
,727007,70,8,3,1186,31,55,0,21,51
,727008,70,8,3,1168,33,26,0,1,32
,727009,70,8,3,0,0,0,0,0,0
,727010,70,8,3,0,0,0,0,0,0
,730001,68,8,3,2318,396,384,0,0,39
,730002,68,8,3,2607,422,22,0,0,21
,730004,68,8,3,848,7,12,0,0,10
,730005,67,8,3,1353,130,92,0,0,6
,730006,67,8,3,1004,74,19,0,10,24
,730007,67,8,3,1267,150,11,0,2,5
,730008,67,8,3,2274,289,58,0,2,58
,730009,67,8,3,1532,44,5,0,0,6
,730010,67,8,3,1273,105,19,0,0,8
,730011,67,8,3,3150.63,888.16,936.67,0,0,72.28
,730012,67,8,3,2321,566,17,0,0,29
,730013,67,8,3,3312,831,57,0,0,57
,730014,67,8,3,2291,321,45,0,0,8
,730015,67,8,3,846,47,11,0,0,6
,730016,68,8,3,1019,92,12,0,0,15
,730017,68,8,3,1135,104,59,0,0,7
,730021,68,8,3,2214,191,25,0,0,27
,730024,68,8,3,673.37,279.84,4304.33,7,0,25.72
,730025,68,8,3,931,40,2897,0,0,10
,730026,67,8,3,2356,475,2719,141,0,22
,730027,67,8,3,1042,532,4348,0,0,4
,730028,68,8,3,38,139,4511,0,0,257
,730029,67,8,3,3358,355,3318,15,4,8
,730030,67,8,3,1504,408,2013,0,0,55
,730031,68,8,3,5445,756,1760,0,0,92
,730032,68,8,3,1965,576,1602,0,2,66
,730033,68,8,3,1407,622,100,0,0,21
,730034,68,8,3,3172,232,85,0,3,119
,730036,68,8,3,3495,721,73,0,0,96
,730037,68,8,3,909,63,4,0,0,10
,740001,77,9,3,2667,317,299,0,43,20
,740002,77,9,3,2278,534,241,0,51,17
,740003,77,9,3,1687,210,222,0,82,7
,740004,77,9,3,1790,201,116,16,2,28
,740005,77,9,3,1157,108,41,0,46,3
,740006,77,9,3,4350,2174,946,12,0,48
,740007,77,9,3,3960,726,1065,0,1,30
,740008,77,9,3,996,227,11,0,0,7
,740009,77,9,3,1275,53,34,0,2,5
,740010,77,9,3,1206,199,48,0,1,16
,740011,77,9,3,1495,334,98,0,6,8
,740012,77,9,3,910,41,4,0,0,9
,740013,77,9,3,3765,670,2,0,20,3
,740014,77,9,3,1009,71,13,0,0,2
,740015,77,9,3,1486,273,25,0,0,2
,740016,77,9,3,2644,209,64,0,0,40
,740017,77,9,3,1228,71,27,0,1,3
,740018,77,9,3,1779,227,25,0,0,13
,740021,78,9,3,3417,926,143,0,0,52
,740022,78,9,3,1880,183,83,0,10,15
,740023,78,9,3,4099,637,571,0,7,36
,740024,78,9,3,1049,132,13,0,2,3
,740025,78,9,3,460,10,11,0,0,10
,740026,78,9,3,373,147,1911,77,0,2
,740027,78,9,3,1956,826,489,0,15,15
,740028,78,9,3,2460,553,1293,0,0,7
,740029,78,9,3,2912,694,3673,1,0,40
,740030,78,9,3,3043,521,176,0,2,35
,740031,78,9,3,2916,592,5680,0,0,189
,740032,78,9,3,2810,498,132,0,75,12
,741001,70,8,3,2626,330,167,3,54,68
,741002,70,8,3,330,40,8,2,22,7
,746001,70,8,3,2186,126,27,0,0,0
,746002,70,8,3,4485,1097,562,0,0,36
,746003,70,8,3,1741,213,45,1,12,54
,746004,70,8,3,5843,2237,1129,0,2,20
,746005,70,8,3,3084,335,193,0,3,39
,746006,70,8,3,4647,1544,3570,9,37,70
,746007,70,8,3,4064,1811,1384,0,0,22
,746008,70,8,3,5374,1500,665,0,10,107
,746009,70,8,3,4345,720,144,0,0,24
,746010,70,8,3,3688,626,349,0,0,13
,746011,70,8,3,1951,201,34,0,0,5
,746012,70,8,3,2196,80,10,0,1,7
,751001,62,8,3,808,390,14846,429,1,48
,751002,62,8,3,2,17,7511,0,0,19
,751003,62,8,3,3319,2751,2669,0,20,15
,751004,62,8,3,3131,673,2002,71,0,15
,751006,62,8,3,4791,4509,610,0,0,145
,751007,62,8,3,4080,254,3039,0,0,4
,751008,63,8,3,3485,1739,6730,979,22,45
,751009,62,8,3,2457,1710,554,5,6,13
,751010,65,8,3,44.58,184.70,8814.28,202.65,0.11,120.14
,751011,62,8,3,3167,1869,248,0,239,36
,751012,62,8,3,3641,1927,189,3,0,6
,751013,62,8,3,4658,905,307,0,1,20
,751014,62,8,3,13.86,58.33,2899.04,68.53,0,24.59
,751016,63,8,3,748,66,14,0,0,9
,751018,63,8,3,3289,3336,743,0,0,18
,751019,63,8,3,2664,2404,240,0,1,15
,751020,65,8,3,44.09,162.26,5098.57,74.37,0.88,410.94
,751021,65,8,3,100.47,369.71,11617.11,169.45,2.01,936.33
,751022,64,8,3,2525,570,1355,0,0,22
,751023,64,8,3,3674,1806,4494,0,2,23
,751024,64,8,3,4772,1775,1648,0,0,149
,751025,63,8,3,801,345,7859,4,0,165
,751026,63,8,3,3501,793,1135,1277,0,12
,751027,63,8,3,4,37,7065,308,0,20
,751028,63,8,3,3500,2651,3622,0,0,40
,751030,63,8,3,3541,947,363,0,0,12
,751031,63,8,3,609,80,13,0,0,0
,751033,63,8,3,2433,1328,400,0,0,12
,751041,65,8,3,174,328,7397,557,0,102
,751042,64,8,3,1064,777,11103,38,0,24
,751043,64,8,3,367,109,6831,602,0,3
,751044,64,8,3,749,584,301,13,19,115
,751045,64,8,3,7754,1266,1313,69,1,54
,751047,65,8,3,6831,3852,1331,72,0,32
,751048,65,8,3,1915,1959,100,44,0,3
,751049,65,8,3,2909,1504,704,12,2,73
,751050,65,8,3,3419,1014,215,0,783,34
,751051,65,8,3,6248,2633,564,115,0,25
,751053,64,8,3,1973,596,1059,0,0,23
,751055,64,8,3,818,281,46,0,0,0
,751056,64,8,3,1790,283,7,0,0,6
,751061,65,8,3,588,2468,7173,1815,0,31
,751062,63,8,3,447,59,4317,111,0,21
,751063,63,8,3,2669,1649,8027,802,3,1
,751064,63,8,3,2593,959,4075,233,4,60
,751065,65,8,3,3444,2887,2426,0,2,9
,751066,62,8,3,3062,1351,1889,0,1,9
,751067,64,8,3,1305,508,4106,461,0,38
,751068,64,8,3,844,811,1920,0,0,30
,756001,79,9,3,1977,245,156,0,13,16
,756002,79,9,3,1106,37,6,0,0,0
,756003,79,9,3,1903,284,158,0,0,19
,756004,79,9,3,945,46,62,0,0,0
,756005,79,9,3,6468,582,1638,2,0,85
,756006,79,9,3,881,14,34,0,1,7
,756007,79,9,3,10870,2093,3567,125,0,259
,756008,79,9,3,1009,84,6,0,0,34
,756009,79,9,3,2978,412,201,0,21,14
,756010,79,9,3,2540,380,66,4,3,18
,760001,83,9,3,4152.85,741.92,385.40,9.93,41.75,30.17
,760002,83,9,3,1043,70,22,0,149,21
,760004,83,9,3,912.88,89.42,41.36,4.07,0,5.74
,760007,83,9,3,2079.27,57.67,74.24,0,95.25,29.08
,760010,83,9,3,2741,384,92,0,83,68
,760012,83,9,3,1066,157,30,0,0,19
,760014,83,9,3,5638,1680,1855,195,0,158
,760016,83,9,3,1411,80,29,0,2,16
,760021,83,9,3,1796,270,71,6,0,16
,760022,83,9,3,2167,126,67,11,11,47
,760024,83,9,3,5531,1148,1363,10,0,122
,760025,83,9,3,1206,104,40,0,0,20
,760027,83,9,3,2505,72,40,0,0,34
,760028,83,9,3,1083,46,20,0,61,20
,760030,83,9,3,3757,700,442,0,0,53
,760032,83,9,3,1243,84,23,0,0,19
,760033,83,9,3,2360,158,21,0,0,13
,760035,83,9,3,3524,289,85,0,0,50
,766001,72,8,3,6803,1126,775,0,0,104
,766002,72,8,3,3338,432,571,0,0,16
,766003,72,8,3,2041,78,41,0,0,20
,766004,72,8,3,1529,75,56,0,1,19
,766005,72,8,3,554,48,8,0,0,22
,766006,72,8,3,1355,18,24,0,2,7
,766007,72,8,3,3407,509,741,1,227,53
,766010,72,8,3,1575,103,19,0,5,13
,766011,72,8,3,1417,48,65,11,0,6
,766012,72,8,3,1474,167,246,0,2,31
,766013,72,8,3,1591,152,61,7,1,24
,766014,72,8,3,1426,18,37,0,0,29
,766015,72,8,3,2036,70,31,3,113,20
,766017,72,8,3,2552,109,117,0,0,10
,766020,72,8,3,1768,98,75,0,0,11
,766021,72,8,3,2200,585,331,0,0,38
,766022,72,8,3,1341,213,110,7,0,2
,766023,72,8,3,1263,45,22,0,0,11
,766024,72,8,3,932,51,27,0,0,2
,773001,87,10,3,1302,30,13,0,6,11
,773002,87,10,3,4152.71,148.96,50.83,0,6.97,23
,773003,87,10,3,2484.61,82.22,18,0,30,10.44
,773004,87,10,3,1905,57,11,0,7,6
,773005,87,10,3,5871.68,1799.83,2072.17,20,23.03,104.56
,779020,74,9,3,665,35,32,0,29,6
,779021,74,9,3,12847,2066,7038,11,3,160
,779022,74,9,3,4817,274,209,0,147,2
,779023,74,9,3,3233,277,89,0,0,3
,779024,74,9,3,3368,174,63,0,87,24
,779025,74,9,3,2740,285,186,0,38,14
,779026,74,9,3,3243,352,150,0,6,11
,779027,74,9,3,2919,111,46,0,87,4
,787001,87,10,3,9425.62,1851.29,3663.78,0,2,114.55
,787002,87,10,3,3084.34,179.23,177.91,0,5.30,23.19
,787003,87,10,3,3416.98,406.67,343.82,0,27.59,49.16
,787004,87,10,3,2367.51,394.14,178.5,0,0,25.39
,787005,87,10,3,2822.73,101.65,138.77,3,3,7.23
,787006,87,10,3,1041,35,8,0,12,5
,787007,87,10,3,1674.84,67.01,85.45,0,30.77,10.67
,787008,87,10,3,1780.48,70.10,83.69,0,8.18,14.30
,787009,87,10,3,1575.20,57.82,59.43,0,0,0.28
,787010,87,10,3,1186,86,20,0,22,5
,787011,87,10,3,793.59,56.46,41.07,0,42.70,8.76
,787012,87,10,3,1993.70,110.23,80.04,0,2.46,9.87
,787013,87,10,3,1085.00,83.41,21.53,0,0,3.61
,787014,87,10,3,1175,95,10,0,0,5
,787015,87,10,3,818,126,10,0,56,44
,791001,75,9,3,2684,461,90,16,0,29
,791002,75,9,3,3053,388,28,0,4,49
,791003,75,9,3,2510,512,366,0,1,23
,791004,75,9,3,3133,177,170,0,78,5
,791005,75,9,3,2242,98,74,0,0,19
,791006,75,9,3,2973,263,205,0,2,12
,791007,75,9,3,2128,96,35,0,1,20
,791008,75,9,3,14478,3157,11801,356,4,341
,791009,76,9,3,7747,909,1284,0,21,42
,791011,76,9,3,2207,105,73,0,2,11
,791012,76,9,3,4132,393,176,0,2,17
,791013,76,9,3,8990,2620,1697,82,7,67
,791014,76,9,3,3275,317,87,0,0,2
,791015,76,9,3,2967,200,386,0,3,12
,791016,76,9,3,3199,281,213,0,53,19
,791017,76,9,3,2787,286,159,0,0,9
,810001,86,10,3,791,32,38,0,0,1
,810002,86,10,3,1475,117,86,0,28,33
,810003,86,10,3,4060,445,503,0,0,56
,810004,86,10,3,1204,52,51,0,0,8
,810005,86,10,3,3814,557,260,0,0,47
,810006,86,10,3,1798,72,61,0,0,29
,810010,86,10,3,8440,1585,2865,0,0,231
,810034,86,10,3,681,30,10,0,0,2
,810040,86,10,3,1234,26,0,0,0,4
,810050,86,10,3,1504,73,30,0,0,15
,810056,86,10,3,618,7,31,0,0,5
,810070,86,10,3,2198,78,102,0,0,9
,810080,86,10,3,833,49,16,0,0,10
,813001,84,10,3,5026,1999,914,0,32,28
,813002,84,10,3,1386,226,43,0,76,22
,813003,84,10,3,735,36,10,0,78,11
,813004,84,10,3,1603,24,9,0,0,11
,813005,84,10,3,2189,135,113,0,46,7
,813006,84,10,3,12797,3165,7554,168,53,139
,813007,84,10,3,1764,43,9,0,0,31
,813008,84,10,3,1852,110,9,0,0,1
,813009,84,10,3,7153,1132,1244,0,74,44
,813010,84,10,3,957,36,100,0,4,2
,813011,84,10,3,761,17,17,0,0,6
,813012,84,10,3,750,4,17,0,1,0
,813013,84,10,3,1619,68,73,0,156,9
,813014,84,10,3,605,17,33,0,0,11
,813015,84,10,3,1993,119,163,0,1,14
,820001,88,10,3,3149,369,438,14,0,15
,820002,88,10,3,3810,645,480,0,0,36
,820003,88,10,3,688,26,9,0,33,5
,820004,88,10,3,6617,1162,1582,14,0,131
,820005,88,10,3,1375,36,32,0,92,39
,820006,88,10,3,1088,26,27,0,0,0
,820007,88,10,3,1722,57,78,1,3,4
,820008,88,10,3,1562,98,130,0,25,20
,820009,88,10,3,1021,64,50,0,14,25
,820010,88,10,3,3406,630,845,0,0,9
,820011,88,10,3,1538,83,126,0,12,70
,820012,88,10,3,1309,19,13,0,0,9
,820013,88,10,3,852,28,39,0,99,7
,820014,88,10,3,770,17,29,0,0,5
,825015,84,10,3,1512,144,39,0,66,25
,840001,88,10,3,7171,1304,1066,0,1,165
,840002,88,10,3,3422,439,338,0,0,94
,840003,88,10,3,1914,132,183,0,0,33
,840004,88,10,3,2449,173,95,0,0,70
,840005,88,10,3,2578,219,117,0,1,73
,840006,88,10,3,1180,108,51,0,0,32
,840007,88,10,3,1830,84,31,0,0,48
,840008,88,10,3,1342,91,54,0,0,50
,840009,88,10,3,876,33,22,0,0,9
,840010,88,10,3,1478,42,13,0,0,10
,840011,88,10,3,658,6,12,0,2,14
,846002,89,10,3,1939,254,58,0,23,7
,846003,89,10,3,3128,537,270,0,24,76
,846004,89,10,3,2974,411,333,0,0,9
,846008,89,10,3,2100,162,41,0,6,5
,846009,89,10,3,2163,105,54,0,0,10
,846011,89,10,3,4879,630,1138,0,0,57
,846014,89,10,3,946,33,88,0,0,3
,846018,89,10,3,1831,199,107,0,257,5
,846020,89,10,3,3308,218,35,0,0,10
,846022,89,10,3,1856,289,45,0,0,4
,846027,89,10,3,5957,1333,3803,0,0,80
,849001,86,10,3,5170,876,394,2,0,95
,849002,86,10,3,1770,138,15,0,0,4
,849003,86,10,3,1576,105,17,0,0,19
,849004,86,10,3,1093,100,17,0,0,3
,849005,86,10,3,1034,79,12,0,27,25
,849006,86,10,3,518,26,18,0,82,26
,849007,86,10,3,516,9,21,0,0,8
,849008,86,10,3,2242,456,309,0,0,34
,849009,86,10,3,1270,57,34,0,0,10
,849010,86,10,3,615,15,0,0,0,3
,849011,86,10,3,971,35,13,0,52,28
,849012,86,10,3,1447,46,51,0,0,20
,849013,86,10,3,3031,552,485,7,79,60
,849014,86,10,3,1217,42,10,0,31,23
,849015,86,10,3,1067,17,3,0,0,5
,849016,86,10,3,1190,11,13,0,0,8
,849018,86,10,3,5052,682,378,0,1,37
,849020,86,10,3,929,196,109,0,311,19
,849021,86,10,3,1011,78,65,0,70,32
,851003,92,10,3,1912.93,537.08,4733.72,0,0,47.19
,851004,92,10,3,1492.07,418.92,3692.28,0,0,36.81
,851005,92,10,3,3809,1040,5881,0,12,101
,851007,92,10,3,2377,343,192,0,0,31
,851009,92,10,3,2524.85,517.90,56.22,0,1.77,48.25
,851010,92,10,3,3179.15,652.10,70.78,0,2.23,60.75
,851011,92,10,3,5090,1611,407,0,1,214
,851012,92,10,3,184.31,62.26,3535.98,19.93,1.64,164.65
,851014,91,10,3,306,121,3918,54,7,92
,851015,91,10,3,89,49,7265,45,0,28
,851016,92,10,3,490.69,165.74,9414.02,53.07,4.36,438.35
,851017,91,10,3,3677,1085,3572,0,0,73
,851018,91,10,3,2919,909,1681,0,0,155
,851019,91,10,3,4951.79,1739.70,1711.89,42.34,0,33.49
,851020,91,10,3,2884.21,1013.30,997.11,24.66,0,19.51
,851022,91,10,3,4829,437,130,0,264,50
,851024,91,10,3,5144,2028,208,0,0,146
,851027,90,10,3,618.02,236.08,7463.01,54.44,0,94.96
,851028,90,10,3,7.28,27.57,6434.90,44.73,0,96.23
,851029,90,10,3,2616.42,1826.08,4619.89,473.07,0,105.19
,851030,90,10,3,1442.14,428.10,3615.80,0,0,9.37
,851031,90,10,3,4219,1360,2493,147,0,40
,851032,90,10,3,2473,1208,531,0,95,108
,851033,90,10,3,3952,774,192,0,0,41
,851034,90,10,3,4710.70,1406.37,668.19,0,0,85.11
,851035,90,10,3,4546,1023,72,0,117,58
,851036,90,10,3,1656.43,1147.81,2891.21,295.76,0,66.14
,851038,91,10,3,2969,214,35,0,10,15
,851040,90,10,3,1613,2077,4190,375,0,145
,851043,92,10,3,4871,670,136,0,2,159
,851044,92,10,3,2872,549,288,0,756,28
,851046,92,10,3,1231,119,55,0,0,20
,851047,91,10,3,5125,778,715,0,7,112
,851052,91,10,3,2042,70,33,0,10,11
,851056,90,10,3,1747,164,157,0,1,22
,851058,90,10,3,1785,237,36,3,386,47
,851061,90,10,3,4237,775,122,0,76,60
,860001,85,10,3,1610,37,32,0,26,15
,860003,85,10,3,3522,911,1297,1,4,18
,860004,85,10,3,2269,599,3834,0,0,120
,860006,85,10,3,1556,98,19,0,74,4
,860007,85,10,3,1419,133,102,0,0,16
,860008,85,10,3,1364,65,45,0,68,7
,860011,85,10,3,2818,273,236,0,2,22
,860012,85,10,3,1681,41,54,0,0,40
,860013,85,10,3,1604,47,23,0,0,15
,860014,85,10,3,1214,86,31,0,218,45
,860015,85,10,3,5030,945,643,8,0,63
,860016,85,10,3,5413,790,636,0,0,57
,860018,85,10,3,3929,762,1669,0,0,64
,860019,85,10,3,3573,319,330,12,0,64
,860020,85,10,3,1033,21,19,0,35,22
,860021,85,10,3,2160,337,159,12,81,73
,860022,85,10,3,2761,391,377,0,2,31
,860023,85,10,3,1066,58,47,0,0,5
,860026,85,10,3,1083,51,29,0,3,41
,860027,85,10,3,996,7,8,0,0,13
,860028,85,10,3,1470,39,14,0,0,17
