ValgstedId,Boligtype_Antal_boliger_01. Stuehuse og parcelhuse,Boligtype_Antal_boliger_02. Række- og kædehuse,Boligtype_Antal_boliger_03. Flerfamiliehuse,Boligtype_Antal_boliger_04. Kollegier,Boligtype_Antal_boliger_05. Sommerhuse,Boligtype_Antal_boliger_06. Øvrige boliger
101001,2,46,7986,0,0,10
101002,220,93,3884,7,0,95
101003,22,9,7303,268,1,24
101005,4,145,7883,196,0,148
101006,16,371,6589,98,1,30
101007,561,296,6230,3,1,22
101008,5,41,8983,412,0,53
101009,535,607,6860,101,18,14
101010,3,286,6884,81,4,9
101011,6,10,7676,310,3,118
101012,9,429,3676,1,0,13
101013,148,281,5890,152,11,127
101014,12,86,8118,509,4,100
101016,44,74,7282,16,0,136
101017,12,28,9851,1173,6,48
101018,598,142,5125,0,0,8
101019,1145,488,4258,115,3,15
101020,0,0,4808,101,2,22
101021,2,5,6458,1230,0,19
101022,3,0,3977,0,0,34
101023,4,2,4603,46,0,19
101024,2,0,4785,0,0,2
101025,5,0,7170,0,0,10
101027,4,8,8203,239,2,16
101028,497,248,4759,113,2,16
101029,128,416,2565,110,0,2
101030,1,0,7198,40,0,11
101031,619,259,1614,0,0,5
101032,0,42,2312,256,0,0
101033,396,619,3998,0,0,9
101034,863,231,4508,0,19,9
101035,576,237,4011,77,5,11
101036,1741,712,2728,100,0,13
101039,347,52,2942,0,0,0
101040,1106,140,1777,0,2,32
101041,726,340,6321,0,0,7
101042,849,302,4252,0,1,11
101043,85,110,6015,0,0,17
101044,511,307,3998,18,1,41
101046,324,313,2891,109,1,2
101047,255,91,2779,126,1,66
101048,227,223,4914,0,0,4
101049,0,0,4897,0,0,6
101050,1,0,5651,15,1,50
101051,371,46,6376,0,2,82
101052,0,0,4298,0,3,48
101053,4,223,4037,0,0,52
101054,2,30,2266,331,0,6
101055,25,74,6645,0,0,61
101056,1,38,5238,0,0,44
101057,1421,705,1553,1740,1,61
101058,0,25,7184,0,2,3
101059,174,24,4028,0,2,3
147001,75,13,5355,15,0,15
147002,38,2,5593,18,0,29
147003,52,12,7592,177,0,10
147004,216,322,6529,317,0,5
147005,220,117,7008,494,0,10
147006,254,51,6331,51,0,9
147007,115,94,6262,318,0,14
147008,2,0,5854,0,0,6
151001,593,49,2244,0,0,2
151002,576,131,3591,0,1,144
151003,607.16,724.22,47.58,16.18,10.47,0
151004,249,563,1133,0,0,2
151005,1452,339,159,0,1,70
151006,651,136,2989,96,0,102
151008,864,503,1068,0,0,76
151009,958.84,509.78,601.42,0.82,0.53,3
151010,437,549,252,0,0,5
153001,1158,284,398,0,0,6
153002,318,271,1692,39,0,10
153003,166,313,1571,0,0,78
153004,451,632,2837,0,0,3
153005,618.95,484.80,1673.50,2.07,0,3.63
153006,576.05,451.20,1557.50,1.93,0,3.37
155001,1209,381,667,0,2,89
155004,1888,1119,619,0,82,52
157001,1420,347,1590,0,0,4
157002,961,131,1829,0,0,3
157003,1225,199,1410,0,0,6
157004,918,457,2401,0,0,2
157005,1605,259,1152,0,0,2
157006,960,275,2240,0,0,4
157007,579,149,3316,1,0,8
157008,578,81,2425,0,0,2
157009,1256,262,1663,26,1,5
157010,678,231,2538,0,0,5
159001,733.92,571.57,2209.44,0,0,6.72
159002,587,424,3430,0,0,10
159003,1104,1328,1145,294,0,14
159004,855,425,2960,0,0,2
159005,876,877,2671,0,0,20
159006,789,1607,629,776,0,9
159007,652,236,1772,8,0,1
159008,519,1026,1294,0,0,45
159009,540.08,23.43,1423.56,0,0,3.28
161001,716,334,219,0,0,4
161002,465,60,1146,0,1,13
161003,509,91,2397,0,0,47
161004,26,8,2393,0,0,5
161005,637,89,3,0,21,4
161006,290,1022,447,0,0,16
163001,671,500,3958,178,1,14
163002,1751,1653,107,0,1,71
163003,690,1776,1771,295,23,21
165001,594,1311,13,1034,0,12
165002,808,447,744,0,0,3
165003,210,291,1835,0,0,6
165004,1,1470,795,352,0,5
165005,0,1910,707,0,0,2
167001,698,256,1674,339,0,6
167002,326,437,1455,0,2,1
167003,499,87,2228,278,0,3
167004,815,336,1691,0,0,10
167005,1396,197,1431,0,0,9
167006,1010,302,1960,0,0,54
167007,1807,528,913,0,0,10
167008,327,1011,1945,0,0,20
169001,157,154,1664,0,0,2
169002,714,420,989,1,0,12
169004,825,1367,180,0,0,5
169006,334,382,2405,0,0,6
169007,392,1260,1741,0,0,22
169008,103,723,1344,0,0,22
169009,751,180,8,0,32,17
169010,653.50,369.61,690.77,0,0.62,20.50
169012,1311,344,637,0,9,4
169013,263,58,1,0,0,13
169014,398.50,225.39,421.23,0,0.38,12.50
173001,315,230,2993,0,0,13
173002,311,476,2589,405,0,36
173003,841,488,1129,1052,0,11
173004,841,340,2248,0,0,7
173005,220,73,362,0,0,7
173006,1762,296,659,0,2,9
173007,472,924,808,0,0,5
173008,675,1452,1879,23,0,7
173009,762,603,1750,30,0,2
175001,664,215,1104,0,0,5
175002,510,997,1172,0,0,3
175003,875,452,2428,0,0,10
175004,192,133,2697,0,0,0
175005,641,1264,1679,1,0,6
175006,1108,791,736,0,0,0
175007,0,0,1135,0,0,0
183001,516,148,9,0,25,41
183002,361,1181,0,0,0,0
183003,315,336,1835,0,0,2
183004,0.98,23.44,2295.48,0,0,3.91
183005,621.02,426.56,1422.52,0,1,8.09
185001,1873,138,276,0,89,9
185002,2382,243,40,15,16,5
185003,696,253,2299,0,0,3
185004,629,184,1743,0,0,6
185005,940,698,387,0,10,13
185006,436,180,5369,0,2,5
187001,455,232,1716,0,2,8
187002,790,648,393,0,1,36
187003,802,809,675,0,0,71
190001,1705,976,1699,0,1,17
190002,1095,171,71,0,0,4
190003,858,1011,118,1,0,2
190004,164,418,30,0,0,13
190005,787,1442,140,0,8,0
190006,1424,1328,753,0,36,48
190007,225,52,2562,0,1,9
201001,712,516,23,0,17,18
201002,892,266,1206,0,0,5
201003,1092,685,598,0,0,5
201004,1460,518,105,0,1,18
201005,1339,877,123,0,1,11
210001,1173,1299,449,0,1,26
210002,1033,502,358,0,4,19
210003,890,374,992,0,5,9
210004,576,871,815,0,3,9
210005,1312,1678,1331,0,0,12
210007,582,1057,203,0,0,1
210008,390,7,6,0,0,13
210009,291,849,788,0,2,7
217001,706.25,261.29,4295.14,0,1.54,89.91
217002,1245,1003,2621,126,0,30
217003,977,246,2399,0,2,23
217004,1175,857,380,0,12,29
217005,1398,386,251,0,243,53
217006,419,12,19,0,38,18
217007,448,53,33,0,147,10
217008,226,205,18,0,0,14
217009,794,1144,290,0,4,9
217010,1148,180,633,0,4,48
217011,1106,734,1213,0,1,20
217012,212.75,78.71,1293.86,0,0.46,27.09
219001,964,464,2952,219,0,35
219002,1328,138,1368,0,1,17
219003,286,25,14,0,0,1
219004,312,277,12,0,1,4
219005,739,69,19,0,73,5
219006,920,846,824,0,0,5
219007,531,212,46,1,80,5
219008,390,12,19,0,0,1
219009,820,275,956,0,0,1
219010,907,480,2080,1,0,75
219011,644,151,19,0,0,6
219012,1024,380,137,0,3,8
219013,397,128,28,0,0,6
219014,338,167,11,0,12,1
223001,694,484,2000,0,0,8
223002,958,1521,545,0,0,8
223003,1163,305,388,1,2,8
223004,142,6,9,0,0,3
223005,1110,607,1545,0,0,10
230001,1141,1016,1031,0,0,13
230003,1342,413,1171,0,0,34
230004,373,732,1622,237,0,13
230005,1647,422,1019,0,29,35
230006,925,80,436,0,0,6
230007,1697,307,1684,1,0,14
230008,1052,718,709,6,0,15
230009,740,139,546,454,0,14
230010,1635,316,1311,92,0,29
240001,370,52,7,0,0,27
240002,1718,1770,686,17,1,14
240003,1759.87,609.49,259.51,0,1.99,21.87
240004,355,418,48,0,0,7
240005,935,396,37,0,3,24
240006,387,58,0,0,156,11
240007,1978.14,422.65,385.18,2.92,22,16.22
240008,1210.57,1024.11,113.79,42.07,0,4.78
240009,590.41,998.75,290.52,0.01,0.01,86.13
250001,942,402,2563,0,1,77
250002,1121,1070,409,0,1,10
250003,2007,364,273,0,0,12
250004,2282,788,262,5,302,30
250005,1865,647,267,7,966,31
250006,1953,1044,300,0,13,15
253001,488.83,729.57,2292.07,0,1.46,9.33
253002,3939.46,1795.31,2693.49,0,3.79,49.95
253003,2079.70,437.13,292.44,0,0.75,16.72
253004,2134,1144,345,0,2,40
253005,1679,1072,68,0,0,11
259001,1729,393,2497,0,7,53
259002,667.74,206.23,2238.39,0,0,9.16
259003,1309.04,656.27,1445.25,0,0,35.53
259004,1229,114,435,0,1,10
259005,1009,831,854,0,0,29
259006,1850,1424,225,0,3,28
259007,1126.96,444.73,53.75,0,0,9.47
259008,797.26,198.77,4.61,0,0,2.84
259009,1016,377,52,0,8,19
259010,477,24,14,0,1,7
259011,1305,698,594,0,42,31
260001,2988,612,678,0,178,19
260002,1059,156,97,0,506,1
260003,1159.58,426.35,29.14,0,92.26,9.71
260004,2179.42,602.65,1748.86,9,201.74,71.29
260005,603,372,53,0,374,6
265001,395,139,2237,66,0,33
265002,1167,364,1132,25,0,14
265003,1158,800,1711,179,0,26
265004,549,163,1591,168,0,45
265005,841,67,2352,623,2,68
265006,1638,1173,406,161,1,50
265007,949,865,35,16,0,2
265008,690,270,5,12,0,19
265009,383,17,12,36,1,6
265010,291,353,3414,99,0,4
265011,949,372,37,11,39,12
265013,2202,287,56,0,118,12
265014,830,315,25,0,0,13
265015,937,550,34,0,0,2
265016,770,111,10,0,5,4
265017,1760,473,210,29,2,52
265018,398,9,4,0,0,4
265021,284,572,1052,719,0,10
269001,1165,628,183,0,0,31
269004,1722,587,826,0,4,252
269005,2099,842,1313,0,4,48
270001,1034,101,52,0,804,16
270002,847,146,86,0,277,14
270003,181,9,1,0,2,4
270004,1293,356,258,0,173,22
270005,792,70,14,0,46,2
270006,1793,734,294,0,286,30
270007,405,15,29,0,192,5
270008,1882,1146,586,0,0,43
270009,367,14,19,0,0,4
270010,995,102,13,0,79,3
270011,736,114,45,0,348,10
270012,465,58,77,0,291,11
306001,1129,512,266,0,108,15
306002,1159,220,105,1,265,10
306003,761,68,73,0,309,7
306004,1056,256,201,0,2,16
306005,408,56,15,0,196,5
306006,969,271,118,0,161,21
306007,1468,734,886,0,214,39
306008,481,125,53,0,202,12
306010,578,8,31,4,52,8
306011,915,285,106,0,571,12
306012,219,12,5,0,110,4
306013,411,54,24,0,0,9
316001,2135,704,1798,17,5,9
316002,1220,757,2937,127,0,48
316003,306,309,2774,1,0,14
316004,1335,225,48,1,8,5
316005,1418,368,47,0,5,6
316006,655,78,29,0,281,8
316007,1310,426,422,0,0,36
316008,1180,171,125,0,0,15
316009,1355,285,53,0,7,8
316010,1117,221,57,0,7,12
316011,1350,616,438,0,2,19
316012,1441,275,116,0,0,13
316013,1092,386,180,0,0,10
316014,1111,293,62,0,0,7
316015,248,31,5,0,209,5
320001,2329,563,207,0,2,43
320002,1862,942,1245,1,0,28
320003,1276,528,563,0,0,14
320004,1270,346,185,0,119,11
320005,1249,450,146,0,3,9
320006,1250,240,18,0,0,10
320007,1211,343,75,0,0,9
326001,1210,239,95,0,84,5
326002,153,34,1,0,21,1
326003,1395,383,121,0,185,10
326004,885,386,202,0,0,6
326005,570,69,31,0,159,1
326006,228,45,0,0,46,2
326007,351,37,12,0,176,0
326008,1095,232,89,0,0,4
326009,1329,671,262,2,0,115
326010,695,59,14,0,3,7
326011,560,23,10,0,0,4
326012,672,285,1135,0,0,41
326013,545,462,874,0,0,57
326014,600,68,24,0,1,3
326015,1254,207,21,0,0,4
326016,1532,142,166,0,121,7
326017,310,39,12,0,40,0
326018,779,546,848,0,1,70
329001,1587,886,2911,6,0,124
329002,299,11,2,0,0,4
329003,269,38,2,0,0,3
329004,1348,433,704,0,0,10
329005,493,7,3,0,15,9
329006,836,428,1746,0,0,3
329008,448,90,50,0,0,6
329009,472,22,12,0,0,1
329010,477,35,14,0,0,3
329011,220,66,17,0,0,2
329012,414,10,8,0,0,5
329013,478,19,61,0,1,8
329014,275,66,30,1,1,0
330001,1158,200,34,0,0,8
330003,506,216,6,2,0,7
330004,632,149,24,0,0,0
330005,1257,846,1838,0,14,6
330006,1021,550,2103,0,17,19
330007,815,80,12,0,131,1
330008,1158,233,41,0,0,3
330009,1023,854,1518,0,0,8
330010,632,88,8,0,35,4
330011,2182,711,1325,0,52,24
330012,0,0,0,0,0,0
330013,480,98,12,0,1,1
330017,0,0,0,0,0,0
330019,1360,653,4883,17,0,22
330021,1489,868,626,0,0,9
330022,1255,685,2224,32,0,21
330024,512,8,16,0,0,1
330025,810,130,37,0,470,3
336001,1875,534,54,0,1,41
336002,1968,482,155,1,513,22
336003,1674,644,480,0,0,17
336004,1318,276,82,0,80,26
340001,1793,517,333,0,0,93
340002,598,230,79,0,0,13
340004,678,87,12,0,0,5
340005,1004,478,1231,64,0,23
340006,1517,311,318,0,0,23
340008,1123,538,141,0,2,13
340010,1775,445,160,1,11,27
350001,1057,405,35,0,224,64
350002,760,93,16,0,187,40
350003,454,73,4,0,164,19
350004,503,39,4,0,29,9
350005,429,30,0,0,0,12
350006,1140,636,227,1,0,49
350008,951,142,26,0,1,34
350009,796,261,40,0,75,8
350011,759,329,35,0,0,12
350012,1059,149,30,0,2,11
360001,321,33,2,0,23,2
360003,958,250,80,0,1,40
360008,437,42,6,0,2,0
360011,871.23,213.98,65.73,0,1,16.26
360013,1700,764,1119,0,16,20
360014,0,0,0,0,0,0
360019,1327,160,24,0,4,25
360020,2100,1227,1424,75,0,18
360021,1609.10,320.69,548.00,0,0,4.72
360026,254.67,12.33,2.27,0,0,2.02
360027,220,12,12,0,14,10
360028,0,0,0,0,0,0
360029,1037,95,4,0,4,5
360035,1091,88,3,0,101,9
360036,1391,208,166,0,16,15
360037,442,132,339,0,0,22
370001,1426,491,129,0,1,18
370002,406,13,2,0,0,10
370003,726,95,85,0,1,6
370004,897,226,13,0,0,6
370005,387,9,13,0,0,2
370006,903,139,27,0,0,12
370007,607,84,0,0,0,7
370008,1344,835,67,0,0,3
370009,439,183,3,0,1,3
370010,583,113,5,0,3,0
370011,982,301,176,0,0,2
370012,215,14,2,0,0,0
370014,1212,485,32,0,0,8
370020,1238,272,790,0,0,5
370021,88,67,2107,0,0,16
370022,1727,952,2434,0,0,39
370023,1364,395,1256,22,0,2
370024,1344,357,1517,0,2,12
370026,1040,81,421,1,1,2
370027,1386,772,646,0,0,3
370028,461,1043,1171,0,0,6
370029,292,63,8,0,0,2
370031,689,113,33,0,0,3
370032,597,246,47,0,355,55
376001,264,409,2194,37,0,30
376002,819,466,805,115,0,13
376003,891,94,1052,0,0,1
376004,731,531,1129,89,0,6
376005,1018,120,29,0,0,6
376006,747,68,27,0,0,48
376007,1124,363,154,0,0,41
376008,1021,338,139,0,15,16
376009,699,25,35,0,1,2
376010,1079,410,87,0,0,17
376011,935,85,27,0,1,9
376012,1077,121,28,0,0,6
376013,1724,474,743,0,0,19
376014,655,88,35,0,0,5
376015,503,16,9,0,0,7
376016,1225,446,228,0,37,27
376017,1326,63,20,7,3,12
376018,657,133,35,0,90,5
376019,918,192,27,0,579,16
376020,552,122,15,0,57,5
390001,976,312,1772,38,15,16
390002,757,317,1027,0,102,42
390003,860,163,258,0,73,5
390004,867,192,117,25,37,4
390005,470,39,30,0,0,7
390006,1372,106,102,0,99,6
390007,644,267,30,0,0,2
390008,1665,395,796,1,73,22
390009,658,42,61,0,29,9
390010,931,36,91,0,11,12
390011,382,51,26,0,110,7
390012,949,651,655,0,0,7
390013,468,25,36,0,1,4
390014,274,18,9,0,80,6
390015,666,103,76,0,19,11
390016,875,135,31,0,18,5
390017,702,141,53,0,0,11
400001,1181,349,134,0,26,62
400002,1249,111,54,0,16,15
400003,825,146,76,0,11,8
400004,1281,801,220,0,21,5
400005,696,59,12,0,47,3
400006,1990,451,113,0,20,15
400007,1100,76,13,0,2,8
400008,2982,2978,1447,178,19,36
400009,933,388,84,0,24,9
410001,1091,888,1677,1,1,14
410002,2039,836,266,0,5,4
410003,1391,403,91,0,14,17
410004,763,392,199,0,1,3
410005,509,116,15,0,41,16
410006,1202,237,299,0,3,13
410007,679,56,21,0,32,4
410008,987,293,151,0,1,5
410009,973,181,76,0,2,8
410010,931,142,37,0,50,8
410011,661,39,8,0,0,2
411001,0,0,0,0,0,0
420001,1469,1009,1179,0,13,6
420002,743,67,16,0,12,2
420003,346,6,5,0,0,1
420004,350,12,8,0,8,3
420005,1213,332,364,0,1,2
420006,307,13,4,0,0,1
420007,520,21,9,0,1,2
420008,957,399,155,0,0,4
420009,421,49,11,0,0,1
420010,389,10,12,0,0,4
420011,1993,524,147,0,0,12
420012,338,14,2,0,7,1
420013,1213,332,35,0,1,3
420014,292,17,7,0,0,1
420015,638,72,19,0,0,2
420016,621,209,50,1,0,2
420017,726,287,91,7,0,4
420018,600,101,29,0,2,2
430001,626,64,12,0,0,4
430002,493,87,53,1,0,6
430003,698,199,28,1,0,5
430004,407,48,22,0,0,3
430005,0,0,0,0,0,0
430007,2099,1076,1102,0,18,45
430008,748,86,49,0,39,7
430009,747,109,77,0,0,26
430010,0,0,0,0,0,0
430011,821,109,45,0,21,9
430012,676,119,27,0,7,9
430013,544,60,8,0,0,6
430014,559,37,28,0,0,12
430015,2128,857,602,24,0,96
430016,422,22,21,0,0,4
430017,776,166,43,0,0,3
430018,747,291,71,0,0,7
430019,822,213,22,0,0,20
430020,1271,261,92,0,2,18
430021,643,165,53,0,0,5
430022,1469,373,63,0,0,9
440001,786,66,28,0,46,5
440002,1458,900,984,25,68,43
440003,840,53,59,0,1,6
440004,771,104,16,0,0,6
440005,1380,483,222,0,0,6
440006,1687,890,251,14,18,5
450001,634,68,28,0,10,5
450002,1772,1446,1374,37,4,67
450003,1060,271,2142,10,22,9
450004,601,463,20,10,0,3
450005,419,18,19,0,0,1
450006,971,318,63,0,0,5
450007,197,8,3,0,0,1
450008,232,13,5,0,0,0
450009,349,21,12,0,3,1
450010,528,322,87,0,0,3
450011,515,49,14,0,26,0
450012,483,42,18,0,0,0
450013,426,66,7,0,0,2
461001,438,531,5774,135,1,98
461002,1225,1226,2962,1,1,288
461003,548,249,1392,0,0,25
461004,879,256,4167,70,0,151
461005,515,1391,1989,64,0,266
461006,968,178,35,0,0,3
461007,1178,984,539,0,0,115
461009,668,798,142,0,0,9
461011,599,267,5582,390,0,25
461012,789,1317,3187,436,0,220
461013,413,74,20,0,0,5
461014,1386,1187,535,19,0,8
461016,1069,745,12,0,0,45
461017,1733,751,463,0,0,11
461018,1323,1057,243,0,1,33
461019,1168,635,407,15,0,126
461020,1377,588,25,0,0,5
461021,1028,158,12,0,0,52
461023,451,373,6042,271,1,178
461024,1538,307,375,21,0,30
461025,673,1448,1757,1097,0,6
461026,2664,1885,254,0,0,108
461028,1579,645,34,0,0,26
461029,1386,555,939,0,0,22
461030,1723,1289,1054,213,0,99
461031,975,438,126,0,0,11
461032,316,65,20,0,0,20
461033,1435,544,408,0,0,21
461035,465,1165,2667,0,0,140
461036,523,965,765,138,0,215
479001,2448,1207,3657,561,4,103
479002,716,378,711,24,0,25
479003,1192,886,1577,19,0,12
479004,474.86,41.98,7.94,0,8.51,4.54
479005,1394,319,85,0,4,17
479006,0,0,0,0,0,0
479007,779,310,17,0,0,3
479008,362.14,32.02,6.06,0,6.49,3.46
479009,868,226,66,25,2,7
479010,1267,216,56,0,19,7
479011,793,495,28,0,0,4
479014,490,61,24,0,0,4
479016,648,126,75,44,0,4
479017,872,214,79,1,1,36
479019,1016,149,32,1,1,20
479021,451,44,48,0,0,23
479023,526,137,35,0,0,17
479025,501,85,72,0,11,33
479027,603,152,33,3,3,69
480001,1394,871,534,0,49,52
480002,422,5,1,0,1,1
480003,1222,19,16,0,169,14
480004,2027,686,386,1,0,18
480005,481,7,0,0,0,7
480006,553,54,9,0,0,5
480007,525,42,2,0,0,14
480008,1002,117,22,0,0,8
480009,610,50,6,0,0,5
480010,1372,561,83,0,0,16
482001,422.85,38.57,12.20,0,10.41,5.22
482002,1050.06,151.49,19.52,0,26.34,23.50
482005,1448.09,924.94,582.27,0,2.25,122.29
482007,820.20,98.61,44,0,23.17,12.81
482011,661.80,100.39,24,0,24.83,7.19
492001,1017,373,151,41,1,13
492002,917,129,88,0,7,21
492003,538,28,18,0,2,4
510001,1258.37,582.40,3803.55,3.20,3,17.25
510002,1276,580,1535,0,0,8
510003,1059.32,183.91,856.84,38.64,0,2.74
510004,437.68,22.98,21.93,0,2.05,3.93
510005,397.46,59.09,21.78,0,6.99,1.58
510006,613.31,116.14,103.13,0,0.97,0.97
510007,0,0,0,0,0,0
510008,617.39,52.59,66.43,0,33.79,4.42
510009,960,158,4,0,0,1
510010,576.61,28.41,20.57,0,69.21,5.58
510011,444.59,35.20,30.71,0,31,7.15
510012,333.61,29.24,19.84,0,0,1.18
510013,549.31,42.69,50.62,0.16,0,3.01
510014,767.81,66.55,67.44,0,0,4.67
510015,481,90,7,0,0,2
510016,392,21,38,0,0,5
510017,1827.44,1145.69,684.71,0,0,10.91
510018,908.11,94.10,87.45,0,0,6.61
510019,453,25,28,0,0,1
510020,1063.92,335,173,0,0,15
510021,331.76,26.78,8.93,0,0,3.57
510022,186.32,11.22,1.07,0,0,2.43
530001,1830,949,383,36,0,4
530002,831,182,64,0,0,5
530003,740,127,66,0,0,6
530004,367,81,8,0,0,3
530005,360,43,8,0,0,3
530006,2997,742,1425,6,1,23
530007,756,127,34,0,1,5
540001,1760,695,364,24,15,11
540002,956,282,55,0,0,2
540003,1256,332,71,0,0,3
540004,931,120,32,0,5,1
540005,1157,394,269,0,0,19
540006,1145,278,34,0,17,6
540007,948,125,26,0,36,1
540008,202,33,5,0,15,1
540009,1694,1050,1590,167,2,8
540010,1242,875,1750,429,1,23
540011,637,402,3210,164,0,27
540012,1731,459,515,0,0,8
540013,1149,191,35,0,0,3
540014,675,66,18,0,0,2
540015,1474,291,232,0,32,8
540016,2354,599,892,1,14,21
540017,364,16,16,0,0,0
550001,674,126,55,0,0,9
550002,319,13,2,0,0,2
550003,226,9,2,0,0,1
550004,624,146,78,0,0,9
550007,245,8,4,0,0,3
550008,426,40,21,0,0,4
550012,1024,423,182,1,0,18
550014,482,18,64,0,0,6
550015,283,56,17,0,0,1
550016,349,19,6,0,0,5
550017,746,133,57,0,0,9
550018,280,19,10,0,35,3
550019,217,15,0,0,0,3
550021,281,12,14,0,0,2
550023,1336,336,205,1,0,17
550024,435,11,15,0,0,4
550025,2001,814,1406,35,0,59
550027,416,28,14,0,0,4
550029,407,33,6,0,0,1
550051,235,35,7,0,12,8
550061,1219,338,255,0,0,14
550071,247,5,9,0,0,4
561002,751,70,7097,0,0,26
561003,139,51,1576,51,0,3
561004,693,299,1422,0,0,7
561005,1145,399,1860,70,0,4
561006,1087,740,1248,326,0,5
561007,1173,276,1077,0,0,6
561008,735,118,21,0,0,5
561011,1137,146,711,0,0,5
561012,1131,198,25,0,0,9
561015,2187,638,353,0,3,2
561016,2425,713,169,0,48,18
561017,521,64,5,0,0,4
561020,1169,236,31,0,1,5
561021,669,206,1135,0,0,0
561022,725,288,455,0,39,10
561023,755,810,269,0,1,0
561024,1055,408,195,0,0,4
561025,3398,691,590,11,1,17
561028,2870,1344,1268,26,7,43
561032,745,57,53,0,0,4
561033,1041,70,69,0,0,2
561035,0,0,0,0,0,0
561038,667,21,14,0,0,3
561040,1260,215,111,0,0,9
563001,793,567,87,0,80,17
563002,151,26,4,0,17,4
573001,3348,1524,2139,7,0,97
573004,428,23,15,0,0,3
573005,286,53,9,0,0,3
573006,331,5,9,0,0,4
573007,555,63,8,0,1,6
573008,426,47,6,0,0,1
573009,485,41,12,0,0,6
573010,514,46,11,0,0,4
573013,818,181,67,0,35,16
573014,290,4,16,0,42,12
573015,565,113,29,0,1,10
573018,1241,282,74,0,72,34
573019,138,19,19,0,89,14
573022,435,68,4,0,0,3
573023,562,121,50,0,0,8
573024,256,26,4,0,0,2
573026,532,52,12,0,0,10
573027,380,76,11,0,0,3
573028,509,62,22,1,0,5
573030,1944,358,358,0,0,32
573031,679,142,64,0,0,16
573032,629,79,81,1,19,10
573033,307,27,28,0,0,1
575001,1828,463,259,0,0,6
575002,320,34,2,0,0,3
575003,1156,407,125,0,0,26
575004,447,29,4,0,0,1
575005,444,72,16,0,1,4
575006,222,30,6,0,1,0
575007,1069,376,206,7,0,12
575008,358,32,14,0,0,3
575009,797,220,99,0,3,9
575010,277,9,13,0,0,1
575011,590,125,74,0,0,11
575012,189,8,9,0,1,2
575013,298,14,8,0,0,4
575014,2233,1316,991,0,0,17
575015,264,8,1,0,0,0
575016,966,189,162,0,0,8
575017,550,58,5,0,0,4
575018,519,78,33,0,0,3
575019,770,113,39,0,1,4
580001,328,20,16,0,0,2
580002,337,25,31,0,0,5
580003,1963,890,316,0,0,18
580004,1572,221,59,0,45,9
580005,683,98,23,0,0,4
580006,361,22,17,1,0,5
580007,808,120,31,0,0,8
580008,885,74,55,0,1,6
580009,792,98,74,0,1,7
580010,484,49,31,0,1,3
580011,1014,152,35,0,0,11
580012,1054,412,225,0,0,23
580013,825,123,36,0,0,6
580014,1631,237,118,1,5,16
580015,1632,585,368,0,0,19
580016,1559,453,3059,86,0,47
580017,884,313,779,70,0,2
580018,477,553,499,0,0,1
607001,2637,954,3540,0,39,37
607002,558,47,12,0,0,1
607003,2837,1032,212,0,0,50
607004,313,24,4,0,0,3
607005,1867,367,66,0,2,3
607006,1671,781,2940,0,0,13
607007,705,76,3,0,12,4
607008,22,315,3605,0,0,26
615001,589,175,2998,19,0,6
615002,850,276,2356,52,0,120
615003,920,104,4717,282,9,60
615004,0,0,0,0,0,0
615005,1186,84,1720,65,1,54
615006,3274,440,265,0,0,107
615007,2111,129,121,0,0,7
615008,1123,165,16,0,0,14
615009,1039,183,71,0,0,23
615010,1000,262,104,0,0,24
615011,2281,212,206,0,0,2
615012,1381,102,65,0,0,6
615013,1461,291,477,4,4,41
615014,685,21,12,0,1,3
615015,436,23,13,0,1,4
615016,1214,152,132,0,0,19
615017,913,239,92,0,0,4
615018,1196,192,129,0,0,5
615019,654,88,16,0,0,5
615020,273,2,3,0,0,0
615021,76,33,1139,281,0,1
615022,205,21,0,0,2,2
621001,737,222,3247,33,0,31
621002,565,514,1741,0,0,6
621003,1002,679,1241,0,0,3
621004,2216,972,460,0,14,34
621005,1494,539,251,0,0,4
621006,1612,334,60,0,3,5
621007,1879,359,194,19,0,11
621008,620,159,3228,0,0,6
621009,1506,411,2544,0,1,14
621010,1863,341,374,13,0,5
621011,1512,350,43,0,0,23
621012,1503,249,71,1,58,13
621013,817,335,166,0,0,6
621014,2185,615,480,0,0,21
621015,2222,424,387,0,64,14
630001,887,337,234,0,14,53
630002,1628,978,153,0,9,52
630003,688,45,12,0,128,4
630004,840,75,18,0,0,9
630005,674,112,19,1,0,4
630006,1150,245,166,0,1,97
630007,347,30,12,0,0,5
630008,722,39,59,0,0,6
630009,1139,130,7554,11,3,141
630010,420,55,35,0,0,9
630011,1290,592,206,0,2,9
630012,1022,47,514,0,1,15
630013,513,401,685,0,0,4
630014,693,115,686,0,0,3
630015,53,83,2731,0,3,4
630016,770,176,2,0,0,5
630017,1870,523,420,0,2,29
630018,793,122,72,0,9,12
630019,445,92,37,0,1,9
630020,421,28,65,0,0,5
630021,415,3,9,0,1,5
630022,195,2,4,0,0,1
630023,591,58,28,0,0,7
630024,1179,498,116,115,1,20
630025,676,8,20,0,0,9
630026,488,88,38,0,0,5
630027,702,165,55,1,0,4
630028,598,51,17,0,1,6
630029,578,50,32,0,1,10
630030,1211,425,1440,0,0,19
630031,588,172,18,0,1,10
630032,2437,646,677,0,0,9
630033,532,74,613,0,0,50
630034,1305,214,347,0,0,6
657001,3833,1188,8694,231,0,96
657002,511,87,11,0,0,7
657005,1073,170,236,0,1,32
657006,387,15,10,0,5,7
657007,1984,391,152,0,0,5
657008,840,80,132,0,0,31
657009,381,7,28,0,0,13
657011,292,10,7,0,0,1
657013,1259,171,374,0,0,9
657014,300,25,17,0,0,0
657015,295,103,447,0,0,1
657016,442,58,12,0,0,1
657017,2155,700,719,327,0,17
657018,260,34,3,0,0,0
657019,352,13,30,0,0,1
657020,193,13,0,0,0,1
657021,320,35,9,0,0,0
657022,345,52,7,0,0,2
657023,1513,429,200,20,1,8
657024,1367,280,386,0,41,17
657025,442,39,21,0,0,10
657026,1461,477,675,18,0,9
657027,1255,329,382,8,0,22
657028,202,4,4,0,0,1
657029,590,55,37,0,0,1
657030,410,43,49,0,0,7
661001,3912,914,4342,0,18,60
661002,1583,410,19,0,0,1
661003,799,64,57,0,0,2
661004,1271,495,10,0,2,6
661005,2339,2251,1928,0,26,5
661006,1954,200,402,0,30,9
661007,802,36,39,0,0,1
661008,1140,235,137,1,0,11
661009,684,119,128,0,0,4
661010,437,29,15,0,57,8
665001,1865,427,1165,0,0,26
665002,887,87,54,87,0,7
665003,766,107,14,0,43,4
665004,823,49,10,0,1,3
665005,547,19,37,0,10,11
665006,547,54,10,0,0,4
665007,686,186,62,8,1,20
665008,661,109,19,0,17,7
671001,1805,513,1917,3,0,53
671002,600,231,269,0,0,0
671003,589,68,35,0,15,4
671004,643,84,27,0,31,5
671005,708,106,20,0,3,6
671006,807,39,42,0,0,5
671007,1222,132,92,0,31,11
706001,2384,873,749,1,451,37
706002,1389,161,33,1,220,7
706003,828,78,49,1,94,2
706004,1123,187,169,0,34,32
706005,1541,287,261,0,13,29
706006,2139,828,416,0,21,14
706007,1220,215,133,2,0,10
706008,2338,500,388,4,219,67
707001,2715,703,1457,39,17,47
707002,0,0,0,0,0,0
707003,988,83,89,0,3,9
707004,1392,812,1281,141,130,19
707005,1428,249,48,0,150,28
707006,838,135,37,0,0,7
707007,1132,221,82,0,59,34
707008,914,81,169,8,0,32
707009,1367,351,107,0,0,57
707010,660,106,32,0,40,8
710001,1514,396,515,22,0,10
710002,1110,204,348,0,0,12
710003,778,61,12,0,0,3
710004,1986,752,798,0,0,9
710005,765,25,33,0,0,5
710006,1193,484,323,0,0,20
710007,1192,469,112,0,0,3
710008,517,168,14,0,0,0
710009,1445,252,125,0,1,7
710010,1269,207,130,0,2,4
710011,754,79,29,0,1,5
710012,874,176,98,0,0,1
710013,424,70,35,0,0,3
710014,414,52,2,0,0,6
727001,2808,1325,2117,1,9,55
727002,175,4,1,0,0,3
727003,492,26,20,0,188,9
727004,480,10,12,1,34,4
727005,660,136,87,0,15,4
727006,386,60,15,0,0,9
727007,482,19,29,0,12,11
727008,484,24,11,0,1,6
727009,0,0,0,0,0,0
727010,0,0,0,0,0,0
730001,941,248,260,0,0,14
730002,971,207,6,0,0,9
730004,356,5,4,0,0,3
730005,571,92,62,0,0,4
730006,467,41,15,0,9,8
730007,539,121,3,0,1,3
730008,927,175,33,0,2,14
730009,623,27,2,0,0,2
730010,543,79,12,0,0,4
730011,1164.41,480.22,625.77,0,0,29.70
730012,880,289,8,0,0,14
730013,1218,425,15,0,0,15
730014,891,201,19,0,0,3
730015,335,28,6,0,0,2
730016,420,74,8,0,0,5
730017,474,76,36,0,0,2
730021,893,122,13,0,0,10
730024,273.59,153.78,2987.23,7,0,13.30
730025,343,15,1918,0,0,10
730026,955,294,1695,136,0,8
730027,443,283,2294,0,0,2
730028,16,66,2962,0,0,39
730029,1265,212,2081,15,1,4
730030,590,231,1360,0,0,41
730031,2114,389,1193,0,0,40
730032,780,319,1049,0,2,25
730033,557,411,70,0,0,7
730034,1166,130,48,0,2,43
730036,1316,398,37,0,0,39
730037,385,34,3,0,0,3
740001,1080,188,205,0,32,6
740002,815,228,181,0,33,7
740003,642,127,98,0,51,7
740004,644,133,65,11,1,2
740005,430,68,23,0,29,2
740006,1520,932,623,1,0,19
740007,1621,476,684,0,1,11
740008,395,145,8,0,0,3
740009,494,34,18,0,1,1
740010,502,114,28,0,1,5
740011,566,193,73,0,2,1
740012,360,21,3,0,0,2
740013,1362,384,2,0,14,2
740014,402,45,6,0,0,1
740015,528,142,14,0,0,1
740016,1070,140,48,0,0,19
740017,496,54,11,0,1,2
740018,580,123,15,0,0,5
740021,1280,457,65,0,0,21
740022,748,132,54,0,5,6
740023,1334,273,294,0,1,12
740024,376,78,6,0,1,1
740025,201,8,8,0,0,5
740026,144,89,1190,70,0,1
740027,751,400,307,0,8,4
740028,982,348,946,0,0,2
740029,1140,384,2007,1,0,9
740030,1156,296,130,0,1,16
740031,1107,298,3975,0,0,20
740032,1007,304,88,0,40,4
741001,1303,238,120,1,35,35
741002,187,30,7,1,14,6
746001,852,76,20,0,0,0
746002,1617,630,349,0,0,12
746003,622,89,26,1,6,11
746004,2022,1017,623,0,1,9
746005,1143,176,118,0,2,15
746006,1703,888,2268,9,23,26
746007,1459,795,756,0,0,5
746008,1865,756,386,0,6,79
746009,1505,388,74,0,0,9
746010,1343,283,193,0,0,5
746011,706,105,18,0,0,2
746012,804,48,5,0,1,2
751001,281,148,8504,280,1,29
751002,2,7,4723,0,0,4
751003,1153,1477,1643,0,9,12
751004,1056,282,1348,61,0,10
751006,1699,2319,447,0,0,19
751007,1371,111,1845,0,0,2
751008,1159,967,4112,705,15,21
751009,895,826,302,1,2,7
751010,15.92,76.40,4633.75,141.10,0.04,37.11
751011,1083,960,184,0,149,16
751012,1250,847,110,1,0,5
751013,1624,475,180,0,1,9
751014,4.97,24.32,1518.57,47.34,0,12.55
751016,259,35,7,0,0,4
751018,1195,1480,491,0,0,4
751019,883,1160,181,0,1,2
751020,15.29,62.61,2805.76,60.26,0.29,13.52
751021,34.83,142.66,6392.93,137.30,0.67,30.81
751022,815,270,873,0,0,11
751023,1202,828,2395,0,1,6
751024,1613,775,1054,0,0,48
751025,274,198,3121,3,0,151
751026,1179,360,669,771,0,6
751027,2,15,4022,250,0,7
751028,1134,1348,1839,0,0,18
751030,1217,472,221,0,0,5
751031,226,38,7,0,0,0
751033,851,579,246,0,0,4
751041,51,129,4007,473,0,25
751042,330,330,6495,28,0,14
751043,106,55,4180,406,0,2
751044,247,268,130,13,15,38
751045,2711,523,855,41,1,15
751047,2345,1834,745,65,0,13
751048,631,919,68,34,0,2
751049,1054,723,550,1,1,22
751050,1175,529,169,0,416,14
751051,2062,1248,413,92,0,8
751053,703,318,476,0,0,6
751055,298,140,35,0,0,0
751056,652,130,3,0,0,3
751061,200,1131,4426,1453,0,9
751062,149,21,1730,70,0,2
751063,922,676,4083,601,3,1
751064,842,414,2303,205,3,36
751065,1239,1270,1478,0,2,1
751066,1101,706,1187,0,1,4
751067,411,213,2423,326,0,3
751068,327,359,1038,0,0,1
756001,828,179,102,0,8,5
756002,440,24,3,0,0,0
756003,809,211,93,0,0,8
756004,388,32,42,0,0,0
756005,2492,370,1045,1,0,20
756006,358,10,16,0,1,2
756007,4169,1295,2080,27,0,85
756008,366,55,2,0,0,5
756009,1172,269,137,0,10,5
756010,1007,209,39,1,2,7
760001,1705.56,520.91,252.04,2.71,25.42,14.78
760002,450,52,11,0,86,11
760004,390.09,58.93,26.30,1.29,0,2.87
760007,878.35,44.16,44.66,0,53.58,11.34
760010,1139,262,60,0,51,31
760012,410,104,12,0,0,6
760014,2247,1091,1177,21,0,62
760016,569,51,16,0,1,7
760021,731,184,57,5,0,7
760022,897,94,36,8,7,21
760024,2166,780,906,8,0,50
760025,467,81,20,0,0,10
760027,950,47,32,0,0,11
760028,430,37,12,0,33,8
760030,1508,525,286,0,0,25
760032,522,55,18,0,0,10
760033,893,118,11,0,0,5
760035,1363,209,67,0,0,20
766001,2478,720,493,0,0,31
766002,1246,312,321,0,0,6
766003,751,45,32,0,0,5
766004,591,49,28,0,1,6
766005,220,21,2,0,0,6
766006,513,13,12,0,2,3
766007,1529,342,501,1,134,25
766010,651,57,11,0,1,6
766011,551,17,31,1,0,3
766012,635,112,174,0,1,8
766013,648,69,40,1,1,8
766014,594,10,34,0,0,11
766015,870,47,19,1,68,8
766017,1003,82,70,0,0,4
766020,675,69,41,0,0,4
766021,887,396,185,0,0,9
766022,515,140,64,1,0,1
766023,496,33,10,0,0,3
766024,366,31,17,0,0,1
773001,630,22,8,0,5,2
773002,1776.88,115.18,33.13,0,3.70,9
773003,1067.53,68.73,15,0,15,3.27
773004,862,50,5,0,4,3
773005,2534.58,1170.10,1446.87,20,14.30,51.73
779020,332,32,24,0,16,3
779021,5166,1340,4824,9,2,47
779022,1970,183,125,0,84,1
779023,1322,200,56,0,0,2
779024,1482,148,43,0,49,8
779025,1190,216,140,0,23,7
779026,1410,257,106,0,4,3
779027,1289,90,38,0,46,3
787001,3781.39,1185.08,2402.51,0,2,28.28
787002,1360.94,133.25,111.40,0,3.53,11.28
787003,1504.39,324.94,256.25,0,16.23,23.86
787004,1004.88,250.03,122.51,0,0,8.80
787005,1145.73,71.83,106.19,1,2,3.60
787006,471,27,6,0,6,4
787007,767.30,53.02,57.67,0,19.36,6.02
787008,776.41,56.62,65.14,0,5.12,6.71
787009,628.05,40.43,39.29,0,0,0.14
787010,494,71,15,0,13,1
787011,355.79,43.09,24.58,0,22.47,3.70
787012,878.90,89.42,67.94,0,1.29,5.41
787013,458.21,68.29,12.52,0,0,1.20
787014,451,68,4,0,0,3
787015,326,93,8,0,33,8
791001,1117,312,52,10,0,10
791002,1173,192,16,0,2,11
791003,1094,336,239,0,1,9
791004,1218,119,113,0,51,4
791005,889,65,52,0,0,6
791006,1178,187,134,0,1,5
791007,870,79,20,0,1,5
791008,5456,1757,7749,302,3,63
791009,3169,641,830,0,12,10
791011,929,64,42,0,1,6
791012,1670,294,106,0,1,10
791013,3289,1574,930,53,2,18
791014,1267,194,57,0,0,1
791015,1172,109,186,0,2,7
791016,1320,196,133,0,29,9
791017,1131,203,96,0,0,5
810001,347,25,24,0,0,1
810002,696,91,68,0,19,30
810003,1652,329,310,0,0,24
810004,524,38,25,0,0,4
810005,1413,364,187,0,0,17
810006,740,55,41,0,0,10
810010,3387,1085,1789,0,0,135
810034,248,26,3,0,0,1
810040,493,16,0,0,0,1
810050,592,49,22,0,0,5
810056,263,6,19,0,0,1
810070,956,59,69,0,0,3
810080,324,33,8,0,0,2
813001,2310,1361,548,0,21,11
813002,655,171,26,0,45,11
813003,349,28,7,0,47,4
813004,676,21,4,0,0,5
813005,904,113,86,0,26,4
813006,5455,1995,4862,160,34,38
813007,764,29,6,0,0,9
813008,747,73,6,0,0,1
813009,3131,770,876,0,43,16
813010,423,31,78,0,1,1
813011,329,15,14,0,0,4
813012,326,3,15,0,1,0
813013,698,44,44,0,94,4
813014,289,14,13,0,0,3
813015,830,95,120,0,1,5
820001,1335,253,311,10,0,7
820002,1548,477,283,0,0,22
820003,295,16,8,0,20,3
820004,2602,723,1109,11,0,66
820005,625,30,26,0,54,31
820006,440,14,15,0,0,0
820007,758,45,62,1,2,3
820008,650,69,73,0,17,15
820009,413,34,24,0,10,20
820010,1510,428,622,0,0,4
820011,706,63,87,0,8,4
820012,559,14,9,0,0,4
820013,364,23,18,0,59,4
820014,323,13,14,0,0,3
825015,785,125,33,0,41,16
840001,2534,755,637,0,1,88
840002,1333,248,218,0,0,48
840003,806,100,129,0,0,22
840004,989,122,52,0,0,49
840005,1038,160,58,0,1,35
840006,477,69,36,0,0,20
840007,676,64,17,0,0,24
840008,603,64,27,0,0,31
840009,363,19,15,0,0,5
840010,620,33,6,0,0,6
840011,281,3,6,0,1,5
846002,847,171,41,0,16,2
846003,1304,417,200,0,13,10
846004,1237,275,250,0,0,7
846008,796,106,20,0,2,3
846009,891,73,31,0,0,5
846011,2088,445,770,0,0,28
846014,433,26,48,0,0,3
846018,854,163,77,0,158,3
846020,1284,127,21,0,0,2
846022,766,165,23,0,0,2
846027,2393,773,2485,0,0,21
849001,1901,580,286,2,0,29
849002,713,89,7,0,0,2
849003,585,70,7,0,0,9
849004,469,82,12,0,0,3
849005,422,59,7,0,16,14
849006,246,20,12,0,49,7
849007,241,9,16,0,0,6
849008,957,356,175,0,0,21
849009,557,44,21,0,0,5
849010,272,13,0,0,0,2
849011,433,27,6,0,34,7
849012,637,34,38,0,0,5
849013,1303,396,343,7,49,20
849014,546,34,10,0,15,8
849015,417,6,1,0,0,2
849016,499,7,5,0,0,3
849018,2102,482,238,0,1,16
849020,482,127,78,0,185,11
849021,478,58,39,0,41,8
851003,713.48,270.23,3146.07,0,0,38.76
851004,556.52,210.77,2453.93,0,0,30.24
851005,1501,620,3467,0,5,51
851007,924,219,133,0,0,13
851009,973.82,285.51,37.18,0,1.33,23.46
851010,1226.18,359.49,46.82,0,1.67,29.54
851011,1967,956,246,0,1,124
851012,64.71,30.85,2202.14,19.39,0.55,16.93
851014,108,82,2721,43,3,16
851015,32,18,4952,37,0,15
851016,172.29,82.15,5862.86,51.61,1.45,45.07
851017,1312,563,2289,0,0,13
851018,1111,500,1059,0,0,45
851019,1804.79,932.09,1003.50,41.08,0,12.01
851020,1051.21,542.91,584.50,23.92,0,6.99
851022,1703,248,66,0,162,22
851024,1845,1110,176,0,0,72
851027,217.95,106.88,4893.70,39.81,0,60.84
851028,3.12,10.40,4217.46,31.73,0,61.90
851029,919.46,893.58,2741.37,378.70,0,70.56
851030,508.10,194.59,2396.36,0,0,5.04
851031,1558,598,1442,142,0,34
851032,947,572,264,0,60,69
851033,1391,390,124,0,0,15
851034,1715.01,692.84,414.43,0,0,41.36
851035,1769,585,42,0,64,49
851036,582.36,561.70,1715.68,236.76,0,44.29
851038,1141,129,22,0,5,7
851040,612,1048,2377,245,0,135
851043,1876,433,81,0,2,104
851044,1253,382,220,0,464,16
851046,521,83,34,0,0,14
851047,1943,523,481,0,5,43
851052,862,43,17,0,6,5
851056,717,122,110,0,1,13
851058,762,169,25,1,237,18
851061,1547,456,62,0,47,44
860001,706,23,19,0,15,7
860003,1576,540,865,1,4,10
860004,943,363,2644,0,0,27
860006,664,69,15,0,48,3
860007,619,108,68,0,0,7
860008,653,56,41,0,47,5
860011,1222,169,160,0,1,14
860012,709,31,30,0,0,18
860013,669,40,12,0,0,9
860014,539,53,24,0,130,19
860015,1935,574,428,8,0,14
860016,2170,485,424,0,0,17
860018,1519,529,1011,0,0,38
860019,1482,254,202,3,0,22
860020,450,16,12,0,19,7
860021,974,252,106,2,51,42
860022,1159,308,237,0,1,21
860023,442,37,24,0,0,2
860026,499,41,18,0,2,14
860027,422,5,6,0,0,6
860028,630,31,5,0,0,8
