Gruppe,ValgstedId,KredsNr,StorKredsNr,LandsdelsNr,Boliger og personer efter boligstørrelse_01. Antal boliger_0-39 m2,Boliger og personer efter boligstørrelse_02. Antal boliger_40-79 m2,Boliger og personer efter boligstørrelse_03.Antal boliger_80-119 m2,Boliger og personer efter boligstørrelse_04. Antal boliger_120-159 m2,Boliger og personer efter boligstørrelse_05. Antal boliger_160-199 m2,Boliger og personer efter boligstørrelse_06. Antal boliger_200+ m2,Boliger og personer efter boligstørrelse_07. Antal boliger_Uoplyst areal,Boliger og personer efter boligstørrelse_08. Antal personer_0-39 m2,Boliger og personer efter boligstørrelse_09. Antal personer_40-79 m2,Boliger og personer efter boligstørrelse_10. Antal personer_80-119 m2,Boliger og personer efter boligstørrelse_11. Antal personer_120-159 m2,Boliger og personer efter boligstørrelse_12. Antal personer_160-199 m2,Boliger og personer efter boligstørrelse_13. Antal personer_200+ m2,Boliger og personer efter boligstørrelse_14. Antal_personer_Uoplyst areal
,101001,1,1,1,184,3988,2505,897,334,130,6,202,5938,5525,2448,1016,421,12
,101002,1,1,1,113,1969,1180,450,240,265,82,162,2945,2378,1133,647,962,151
,101003,1,1,1,464,2568,2686,1133,508,256,12,542,3802,5915,3112,1487,904,84
,101005,1,1,1,658,4028,2930,370,202,45,143,900,6079,6687,1074,679,201,234
,101006,1,1,1,320,3881,2189,623,68,13,11,354,6091,4938,1825,215,34,30
,101007,2,1,1,319,3733,2289,502,186,76,8,351,5719,5656,1544,626,347,22
,101008,2,1,1,662,5167,2928,586,113,17,21,743,8103,6917,1663,365,248,153
,101009,2,1,1,543,2021,4663,798,83,14,13,732,3389,12131,2499,295,68,74
,101010,2,1,1,83,2575,3117,1264,188,31,9,119,3990,6838,3668,613,96,127
,101011,3,1,1,385,2514,2758,1425,612,348,81,581,3951,5644,3643,1656,1119,3689
,101012,3,1,1,51,1037,1236,1011,378,406,9,60,1533,2611,2728,1047,1156,41
,101013,3,1,1,393,2317,2737,679,198,155,130,533,3549,5913,1930,469,546,275
,101014,3,1,1,722,3249,2587,1117,591,485,78,900,4918,5168,2727,1502,1333,166
,101016,4,1,1,255,4322,2318,448,59,15,135,296,6728,5549,1358,209,64,354
,101017,4,1,1,790,7088,2639,440,92,35,34,887,11853,6125,1214,296,130,98
,101018,4,1,1,100,3967,1228,453,100,20,5,130,6278,2998,1409,386,72,8
,101019,4,1,1,332,2502,2015,876,234,53,12,378,4054,5110,2736,861,193,26
,101020,5,1,1,169,3219,1219,282,32,3,9,213,4793,3033,951,123,17,18
,101021,5,1,1,1332,4572,1551,196,36,11,16,1481,7554,3900,584,136,53,43
,101022,5,1,1,86,1675,1517,515,155,34,32,107,2837,3766,1362,433,120,184
,101023,5,1,1,258,2274,1547,371,164,48,12,292,3670,3572,1090,536,196,27
,101024,5,1,1,135,2617,1645,338,43,10,1,167,4413,4089,1117,155,49,2
,101025,5,1,1,186,4680,1869,377,60,8,5,248,7665,4744,1211,205,26,9
,101027,6,1,1,764,5985,1480,193,32,4,14,958,10016,3972,621,101,32,25
,101028,6,1,1,405,3612,1039,438,99,34,8,455,5765,2531,1309,325,279,14
,101029,6,1,1,92,2124,836,113,36,18,2,99,3549,1950,340,115,65,2
,101030,6,1,1,262,5558,1296,112,14,1,7,331,9500,3356,368,53,111,14
,101031,7,1,1,3,1299,735,349,88,21,2,4,1972,1970,1060,291,95,2
,101032,7,1,1,240,892,1467,11,0,0,0,294,1876,4505,43,0,0,0
,101033,7,1,1,195,2700,1322,671,92,36,6,216,4276,3174,1915,326,148,13
,101034,7,1,1,74,2572,2156,624,164,32,8,130,4213,5622,1985,552,131,15
,101035,7,1,1,564,2576,1373,276,91,25,12,623,4587,3772,841,315,88,34
,101036,7,1,1,115,2223,1825,824,244,56,7,172,3729,4910,2611,886,249,15
,101039,7,1,1,133,2331,505,286,65,21,0,170,3487,1319,907,236,111,0
,101040,7,1,1,10,1046,1160,584,195,41,21,13,1830,3180,1916,770,160,45
,101041,7,1,1,198,4772,1754,444,171,50,5,227,7438,4361,1373,566,181,28
,101042,8,1,1,43,2983,1405,695,211,72,6,50,4841,3711,2182,763,290,16
,101043,8,1,1,74,3760,1930,323,71,58,11,86,6110,4402,954,236,262,19
,101044,8,1,1,304,2635,1417,392,80,13,35,358,4832,3700,1248,287,51,84
,101046,8,1,1,223,2119,913,325,50,7,3,310,3466,2437,1112,189,24,3
,101047,8,1,1,239,1263,1480,242,60,27,7,265,1978,3723,768,204,225,23
,101048,8,1,1,273,2799,1820,373,94,7,2,324,4567,4574,1259,334,35,2
,101049,9,1,1,13,2834,1595,380,73,5,3,18,4769,3807,1238,265,32,3
,101050,9,1,1,123,3114,1773,496,121,50,41,162,5122,4287,1488,373,186,126
,101051,9,1,1,199,5290,1174,132,4,3,75,247,8216,2976,392,9,34,174
,101052,9,1,1,74,1648,1905,490,122,67,43,89,2656,4395,1395,385,278,71
,101053,9,1,1,85,1997,1458,624,95,15,42,110,3343,3603,1898,303,58,54
,101054,9,1,1,390,2110,115,14,0,3,3,425,3414,258,39,0,207,125
,101055,9,1,1,173,1203,4590,719,45,14,61,197,1940,11069,2101,139,30,180
,101056,1,1,1,35,2002,2380,713,109,52,30,42,3046,5122,1913,302,147,101
,101057,2,1,1,1107,1306,2348,539,139,28,14,1294,1903,6275,1726,515,135,26
,101058,5,1,1,318,4063,2599,203,26,0,5,374,6700,7231,655,89,0,11
,101059,6,1,1,15,3139,912,117,30,13,5,25,5655,2629,421,115,54,8
,147001,10,1,1,99,1311,2192,1076,500,290,5,129,1934,4763,2730,1375,957,29
,147002,10,1,1,76,1330,2523,1101,445,195,10,149,1956,5116,2754,1228,643,14
,147003,10,1,1,333,2765,3210,1103,311,112,9,357,4314,6758,3002,925,362,21
,147004,10,1,1,373,3048,2965,613,219,166,5,405,4715,6497,1711,674,565,9
,147005,11,1,1,496,4014,2681,422,132,97,7,540,6006,5802,1155,409,356,17
,147006,11,1,1,268,3275,2101,719,206,126,1,307,4579,4457,1773,602,419,1
,147007,11,1,1,277,3001,2607,696,128,83,11,288,4365,5290,1958,379,327,477
,147008,11,1,1,13,3743,1818,248,31,4,5,15,6025,3812,742,87,18,7
,151001,20,2,1,220,487,1745,345,82,8,1,226,626,3823,983,248,44,28
,151002,20,2,1,136,2254,1647,286,92,22,6,146,3279,3557,803,308,101,37
,151003,20,2,1,10.47,207.46,660.45,379.71,115.15,32.36,0,10.47,235.06,1759.62,1029.70,328.32,99.92,0
,151004,20,2,1,9,432,1253,183,57,13,0,10,549,3084,551,203,44,0
,151005,20,2,1,22,231,611,852,261,43,1,26,307,1487,2386,826,147,4
,151006,20,2,1,222,1416,1936,292,93,14,1,254,2186,4078,859,315,63,4
,151008,20,2,1,83,494,1074,604,221,33,2,94,671,2375,1745,732,139,7
,151009,20,2,1,55.53,424.54,741.55,526.29,256.85,68.64,1,59.53,545.94,1658.38,1416.30,764.68,234.08,16
,151010,20,2,1,29,203,633,235,117,22,4,31,264,1697,642,370,79,6
,153001,18,2,1,0,425,698,509,162,51,1,0,667,1724,1496,550,218,4
,153002,18,2,1,85,1386,578,206,51,17,7,107,2150,1313,566,158,54,133
,153003,18,2,1,109,873,824,233,58,29,2,111,1263,1779,586,164,64,17
,153004,18,2,1,8,1544,1950,341,61,19,0,9,2226,4403,922,206,65,0
,153005,18,2,1,29.01,520.54,1378.27,693.02,116.54,43.51,2.07,33.15,730.83,3660.88,2283.13,403.48,192.68,17.09
,153006,18,2,1,26.99,484.46,1282.73,644.98,108.46,40.49,1.93,30.85,680.17,3407.12,2124.87,375.52,179.32,15.91
,155001,12,1,1,30,562,603,610,389,141,13,36,818,1193,1544,1184,469,37
,155004,12,1,1,50,453,1107,1354,575,197,24,60,645,2398,3555,1650,697,208
,157001,13,2,1,74,731,934,674,546,398,4,103,1012,1892,1823,1699,1331,7
,157002,13,2,1,4,1273,956,491,168,32,0,4,1980,2367,1530,596,113,0
,157003,13,2,1,24,580,718,618,445,449,6,24,792,1489,1759,1389,1544,265
,157004,13,2,1,171,1966,840,477,240,83,1,192,3043,2114,1429,795,323,1
,157005,13,2,1,42,666,808,843,418,239,2,47,1048,2061,2518,1367,846,6
,157006,13,2,1,28,577,1002,722,531,617,2,33,770,1914,1783,1530,2051,8
,157007,13,2,1,43,931,1340,757,523,455,4,54,1318,2541,1813,1330,1534,20
,157008,13,2,1,48,943,1061,486,286,260,2,52,1342,2031,1167,896,875,3
,157009,13,2,1,138,697,822,534,442,576,4,157,1044,1706,1417,1302,1901,6
,157010,13,2,1,84,1447,862,438,280,337,4,99,1961,1601,1074,813,1168,7
,159001,15,2,1,211.34,1378.50,1160.44,410.19,236.31,122.96,1.92,251.68,1925.09,2562.95,1223.84,730.08,457.26,9.61
,159002,15,2,1,228,2168,1627,284,102,33,9,269,3266,3684,851,358,130,152
,159003,15,2,1,216,1535,1465,444,170,42,13,229,2548,3855,1367,630,165,43
,159004,15,2,1,55,1198,2395,399,156,38,1,62,1776,5999,1255,504,176,3
,159005,15,2,1,92,1783,2011,416,118,6,18,113,2783,5277,1349,422,25,46
,159006,15,2,1,671,825,1648,420,179,67,0,685,1379,4150,1282,601,258,0
,159007,15,2,1,137,1151,818,373,154,36,0,151,1663,1939,1110,510,140,0
,159008,15,2,1,165,1176,1153,294,71,23,2,213,1966,2849,850,258,82,2
,159009,15,2,1,150.66,592.50,748.56,250.81,156.69,90.04,1.08,220.32,947.91,2017.05,709.16,453.92,324.74,3.39
,161001,20,2,1,8,194,432,500,116,19,4,11,327,1088,1463,394,74,11
,161002,20,2,1,47,716,549,261,83,24,5,53,1073,1200,778,246,93,87
,161003,20,2,1,78,1777,798,242,90,16,43,97,2750,1857,720,309,56,112
,161004,20,2,1,31,1491,886,16,4,3,1,34,2373,1820,42,17,19,1
,161005,20,2,1,5,24,97,400,184,42,2,10,28,234,1071,522,124,7
,161006,20,2,1,36,392,982,257,64,28,16,38,561,2270,779,198,107,74
,163001,16,2,1,196,2773,1827,363,128,29,6,201,4189,4556,1134,441,115,20
,163002,16,2,1,50,176,1961,934,328,67,67,51,283,4413,2603,1037,261,185
,163003,16,2,1,397,1866,1557,447,248,56,5,410,2739,4068,1318,727,195,7
,165001,19,2,1,849,492,764,646,163,39,11,866,645,1758,1887,459,105,24
,165002,19,2,1,96,298,938,499,153,16,2,102,442,2300,1305,454,51,9
,165003,19,2,1,22,1033,935,280,48,19,5,26,1422,2320,962,170,98,16
,165004,19,2,1,384,395,1815,23,1,0,5,402,542,4338,85,2,0,66
,165005,19,2,1,0,361,1683,534,39,1,1,0,443,4716,1599,114,2,1
,167001,17,2,1,391,1314,807,327,118,13,3,408,2111,1922,982,436,50,10
,167002,17,2,1,63,1286,478,349,40,5,0,76,2047,1217,1051,152,26,0
,167003,17,2,1,329,1500,966,204,81,13,2,343,2306,2403,656,298,51,13
,167004,17,2,1,10,1276,1044,376,110,30,6,11,1993,2556,1185,370,126,131
,167005,17,2,1,23,1152,933,651,222,48,4,42,2010,2359,1876,779,220,14
,167006,17,2,1,163,1161,1194,555,182,65,6,174,1859,2664,1627,609,227,17
,167007,17,2,1,13,609,1257,992,319,62,6,14,895,3278,2964,1163,280,15
,167008,17,2,1,91,1335,1475,326,55,17,4,101,2086,4014,984,222,79,25
,169001,19,2,1,211,1021,600,108,26,10,1,282,1717,1937,332,92,42,1
,169002,19,2,1,68,660,845,366,155,35,7,107,1091,2049,1001,461,123,34
,169004,19,2,1,15,275,982,828,203,69,5,21,367,2307,2365,570,238,126
,169006,19,2,1,249,1008,1462,253,125,24,6,336,1576,4360,786,436,105,7
,169007,19,2,1,7,1305,1646,333,96,24,4,28,1855,3859,942,320,124,4
,169008,19,2,1,105,740,1227,89,28,3,0,118,1014,3006,302,87,10,0
,169009,19,2,1,6,103,248,323,192,109,7,17,133,552,898,576,388,18
,169010,19,2,1,96.91,322.40,757.24,382.66,130.45,28.57,16.77,123.62,482.67,1985.96,1115.04,423.65,121.75,38.51
,169012,19,2,1,0,678,600,707,257,59,4,0,1146,1614,1999,826,208,11
,169013,19,2,1,1,5,102,113,67,38,9,1,14,225,316,213,139,19
,169014,19,2,1,59.09,196.60,461.76,233.34,79.55,17.43,10.23,75.38,294.33,1211.04,679.96,258.35,74.25,23.49
,173001,14,2,1,104,1921,982,368,127,41,8,129,2768,1996,1007,377,155,173
,173002,14,2,1,740,1725,1025,161,93,71,2,781,2506,2338,450,283,246,5
,173003,14,2,1,989,876,746,474,292,139,5,1060,1305,1696,1257,853,463,17
,173004,14,2,1,94,1487,921,582,249,100,3,100,2194,2016,1669,804,342,8
,173005,14,2,1,12,125,242,132,68,80,3,13,190,490,336,200,265,6
,173006,14,2,1,8,548,540,805,526,295,6,10,761,1320,2392,1653,995,19
,173007,14,2,1,47,341,864,683,234,39,1,49,447,2027,2002,743,135,1
,173008,14,2,1,141,1426,1407,778,223,58,3,150,2162,3169,2241,707,212,16
,173009,14,2,1,124,1189,1025,500,225,84,0,136,1641,2345,1370,711,302,0
,175001,16,2,1,21,843,648,323,121,27,5,21,1247,1515,996,412,96,10
,175002,16,2,1,5,974,1377,221,87,16,2,6,1384,3348,699,308,67,4
,175003,16,2,1,78,1820,1123,522,168,46,8,88,2685,2626,1552,595,234,123
,175004,16,2,1,183,2051,629,116,38,5,0,207,3284,1601,361,124,22,0
,175005,16,2,1,174,1246,1558,486,110,16,1,204,1994,3857,1425,372,92,1
,175006,16,2,1,0,471,1323,649,165,27,0,0,841,3379,2044,520,145,0
,175007,16,2,1,23,465,630,17,0,0,0,24,769,1318,52,0,0,0
,183001,18,2,1,24,79,166,230,136,78,26,26,124,372,668,433,270,39
,183002,18,2,1,66,137,932,307,90,10,0,68,170,2387,982,310,39,0
,183003,18,2,1,107,492,1379,397,91,21,1,113,631,3527,1195,270,70,4
,183004,18,2,1,91.82,769.72,1290.35,169.96,0,0.98,0.98,104.52,1041.27,3649.33,666.18,0,1.95,98.66
,183005,18,2,1,110.18,912.28,742.65,503.04,143,60.02,8.02,158.48,1621.73,1795.67,1497.82,412,217.05,26.34
,185001,12,1,1,21,209,735,1093,270,50,7,23,343,1879,3214,862,190,20
,185002,12,1,1,18,110,836,1240,434,59,4,29,187,2080,3554,1399,237,15
,185003,12,1,1,154,1506,1092,345,128,24,2,178,2359,2607,998,425,102,5
,185004,12,1,1,65,1122,919,328,98,24,6,77,1844,2342,979,303,100,148
,185005,12,1,1,155,238,999,450,165,36,5,209,439,2699,1355,580,156,9
,185006,12,1,1,197,3648,1829,251,49,14,4,246,5770,4124,679,177,41,6
,187001,18,2,1,35,501,1352,362,110,50,3,54,788,3517,1109,355,175,47
,187002,18,2,1,8,232,901,480,180,65,2,9,277,2142,1349,593,209,8
,187003,18,2,1,12,312,1034,793,196,10,0,12,419,2589,2297,627,57,0
,190001,25,3,1,116,1201,1242,1072,566,188,13,128,1751,2667,2793,1647,661,163
,190002,25,3,1,9,72,286,454,348,168,4,9,111,674,1278,1083,586,13
,190003,25,3,1,24,205,636,652,342,129,2,28,266,1431,1806,1037,438,5
,190004,25,3,1,5,92,140,302,55,18,13,10,122,294,761,163,53,40
,190005,25,3,1,41,329,611,883,389,124,0,47,465,1371,2203,1155,354,0
,190006,25,3,1,67,499,1201,1211,399,172,40,93,649,2712,3299,1217,593,96
,190007,25,3,1,45,1109,514,1086,46,44,5,53,1703,1105,3517,144,160,11
,201001,26,3,1,3,73,317,578,211,90,14,3,98,688,1539,651,299,40
,201002,26,3,1,85,449,1009,439,285,100,2,91,583,2190,1183,866,337,3
,201003,26,3,1,11,317,1002,609,358,80,3,12,405,2317,1585,1024,266,12
,201004,26,3,1,19,221,589,728,351,185,9,29,334,1231,1961,1053,715,16
,201005,26,3,1,70,171,432,1026,499,144,9,79,246,887,2743,1577,503,67
,210001,22,3,1,78,670,1055,608,344,183,10,83,886,2271,1637,1031,623,38
,210002,22,3,1,6,274,397,659,338,233,9,14,365,849,1603,905,735,23
,210003,22,3,1,11,822,626,391,251,166,3,15,1156,1350,1049,773,501,11
,210004,22,3,1,41,567,917,501,169,74,5,47,775,2057,1447,494,262,19
,210005,22,3,1,98,526,1808,1536,310,47,8,104,732,4280,4010,902,140,107
,210007,22,3,1,0,177,997,531,129,9,0,0,234,2201,1519,374,33,0
,210008,22,3,1,1,14,66,107,83,144,1,1,21,158,257,229,504,4
,210009,22,3,1,119,439,747,443,150,38,1,122,630,1720,1049,367,140,8
,217001,21,3,1,165.23,2660.54,1618.46,582.52,200.58,83.00,43.80,189.05,3681.88,3171.60,1500.11,529.50,238.23,145.25
,217002,21,3,1,185,2045,2006,625,103,40,21,211,3017,4918,1724,345,155,39
,217003,21,3,1,210,946,1692,556,168,70,5,249,1302,4331,1584,489,218,9
,217004,21,3,1,52,379,787,769,311,150,5,61,519,1727,1942,889,458,15
,217005,21,3,1,74,347,718,678,333,155,26,80,492,1439,1682,940,481,52
,217006,21,3,1,28,23,104,153,92,93,13,53,39,264,422,261,293,26
,217007,21,3,1,9,84,204,179,101,108,6,10,120,474,441,303,375,13
,217008,21,3,1,5,25,223,122,51,27,10,6,43,556,367,157,86,16
,217009,21,3,1,80,465,553,748,283,108,4,90,601,1129,2006,772,332,13
,217010,21,3,1,24,333,516,587,347,173,33,24,435,1141,1636,1016,599,106
,217011,21,3,1,101,516,1367,680,320,79,11,114,733,2903,1829,925,269,25
,217012,21,3,1,49.77,801.46,487.54,175.48,60.42,25.00,13.20,56.95,1109.12,955.40,451.89,159.50,71.77,43.75
,219001,23,3,1,415,1275,1688,824,270,142,20,464,1884,3518,2225,803,493,152
,219002,23,3,1,43,745,932,701,334,85,12,48,982,2036,1926,1026,304,26
,219003,23,3,1,4,24,51,84,105,58,0,6,48,121,223,306,191,0
,219004,23,3,1,0,20,238,175,107,62,4,0,40,557,434,303,211,4
,219005,23,3,1,0,59,225,359,148,111,3,0,92,494,966,457,396,4
,219006,23,3,1,12,496,1111,572,316,85,3,13,682,2634,1696,1053,296,9
,219007,23,3,1,20,126,231,248,182,64,4,24,152,496,616,501,276,12
,219008,23,3,1,0,24,57,136,120,85,0,0,38,136,371,337,266,0
,219009,23,3,1,33,540,765,464,203,47,0,38,748,1602,1249,618,146,0
,219010,23,3,1,163,1159,1402,506,237,73,3,185,1556,3186,1380,736,232,3
,219011,23,3,1,7,45,229,299,130,106,4,8,68,496,781,383,335,12
,219012,23,3,1,4,153,457,489,237,208,4,7,211,1031,1395,764,738,9
,219013,23,3,1,6,65,157,176,103,49,3,11,90,369,542,334,183,5
,219014,23,3,1,0,19,203,162,90,54,1,0,33,415,410,281,219,4
,223001,22,3,1,51,930,1241,538,257,165,4,58,1201,2207,1352,807,555,59
,223002,22,3,1,60,750,755,1063,340,56,8,61,1044,1652,2668,905,202,12
,223003,22,3,1,1,103,252,467,445,592,7,1,132,461,1051,1170,1810,15
,223004,22,3,1,0,5,20,40,29,63,3,0,9,39,97,86,174,12
,223005,22,3,1,48,642,1256,695,388,234,9,58,760,2488,1784,1122,780,32
,230001,26,3,1,29,1002,823,807,401,131,8,33,1407,1846,2216,1141,427,26
,230003,26,3,1,20,648,497,766,492,506,31,24,870,1074,1821,1401,1683,53
,230004,26,3,1,166,1045,1290,266,135,65,10,180,1479,2679,656,402,227,36
,230005,26,3,1,15,622,845,762,565,325,18,17,859,1835,2016,1793,1118,54
,230006,26,3,1,34,299,215,339,392,165,3,34,542,468,899,1120,516,10
,230007,26,3,1,103,1130,893,768,556,245,8,110,1672,2038,2118,1645,775,26
,230008,26,3,1,10,527,614,663,441,234,11,11,695,1278,1600,1249,740,33
,230009,26,3,1,417,149,439,317,262,297,12,449,174,774,717,737,931,152
,230010,26,3,1,9,534,795,871,603,549,22,11,781,1472,2115,1650,1761,52
,240001,25,3,1,2,61,68,166,88,63,8,2,78,148,398,275,191,14
,240002,25,3,1,53,519,1939,1062,476,148,9,61,765,4676,2947,1468,568,30
,240003,25,3,1,61.65,371.86,769.57,902.80,380.81,153.12,12.93,69.60,504.10,1744.96,2470.78,1184.18,574.69,27.84
,240004,25,3,1,12,142,275,275,86,32,6,15,188,603,776,248,121,17
,240005,25,3,1,8,104,283,566,278,141,15,13,156,597,1488,801,479,26
,240006,25,3,1,11,35,147,268,85,66,0,13,64,314,674,242,224,0
,240007,25,3,1,12.75,340.23,819.07,1078.16,465.32,106.53,5.04,24.23,451.85,1869.31,3028.70,1484.32,363.41,11.17
,240008,25,3,1,104.23,202.72,857.73,947.61,226.62,55.46,0.96,114.75,304.08,2158.19,2671.68,709.51,206.54,3.82
,240009,25,3,1,23.38,209.19,1109.63,436.42,124.25,51.89,11.07,26.43,269.97,2459.55,1236.85,441.98,184.36,77.16
,250001,24,3,1,100,1645,1291,629,210,77,33,113,2275,2591,1603,633,226,145
,250002,24,3,1,17,352,1180,716,248,95,3,20,459,2736,1976,714,295,20
,250003,24,3,1,9,341,661,1023,463,153,6,9,436,1515,2793,1414,527,15
,250004,24,3,1,26,712,1202,915,436,361,17,37,960,2431,2317,1208,1233,55
,250005,24,3,1,92,768,1340,956,404,205,18,113,1080,2783,2470,1200,624,57
,250006,24,3,1,23,461,997,1125,456,257,6,29,626,2208,3040,1373,853,11
,253001,35,5,2,89.77,1079.42,1845.68,300.44,147.41,51.50,7.04,99.19,1395.94,4263.65,802.41,424.67,163.40,25.08
,253002,35,5,2,148.10,1555.73,2840.62,2579.64,1049.42,290.22,18.26,173.74,2031.91,6430.37,6960.79,3149.94,972.08,152.43
,253003,35,5,2,18.13,172.84,743.71,1213.92,563.17,110.28,4.70,22.07,233.15,1700.98,3160.80,1620.38,365.52,29.49
,253004,35,5,2,68,356,1110,1357,560,185,29,111,736,2337,3651,1655,579,58
,253005,35,5,2,16,280,888,1072,429,142,3,31,344,1892,3046,1385,549,6
,259001,34,5,2,92,1472,1502,1016,423,135,39,116,2074,3113,2648,1263,465,260
,259002,34,5,2,63,1016.97,1478.80,336.31,169.44,55.00,2,71,1451.79,3181.29,902.87,471.30,183.86,7
,259003,34,5,2,89.90,796.02,1527.80,625.95,280.23,110.78,15.41,102.71,1082.64,3530.10,1739.86,863.99,360.43,27.63
,259004,34,5,2,0,244,558,651,257,74,5,0,357,1446,1889,788,264,27
,259005,34,5,2,88,616,1130,540,244,78,27,102,850,2577,1445,751,258,49
,259006,34,5,2,128,664,1202,890,415,220,11,162,933,2847,2398,1208,776,28
,259007,34,5,2,10.10,178.98,468.20,512.05,310.77,147.22,7.59,10.29,231.36,1040.90,1327.14,930.01,497.57,22.37
,259008,34,5,2,0,29.03,229.20,488.69,185.56,70.00,1,0,51.21,464.71,1270.13,553.70,218.14,5
,259009,34,5,2,2,175,415,490,273,104,13,2,241,897,1318,822,349,63
,259010,34,5,2,1,28,116,205,95,75,3,7,50,241,549,249,206,4
,259011,34,5,2,34,574,932,582,343,189,16,40,820,2036,1571,1112,673,36
,260001,24,3,1,45,824,1664,1204,518,208,12,49,1132,3338,2924,1481,622,27
,260002,24,3,1,5,422,574,512,207,99,0,5,611,1139,1290,590,305,0
,260003,24,3,1,13.60,310.78,621.55,513.75,177.72,72.84,6.80,15.54,436.06,1396.55,1393.63,540.94,236.97,127.22
,260004,24,3,1,43.40,1728.22,1470.45,989.25,403.28,131.16,47.20,70.46,2665.94,3361.45,2749.37,1226.06,458.03,72.78
,260005,24,3,1,14,379,502,350,92,69,2,15,533,1068,983,272,243,6
,265001,36,5,2,101,1124,934,432,179,86,14,117,1575,1832,1026,507,280,186
,265002,36,5,2,80,688,946,572,277,126,13,96,923,1919,1533,916,449,44
,265003,36,5,2,323,1340,1309,629,203,54,16,358,1819,2961,1873,625,283,117
,265004,36,5,2,190,1114,802,283,73,19,35,221,1734,1905,817,244,57,51
,265005,36,5,2,251,2179,792,445,197,23,66,275,3343,1800,1240,580,103,168
,265006,36,5,2,174,549,1031,799,573,264,39,194,719,2251,2083,1641,838,44
,265007,36,5,2,21,237,756,548,241,62,2,26,320,1625,1462,752,201,5
,265008,36,5,2,12,63,240,399,207,62,13,14,90,555,1109,672,237,39
,265009,36,5,2,40,12,123,164,66,46,4,55,23,319,441,217,182,9
,265010,36,5,2,237,2574,996,220,107,23,4,276,3724,2412,608,386,83,9
,265011,36,5,2,22,192,397,401,238,163,7,23,270,873,1066,718,578,19
,265013,36,5,2,9,313,749,915,528,150,11,13,502,1634,2450,1677,476,26
,265014,36,5,2,12,101,316,507,177,60,10,14,124,712,1358,566,240,32
,265015,36,5,2,32,163,385,597,273,72,1,35,223,781,1474,725,221,6
,265016,36,5,2,5,45,198,365,190,96,1,5,64,451,968,595,333,2
,265017,36,5,2,42,364,644,875,395,173,33,46,473,1446,2338,1165,591,88
,265018,36,5,2,1,12,89,173,95,44,1,1,18,209,451,280,158,3
,265021,36,5,2,526,605,902,388,162,45,9,547,790,2294,1310,640,185,29
,269001,35,5,2,20,252,659,638,297,122,19,24,344,1485,1739,881,399,44
,269004,35,5,2,41,323,1035,1072,468,207,245,49,405,2272,2901,1404,673,519
,269005,35,5,2,34,798,1563,1174,545,179,13,38,1067,3473,3206,1725,563,44
,270001,23,3,1,11,389,652,619,198,134,4,27,574,1333,1547,545,497,61
,270002,23,3,1,8,246,436,375,171,127,7,10,361,923,919,452,426,22
,270003,23,3,1,0,17,40,35,40,63,2,0,26,101,109,124,225,3
,270004,23,3,1,17,386,739,566,235,149,10,20,573,1673,1538,722,513,32
,270005,23,3,1,0,38,173,351,226,134,2,0,54,353,873,638,411,8
,270006,23,3,1,29,600,1053,860,397,185,13,37,776,2103,2114,1089,554,19
,270007,23,3,1,16,74,214,181,76,83,2,26,112,411,463,201,321,2
,270008,23,3,1,91,728,1329,908,389,200,12,99,927,2870,2428,1147,684,120
,270009,23,3,1,1,23,98,125,74,80,3,1,42,184,301,200,291,8
,270010,23,3,1,1,96,242,494,217,141,1,2,141,519,1299,639,460,2
,270011,23,3,1,26,229,412,324,135,124,3,27,329,841,841,405,420,16
,270012,23,3,1,6,167,319,265,92,51,2,9,239,657,609,220,145,5
,306001,38,5,2,36,457,671,516,210,132,8,41,573,1260,1220,561,372,11
,306002,38,5,2,19,349,550,481,210,150,1,24,523,1143,1189,566,440,3
,306003,38,5,2,43,302,341,263,143,123,3,49,451,652,622,383,343,6
,306004,38,5,2,16,332,401,432,190,155,5,27,459,890,1093,520,472,12
,306005,38,5,2,8,181,232,158,46,52,3,10,258,401,337,123,168,3
,306006,38,5,2,23,380,409,356,219,142,11,33,501,813,843,556,428,19
,306007,38,5,2,57,1109,1106,709,239,104,17,62,1456,2001,1608,656,292,48
,306008,38,5,2,9,190,255,239,101,71,8,11,241,417,476,227,177,12
,306010,38,5,2,9,74,213,183,88,107,7,10,111,406,440,219,283,14
,306011,38,5,2,49,559,595,403,167,105,11,62,777,1048,929,430,298,82
,306012,38,5,2,3,67,123,66,50,40,1,5,85,197,162,132,89,1
,306013,38,5,2,8,78,140,145,76,50,1,9,104,292,337,203,149,1
,316001,37,5,2,102,924,1795,1070,573,199,5,117,1289,4172,2829,1751,673,24
,316002,37,5,2,272,1587,2221,544,296,130,39,296,2159,4695,1494,920,398,120
,316003,37,5,2,85,1445,1397,342,96,34,5,99,1969,2658,870,264,125,12
,316004,37,5,2,20,143,311,704,261,183,0,22,209,686,1833,730,550,0
,316005,37,5,2,3,199,492,685,314,151,0,6,268,1104,1887,909,485,0
,316006,37,5,2,14,179,307,267,155,128,1,18,238,563,615,398,400,4
,316007,37,5,2,26,385,702,585,301,189,6,31,506,1463,1512,871,636,19
,316008,37,5,2,20,210,373,487,220,179,2,25,272,799,1206,604,583,5
,316009,37,5,2,54,202,336,620,290,205,1,58,282,693,1629,866,697,1
,316010,37,5,2,12,188,378,436,228,168,4,14,265,798,1059,646,532,16
,316011,37,5,2,21,566,873,543,265,154,3,28,776,1767,1333,762,476,4
,316012,37,5,2,4,289,540,548,278,182,4,4,418,1164,1345,793,606,10
,316013,37,5,2,6,364,563,453,183,94,5,13,478,1173,1114,530,306,18
,316014,37,5,2,9,238,358,462,239,166,1,9,320,785,1213,687,510,1
,316015,37,5,2,11,147,166,104,39,30,1,16,210,297,221,131,75,1
,320001,33,5,2,67,320,862,1043,581,239,32,77,434,1812,2671,1676,816,98
,320002,33,5,2,153,929,1452,851,441,238,14,185,1206,3089,2152,1266,754,28
,320003,33,5,2,42,611,767,561,259,134,7,44,766,1619,1367,706,400,13
,320004,33,5,2,24,361,628,530,233,149,6,28,474,1149,1243,606,438,40
,320005,33,5,2,18,214,702,475,241,206,1,79,259,1402,1130,638,602,5
,320006,33,5,2,4,150,411,511,240,196,6,4,203,878,1310,673,578,12
,320007,33,5,2,2,166,529,509,243,187,2,4,212,1017,1215,657,535,6
,326001,38,5,2,13,243,544,413,239,180,1,16,313,1033,954,608,555,11
,326002,38,5,2,2,35,85,52,20,16,0,2,45,126,97,38,34,0
,326003,38,5,2,16,437,648,571,240,180,2,17,569,1269,1404,632,536,6
,326004,38,5,2,15,387,460,346,168,103,0,15,506,900,838,479,296,0
,326005,38,5,2,3,153,249,180,135,110,0,3,220,460,439,334,318,0
,326006,38,5,2,1,80,100,90,35,14,1,1,114,185,192,71,40,1
,326007,38,5,2,9,128,196,123,67,53,0,12,180,368,265,191,159,0
,326008,38,5,2,1,216,404,443,192,164,0,1,281,794,1092,507,506,0
,326009,38,5,2,49,503,846,572,233,175,1,50,627,1648,1435,616,564,1
,326010,38,5,2,2,76,205,214,125,154,2,2,120,415,518,312,419,3
,326011,38,5,2,0,28,150,166,116,137,0,0,40,321,390,288,380,0
,326012,38,5,2,88,752,639,394,164,91,5,101,967,1191,935,401,271,134
,326013,38,5,2,51,818,721,271,53,22,2,53,1117,1412,644,157,66,4
,326014,38,5,2,2,54,194,216,112,117,1,6,72,380,561,310,348,1
,326015,38,5,2,8,134,463,559,203,118,1,9,170,995,1376,582,364,1
,326016,38,5,2,14,227,516,690,326,190,5,16,302,967,1665,892,560,11
,326017,38,5,2,2,52,134,105,62,46,0,3,74,239,227,138,110,0
,326018,38,5,2,40,772,809,381,173,69,0,42,1030,1776,892,476,206,0
,329001,39,5,2,156,1770,1906,927,459,196,100,219,2361,4047,2612,1416,581,275
,329002,39,5,2,1,12,74,95,57,75,2,4,26,168,261,146,254,2
,329003,39,5,2,0,15,74,93,62,66,2,0,20,161,236,173,221,16
,329004,39,5,2,50,444,925,681,302,89,4,83,633,2127,1792,883,316,16
,329005,39,5,2,2,24,128,158,83,128,4,6,50,273,404,216,374,12
,329006,39,5,2,104,1092,1144,430,170,72,1,116,1583,2699,1144,461,201,1
,329008,39,5,2,14,32,176,149,107,112,4,22,53,370,372,296,401,12
,329009,39,5,2,0,29,128,185,89,76,0,0,45,269,463,238,215,0
,329010,39,5,2,2,16,90,243,109,69,0,2,26,203,592,332,219,0
,329011,39,5,2,6,42,85,76,49,45,2,6,56,173,194,160,121,6
,329012,39,5,2,0,23,72,170,101,67,4,0,40,149,432,284,197,10
,329013,39,5,2,1,65,139,203,90,65,4,1,77,309,536,274,206,11
,329014,39,5,2,2,45,131,123,37,35,0,10,69,280,310,129,93,0
,330001,40,5,2,0,130,368,445,229,225,3,0,171,775,1109,621,624,9
,330003,40,5,2,16,83,203,169,131,132,3,20,107,411,452,397,398,8
,330004,40,5,2,3,96,219,256,133,98,0,4,132,434,635,343,281,0
,330005,40,5,2,43,1131,1553,760,353,116,5,46,1473,2935,1875,917,352,19
,330006,40,5,2,53,1346,1444,589,186,80,12,59,1930,3092,1392,502,235,22
,330007,40,5,2,3,118,311,409,135,62,1,4,178,630,981,355,212,2
,330008,40,5,2,3,136,383,533,221,157,2,3,181,820,1378,651,492,2
,330009,40,5,2,203,802,1533,497,254,107,7,221,1004,3487,1334,740,297,56
,330010,40,5,2,2,89,208,219,133,116,0,6,117,344,499,326,363,0
,330011,40,5,2,42,989,1474,980,501,289,19,80,1259,2789,2281,1322,841,41
,330012,40,5,2,0,0,0,0,0,0,0,0,0,0,0,0,0,0
,330013,40,5,2,24,40,152,169,109,97,1,24,48,315,418,293,298,3
,330017,40,5,2,0,0,0,0,0,0,0,0,0,0,0,0,0,0
,330019,40,5,2,573,2881,2044,886,362,172,17,628,4002,4306,2331,1039,556,211
,330021,40,5,2,221,547,948,802,349,119,6,274,822,1912,2107,973,334,13
,330022,40,5,2,130,1244,1824,626,270,111,12,162,1571,4133,1649,776,376,22
,330024,40,5,2,11,17,84,168,147,110,0,14,29,161,420,383,324,0
,330025,40,5,2,4,281,495,320,188,160,2,5,413,929,743,499,478,3
,336001,33,5,2,21,327,747,705,384,311,10,28,431,1562,1726,1059,939,65
,336002,33,5,2,23,403,973,910,555,267,10,26,574,1917,2305,1558,823,29
,336003,33,5,2,89,521,978,650,347,225,5,95,720,1931,1557,950,672,5
,336004,33,5,2,20,255,570,471,248,201,17,23,343,1107,1085,670,574,31
,340001,39,5,2,16,540,827,797,344,205,7,19,654,1653,1934,944,587,18
,340002,39,5,2,7,156,264,314,109,68,2,8,227,553,816,314,193,2
,340004,39,5,2,1,65,214,268,122,111,1,1,94,450,648,318,332,1
,340005,39,5,2,107,1004,799,534,239,108,9,124,1398,1456,1400,683,313,56
,340006,39,5,2,25,242,688,611,381,206,16,33,336,1403,1571,1114,614,58
,340008,39,5,2,11,190,633,524,270,185,4,14,246,1266,1306,738,590,12
,340010,39,5,2,26,403,672,657,370,288,3,32,530,1362,1626,1007,818,9
,350001,34,5,2,20,345,507,491,244,161,17,23,491,1107,1299,725,539,51
,350002,34,5,2,11,168,299,352,182,78,6,17,242,636,958,497,247,17
,350003,34,5,2,2,121,201,191,114,83,2,3,186,403,459,304,229,5
,350004,34,5,2,1,34,117,273,103,54,2,1,50,251,699,296,159,3
,350005,34,5,2,3,15,114,181,82,71,5,3,27,259,470,238,248,56
,350006,34,5,2,17,373,628,621,269,124,21,23,484,1384,1691,843,427,108
,350008,34,5,2,7,111,277,435,214,108,2,7,146,638,1120,656,341,8
,350009,34,5,2,6,191,297,354,192,136,4,6,295,639,899,557,442,16
,350011,34,5,2,4,119,212,515,190,86,9,4,154,485,1342,571,275,27
,350012,34,5,2,0,108,278,487,237,137,4,0,154,623,1280,669,474,10
,360001,29,5,2,0,50,117,122,39,52,1,0,71,196,225,92,142,2
,360003,29,5,2,5,220,476,371,147,108,2,5,269,819,778,318,275,7
,360008,29,5,2,0,65,118,149,75,80,0,0,74,187,303,170,184,0
,360011,29,5,2,11.74,200.43,334.57,331.50,146.71,135.10,8.16,11.90,254.64,583.51,722.38,354.56,374.75,16.16
,360013,29,5,2,72,968,1251,810,338,171,9,87,1206,2285,1825,880,441,125
,360014,29,5,2,0,0,0,0,0,0,0,0,0,0,0,0,0,0
,360019,29,5,2,6,193,436,453,214,233,5,6,259,795,989,463,601,20
,360020,29,5,2,177,1335,1906,992,304,123,7,186,1632,3499,2300,783,320,9
,360021,29,5,2,13.20,614.02,741.35,668.73,280.13,162.23,2.83,16.03,778.14,1453.47,1576.09,705.51,441.42,2.83
,360026,29,5,2,2.05,35.54,77.07,85.77,42.16,28.67,0.01,2.07,46.22,120.02,157.53,81.92,65.83,0.01
,360027,29,5,2,1,38,91,62,47,21,8,1,49,153,97,99,51,10
,360028,29,5,2,0,0,0,0,0,0,0,0,0,0,0,0,0,0
,360029,29,5,2,3,121,301,320,202,195,3,3,139,523,651,508,483,6
,360035,29,5,2,9,186,328,376,196,196,1,9,243,548,759,423,517,1
,360036,29,5,2,12,187,551,595,256,190,5,13,232,948,1231,605,511,5
,360037,29,5,2,13,280,356,183,70,27,6,14,342,632,380,177,74,75
,370001,32,5,2,8,417,619,541,255,224,1,9,544,1227,1237,682,679,1
,370002,32,5,2,2,25,92,130,79,103,0,18,41,168,299,172,323,0
,370003,32,5,2,1,143,269,237,139,124,0,1,223,537,575,361,376,0
,370004,32,5,2,7,95,270,381,242,147,0,7,118,513,951,692,435,0
,370005,32,5,2,1,20,86,138,93,73,0,2,27,184,341,239,215,0
,370006,32,5,2,5,111,303,316,192,153,1,7,146,672,764,552,511,42
,370007,32,5,2,5,57,190,193,136,116,1,6,83,374,450,389,367,3
,370008,32,5,2,13,397,700,684,346,108,1,15,545,1413,1787,1043,336,2
,370009,32,5,2,1,58,212,203,101,54,0,1,75,423,509,282,156,0
,370010,32,5,2,0,115,148,203,125,113,0,0,137,280,520,339,363,0
,370011,32,5,2,7,270,420,410,213,140,1,7,347,801,1100,609,428,4
,370012,32,5,2,0,10,47,70,56,48,0,0,19,93,166,162,136,0
,370014,32,5,2,4,277,547,497,239,172,1,5,377,1175,1251,672,517,3
,370020,32,5,2,19,589,726,537,292,141,1,20,771,1398,1411,849,440,5
,370021,32,5,2,128,1041,732,249,73,40,15,150,1356,1249,549,190,119,249
,370022,32,5,2,241,2225,1672,790,191,29,4,303,3283,3597,1981,530,107,7
,370023,32,5,2,91,983,946,620,305,93,1,101,1515,1994,1573,830,286,13
,370024,32,5,2,60,896,1271,552,312,138,3,67,1237,2448,1417,836,443,13
,370026,32,5,2,29,254,359,443,302,159,0,32,365,693,1120,804,553,0
,370027,32,5,2,82,554,1043,588,376,162,2,96,736,1986,1586,1154,527,4
,370028,32,5,2,214,788,1327,251,87,14,0,223,1031,2951,644,216,39,0
,370029,32,5,2,2,17,126,133,46,41,0,2,25,276,334,122,153,0
,370031,32,5,2,0,89,235,223,139,152,0,0,129,492,538,361,453,0
,370032,32,5,2,35,318,426,235,179,105,2,51,461,723,504,457,301,3
,376001,30,5,2,169,1223,970,354,122,72,24,186,1521,1640,804,307,238,146
,376002,30,5,2,143,682,749,444,148,42,10,169,942,1457,1078,404,130,16
,376003,30,5,2,55,669,640,449,159,66,0,63,994,1529,1002,418,177,0
,376004,30,5,2,127,918,763,437,186,50,5,140,1214,1417,1055,492,146,11
,376005,30,5,2,1,98,315,392,226,137,4,2,140,632,950,676,428,16
,376006,30,5,2,16,118,226,257,146,124,3,17,142,428,599,364,355,6
,376007,30,5,2,0,310,494,495,249,134,0,0,378,993,1174,662,372,0
,376008,30,5,2,11,280,440,420,201,168,9,22,346,772,862,458,432,16
,376009,30,5,2,0,75,196,217,126,148,0,0,98,328,483,307,377,0
,376010,30,5,2,11,334,454,444,189,153,8,15,407,820,1056,465,433,14
,376011,30,5,2,6,115,306,316,147,166,1,9,160,584,707,394,447,1
,376012,30,5,2,8,119,345,422,178,159,1,14,149,684,933,440,480,1
,376013,30,5,2,58,785,976,707,296,127,11,60,968,1789,1591,799,347,94
,376014,30,5,2,0,75,269,217,101,118,3,0,91,479,457,230,306,13
,376015,30,5,2,1,30,160,154,99,88,3,1,44,304,351,241,264,3
,376016,30,5,2,28,451,625,435,215,192,17,31,531,1142,897,542,516,27
,376017,30,5,2,13,97,388,448,228,253,4,17,141,705,993,624,698,6
,376018,30,5,2,9,146,262,275,122,105,1,9,188,509,633,337,274,3
,376019,30,5,2,3,290,591,484,210,143,11,3,412,1048,1026,535,366,22
,376020,30,5,2,5,151,251,204,68,72,0,8,189,419,381,136,178,0
,390001,31,5,2,241,1213,869,514,206,76,10,271,1618,1704,1245,538,224,162
,390002,31,5,2,29,705,989,350,109,58,5,37,937,1833,878,317,158,11
,390003,31,5,2,13,254,354,365,248,122,3,18,336,670,852,671,352,6
,390004,31,5,2,37,186,468,334,134,82,1,49,286,1033,884,372,255,1
,390005,31,5,2,1,65,138,156,88,98,0,5,80,248,382,238,304,0
,390006,31,5,2,13,194,477,471,277,253,0,18,298,932,1113,728,776,0
,390007,31,5,2,2,136,335,280,121,69,0,2,174,664,696,323,218,0
,390008,31,5,2,37,730,1004,678,279,216,8,45,871,1705,1523,651,588,15
,390009,31,5,2,8,129,208,211,125,117,1,8,166,362,429,282,298,2
,390010,31,5,2,3,145,292,265,179,194,3,4,179,541,599,446,547,8
,390011,31,5,2,2,120,170,144,76,63,1,2,172,309,307,196,196,8
,390012,31,5,2,27,605,791,492,224,119,4,28,736,1374,1112,554,318,7
,390013,31,5,2,5,64,119,162,100,84,0,11,90,250,378,250,243,0
,390014,31,5,2,2,79,119,66,53,66,2,6,115,223,158,127,173,4
,390015,31,5,2,4,146,240,260,113,109,3,13,201,472,643,300,324,7
,390016,31,5,2,4,166,354,307,138,95,0,5,210,630,634,320,247,0
,390017,31,5,2,2,90,307,284,149,70,5,3,112,591,688,393,218,16
,400001,28,4,1,12,258,525,456,247,207,47,13,308,883,896,514,542,102
,400002,28,4,1,3,156,375,400,238,269,4,3,199,686,809,593,632,10
,400003,28,4,1,3,134,339,303,146,135,6,6,169,596,609,337,383,14
,400004,28,4,1,63,458,873,525,233,175,1,84,560,1583,1139,599,525,4
,400005,28,4,1,3,75,255,233,117,133,1,3,100,436,472,272,340,1
,400006,28,4,1,15,382,763,696,384,342,7,21,461,1355,1570,980,933,15
,400007,27,4,1,1,82,370,355,203,186,2,1,113,661,811,533,535,4
,400008,27,4,1,317,1985,2996,1452,568,294,28,339,2534,5727,3344,1435,848,148
,400009,27,4,1,23,274,433,397,182,125,4,26,380,765,834,441,339,8
,410001,45,6,2,30,1095,1474,719,228,114,12,37,1389,2830,1677,648,339,52
,410002,45,6,2,67,465,1181,917,409,109,2,75,577,2335,2310,1200,340,41
,410003,45,6,2,9,141,533,640,378,206,9,13,187,1043,1547,1034,589,19
,410004,45,6,2,5,138,571,305,204,133,2,5,196,1162,798,634,388,4
,410005,45,6,2,0,97,191,177,107,110,15,0,111,372,432,297,337,33
,410006,45,6,2,11,296,562,435,258,184,8,16,365,1139,1078,726,556,24
,410007,45,6,2,3,55,191,207,172,161,3,3,80,354,502,488,483,8
,410008,45,6,2,9,241,467,330,195,191,4,11,323,940,737,497,517,8
,410009,45,6,2,7,202,357,328,165,177,4,9,258,688,803,435,510,14
,410010,45,6,2,8,171,314,260,202,209,4,9,218,544,651,520,631,19
,410011,45,6,2,2,60,165,237,123,123,0,3,79,320,577,318,341,0
,411001,28,4,1,0,0,0,0,0,0,0,0,0,0,0,0,0,0
,420001,44,6,2,45,1051,1155,825,373,222,5,54,1332,2131,1835,874,592,43
,420002,44,6,2,1,71,231,255,131,151,0,1,94,457,585,341,464,0
,420003,44,6,2,0,11,78,125,59,85,0,0,18,160,292,143,232,0
,420004,44,6,2,0,19,92,99,73,97,1,0,29,194,237,188,284,5
,420005,44,6,2,4,385,547,473,301,202,0,4,455,1067,1211,848,583,0
,420006,44,6,2,1,13,79,115,59,58,0,1,19,160,262,146,152,0
,420007,44,6,2,1,35,113,148,123,132,1,2,54,224,360,311,396,1
,420008,44,6,2,21,292,464,386,188,162,2,21,371,886,918,521,482,13
,420009,44,6,2,1,61,113,132,83,92,0,1,83,207,313,221,261,0
,420010,44,6,2,1,35,81,117,87,91,3,2,56,170,272,230,295,6
,420011,44,6,2,19,404,803,769,403,276,2,19,531,1621,1910,1103,812,2
,420012,44,6,2,0,29,69,118,76,70,0,0,40,117,265,183,187,0
,420013,44,6,2,14,191,556,447,218,155,3,14,231,950,1029,584,424,8
,420014,44,6,2,0,22,71,95,69,60,0,0,34,137,209,177,167,0
,420015,44,6,2,1,52,153,259,169,96,1,1,77,295,616,494,253,4
,420016,44,6,2,2,162,238,230,146,105,0,3,212,430,589,435,344,0
,420017,44,6,2,14,181,348,305,165,102,0,16,246,730,818,480,317,0
,420018,44,6,2,1,124,157,191,129,131,1,1,167,314,462,350,385,2
,430001,48,6,2,1,39,214,241,117,93,1,1,58,409,594,298,289,2
,430002,48,6,2,1,103,179,171,105,81,0,1,127,360,422,286,239,0
,430003,48,6,2,1,131,267,258,144,127,3,1,156,484,603,365,394,6
,430004,48,6,2,0,46,134,110,101,88,1,0,70,247,228,245,245,2
,430005,48,6,2,0,0,0,0,0,0,0,0,0,0,0,0,0,0
,430007,48,6,2,52,931,1583,1007,493,257,17,72,1155,2703,2237,1223,678,26
,430008,48,6,2,1,94,226,289,167,152,0,1,130,409,626,388,379,0
,430009,48,6,2,19,118,239,269,173,140,1,19,146,431,605,427,372,1
,430010,48,6,2,0,0,0,0,0,0,0,0,0,0,0,0,0,0
,430011,48,6,2,2,116,236,294,207,148,2,2,142,441,651,510,365,4
,430012,48,6,2,1,95,244,239,143,112,4,1,113,436,512,344,286,9
,430013,48,6,2,1,35,146,204,124,106,2,1,50,298,484,318,331,8
,430014,48,6,2,2,44,130,205,112,139,4,2,52,244,465,284,416,11
,430015,48,6,2,80,748,1135,838,516,346,44,152,935,2244,2061,1448,1089,165
,430016,48,6,2,1,23,109,145,98,93,0,5,33,224,351,237,284,0
,430017,48,6,2,7,165,245,292,145,131,3,7,202,499,646,390,350,3
,430018,48,6,2,9,237,317,301,149,99,4,9,310,614,725,423,346,10
,430019,48,6,2,7,169,307,337,165,91,1,10,203,581,809,452,266,3
,430020,48,6,2,10,186,424,485,315,214,10,13,222,879,1242,898,619,20
,430021,48,6,2,0,149,217,259,133,105,3,0,171,412,663,369,311,9
,430022,48,6,2,2,194,523,620,379,191,5,13,249,1055,1617,1153,601,14
,440001,46,6,2,5,95,248,250,165,167,1,5,132,438,571,417,503,4
,440002,46,6,2,86,960,1149,752,336,175,20,98,1238,2101,1733,871,472,63
,440003,46,6,2,1,73,217,304,197,166,1,5,97,435,728,545,518,2
,440004,46,6,2,4,65,234,320,153,117,4,4,83,544,812,442,355,12
,440005,46,6,2,18,328,703,686,269,83,4,19,435,1355,1762,745,258,12
,440006,46,6,2,39,465,1350,584,267,157,3,45,568,2768,1465,708,436,8
,450001,46,6,2,0,56,205,215,138,131,0,0,75,410,493,341,405,0
,450002,46,6,2,94,1169,1991,937,383,110,16,104,1493,4109,2347,1068,402,47
,450003,46,6,2,35,955,1420,767,232,98,7,38,1261,2549,1760,595,294,12
,450004,46,6,2,11,248,358,206,173,100,1,11,326,651,552,531,295,3
,450005,46,6,2,0,23,122,148,80,84,0,0,29,246,368,214,224,0
,450006,46,6,2,7,210,458,398,196,88,0,7,249,917,989,554,270,0
,450007,46,6,2,0,8,44,84,44,29,0,0,9,104,191,111,86,0
,450008,46,6,2,0,18,60,87,44,41,0,0,18,125,204,120,118,0
,450009,46,6,2,0,27,90,112,83,74,0,0,44,169,279,224,204,0
,450010,46,6,2,9,214,314,199,116,87,1,9,252,535,472,305,266,6
,450011,46,6,2,4,55,138,156,119,132,0,4,76,259,366,279,393,0
,450012,46,6,2,4,42,128,167,124,78,0,4,56,244,403,336,264,0
,450013,46,6,2,0,26,140,148,100,86,1,0,39,281,373,294,236,12
,461001,41,6,2,363,3990,1941,511,129,32,11,407,5625,3875,1353,417,127,535
,461002,41,6,2,68,2381,1975,751,235,71,222,86,3400,4013,2240,820,291,293
,461003,41,6,2,77,1137,725,203,43,8,21,80,1692,1787,618,132,27,25
,461004,41,6,2,192,3090,1483,505,206,41,6,221,4391,3000,1461,692,146,9
,461005,41,6,2,104,1440,2083,278,146,16,158,146,1878,4814,823,456,44,209
,461006,41,6,2,24,59,355,492,185,69,0,26,69,742,1295,536,256,0
,461007,41,6,2,48,601,1135,657,262,110,3,59,785,2424,1912,878,413,7
,461009,41,6,2,28,275,683,366,159,100,6,30,427,1563,1066,469,361,17
,461011,42,6,2,487,3294,1933,784,252,97,16,561,4570,3941,2023,745,295,32
,461012,42,6,2,221,3218,1880,454,84,14,78,242,4823,4043,1273,310,48,127
,461013,42,6,2,1,37,159,160,99,55,1,1,55,312,397,288,183,3
,461014,42,6,2,18,1041,1027,606,315,125,3,40,1469,2142,1605,953,448,3
,461016,42,6,2,0,390,652,428,283,118,0,0,502,1253,1137,912,374,0
,461017,42,6,2,59,442,1307,778,288,79,5,65,649,2666,2034,835,251,13
,461018,42,6,2,75,313,1012,866,312,78,1,80,419,2001,2239,888,223,1
,461019,42,6,2,159,456,763,518,315,129,11,173,551,1488,1363,1017,462,45
,461020,42,6,2,9,193,649,663,344,136,1,10,238,1343,1658,971,418,2
,461021,42,6,2,3,98,372,353,217,203,4,4,143,827,910,652,628,9
,461023,43,6,2,401,3517,2067,769,329,166,67,454,4684,3813,1917,889,496,91
,461024,43,6,2,41,169,638,607,505,310,1,48,251,1285,1664,1469,997,1
,461025,43,6,2,564,1765,1938,477,189,47,1,626,2463,4014,1249,538,203,4
,461026,43,6,2,50,857,1832,1370,611,186,5,60,1096,3824,3570,1752,644,5
,461028,43,6,2,6,201,657,757,442,218,3,9,257,1227,1959,1248,748,3
,461029,43,6,2,75,708,939,742,329,96,13,83,969,2063,2144,1038,322,18
,461030,43,6,2,298,1026,1544,960,383,77,90,327,1421,3222,2518,1101,339,156
,461031,43,6,2,57,137,491,458,267,131,9,58,188,1107,1216,749,399,10
,461032,43,6,2,12,44,99,122,70,71,3,13,52,166,292,197,234,8
,461033,43,6,2,75,425,827,632,301,146,2,84,569,1789,1650,898,455,3
,461035,41,6,2,205,884,2749,455,79,28,37,219,1143,7540,1651,226,109,56
,461036,41,6,2,263,890,1054,300,80,17,2,280,1100,2177,822,232,65,5
,479001,47,6,2,640,2611,2636,1328,506,219,40,669,3291,4893,3312,1352,651,190
,479002,47,6,2,70,648,644,356,90,24,22,79,832,1320,941,260,73,46
,479003,47,6,2,148,1084,1494,640,229,85,6,160,1361,3237,1677,656,277,7
,479004,47,6,2,2.84,35.18,151.48,164.53,100.99,81.70,1.13,3.40,45.95,287.64,389.76,259.84,230.91,3.40
,479005,47,6,2,5,204,460,524,420,198,8,8,251,813,1234,1144,568,43
,479006,47,6,2,0,0,0,0,0,0,0,0,0,0,0,0,0,0
,479007,47,6,2,11,67,277,377,227,148,2,14,88,547,861,574,442,5
,479008,47,6,2,2.16,26.82,115.52,125.47,77.01,62.30,0.87,2.60,35.05,219.36,297.24,198.16,176.09,2.60
,479009,47,6,2,23,172,300,306,227,163,3,24,222,625,767,661,467,6
,479010,47,6,2,4,101,354,565,349,188,4,6,118,633,1316,918,546,8
,479011,47,6,2,1,307,437,360,134,78,3,1,422,839,928,381,240,12
,479014,47,6,2,2,49,177,187,87,75,2,4,71,373,451,236,229,6
,479016,47,6,2,41,126,199,258,139,134,0,42,197,407,638,376,554,0
,479017,47,6,2,17,218,359,321,155,128,5,20,266,710,773,406,377,8
,479019,47,6,2,7,124,312,373,211,186,6,8,160,598,910,571,541,13
,479021,47,6,2,3,71,142,136,104,105,5,3,83,281,302,291,290,7
,479023,47,6,2,7,88,195,209,130,85,1,10,116,348,516,340,251,1
,479025,47,6,2,8,106,215,196,83,92,2,8,142,364,436,213,255,5
,479027,47,6,2,2,128,241,212,148,125,7,11,162,457,487,408,374,22
,480001,45,6,2,21,695,949,633,338,248,16,28,854,1807,1459,869,710,83
,480002,45,6,2,1,22,108,122,75,102,0,2,33,191,259,190,256,0
,480003,45,6,2,12,163,372,366,277,244,6,21,257,745,869,691,688,14
,480004,45,6,2,23,588,961,867,457,218,4,30,730,1836,2118,1265,645,9
,480005,45,6,2,0,18,108,159,103,103,4,0,33,230,377,284,318,7
,480006,45,6,2,1,62,151,195,110,102,0,1,92,288,483,287,275,0
,480007,45,6,2,10,50,142,171,105,105,0,10,77,297,424,266,304,0
,480008,45,6,2,7,71,217,329,286,233,6,7,99,437,832,826,686,15
,480009,45,6,2,1,57,146,197,124,145,1,1,75,284,466,310,429,3
,480010,45,6,2,27,408,521,538,330,202,6,32,514,1005,1340,977,601,14
,482001,47,6,2,1.08,59.62,161.19,152.85,62.93,50.54,1.05,1.09,80.06,263.36,310.80,132.43,110.66,1.06
,482002,47,6,2,5.67,163.41,379.39,371.18,181.60,166.71,2.95,10.39,196.95,653.69,751.50,422.55,410.19,3.94
,482005,47,6,2,27.25,675.97,1216.42,645.97,292.47,192.75,29,37.52,810.00,2102.94,1406.70,736.02,551.15,59
,482007,47,6,2,2,121.06,256.82,318.71,155.48,138.00,6.72,2,146.32,445.41,649.17,377.34,358.86,17.09
,482011,47,6,2,2,93.94,244.18,221.29,128.52,126.00,2.28,6,109.68,363.59,411.83,264.66,284.14,2.91
,492001,48,6,2,107,281,405,494,181,125,3,119,329,632,934,420,308,5
,492002,48,6,2,17,210,255,301,197,174,8,23,260,415,567,441,429,17
,492003,48,6,2,1,50,165,166,121,84,3,1,57,258,302,234,205,8
,510001,61,7,2,167.35,1912.37,2054.23,920.42,389.34,212.46,11.59,191.30,2309.58,3667.44,2184.08,1031.16,620.03,74.77
,510002,61,7,2,58,954,1256,627,360,143,1,62,1302,2594,1547,1015,425,1
,510003,61,7,2,67.40,522.90,559.87,530.52,305.44,152.93,2.40,71.44,652.25,1020.04,1333.69,821.55,433.23,5.22
,510004,61,7,2,0.93,29.43,118.02,134.38,101.95,102.85,1,1.84,35.30,245.60,335.54,285.42,295.11,4
,510005,61,7,2,1.83,30.13,136.31,147.87,83.60,87.15,0,4.92,39.59,280.39,351.04,236.98,267.41,0
,510006,61,7,2,3.72,71.59,237.46,243.50,163.04,115.21,0,3.72,84.64,463.66,591.60,461.57,339.86,0
,510007,61,7,2,0,0,0,0,0,0,0,0,0,0,0,0,0,0
,510008,61,7,2,1.42,94.21,190.08,193.23,157.21,136.47,2,1.42,119.07,341.98,441.39,399.86,404.07,3
,510009,61,7,2,0,39,252,464,237,130,1,0,50,503,1216,713,430,2
,510010,61,7,2,3.58,55.79,185.92,196.77,138.79,118.53,1,5.58,79.93,350.02,441.61,345.14,348.93,1
,510011,61,7,2,0,67.77,166.34,125.36,110.68,75.52,3,0,88.12,390.88,278.09,285.85,211.11,6
,510012,61,7,2,1,27.90,62.13,141.33,109.34,42.16,0,1,33.33,124.50,360.65,314.64,116.94,0
,510013,61,7,2,10.25,39.73,179.90,182.06,146.22,87.61,0.01,16.26,53.17,328.52,453.22,393.29,286.74,0.01
,510014,61,7,2,1,70.33,267.53,286.31,164.98,116.32,0,1,98.55,557.62,718.26,455.51,341.95,0
,510015,61,7,2,0,51,139,210,97,83,0,0,65,262,494,259,238,0
,510016,61,7,2,6,33,113,181,81,39,3,7,44,197,443,226,125,6
,510017,61,7,2,74.03,813.97,1287.98,963.56,377.33,144.99,6.89,83.03,989.86,2301.45,2323.69,1040.74,391.10,12.77
,510018,61,7,2,2.50,118.87,266.22,310.69,215.08,182.79,0.11,3.50,144.61,501.90,756.13,562.29,537.52,0.23
,510019,61,7,2,1,32,117,162,98,97,0,1,46,244,373,237,296,0
,510020,61,7,2,4,240.81,474.47,475.32,231.07,158.25,3,4,286.78,915.08,1055.30,609.68,461.42,5
,510021,61,7,2,0,30.53,80.08,132.00,73.23,53.41,1.79,0,43.07,140.37,265.22,195.11,153.42,6.25
,510022,61,7,2,0,11.65,19.45,74.69,45.70,48.34,1.21,0,15.16,39.55,184.48,131.21,140.16,2.75
,530001,55,7,2,103,622,835,832,563,245,2,117,838,1607,2066,1620,773,7
,530002,55,7,2,5,130,349,310,177,110,1,5,161,649,742,464,327,4
,530003,55,7,2,5,133,205,247,192,155,2,6,171,383,572,508,487,4
,530004,55,7,2,3,63,122,126,86,59,0,3,77,221,302,228,185,0
,530005,55,7,2,4,33,101,147,67,62,0,4,39,221,357,201,212,0
,530006,55,7,2,102,1004,1622,1348,769,341,8,115,1277,3063,3241,2176,1089,45
,530007,55,7,2,6,99,230,288,189,109,2,6,120,390,674,535,311,5
,540001,49,7,2,33,479,1075,749,301,223,9,35,560,1871,1714,749,641,17
,540002,49,7,2,16,215,457,338,140,127,2,16,261,919,754,353,397,3
,540003,49,7,2,14,230,586,441,209,180,2,16,274,1042,1018,538,516,4
,540004,49,7,2,8,75,255,342,207,201,1,8,91,490,755,524,542,2
,540005,49,7,2,25,251,616,549,250,135,13,28,318,1065,1261,690,381,22
,540006,49,7,2,1,179,290,452,335,218,5,1,202,481,1103,933,602,17
,540007,49,7,2,6,89,269,349,182,240,1,7,125,495,765,443,653,3
,540008,49,7,2,1,27,47,67,50,64,0,2,45,87,131,127,164,0
,540009,49,7,2,279,842,1884,886,404,212,4,309,1026,3972,2281,1195,625,14
,540010,49,7,2,355,1235,1687,593,340,87,23,369,1621,3535,1415,901,280,56
,540011,49,7,2,136,1694,1574,588,246,175,27,158,2087,2750,1314,640,523,131
,540012,49,7,2,15,314,888,839,459,197,1,15,362,1617,2113,1337,606,4
,540013,49,7,2,0,117,296,505,267,192,1,0,141,589,1236,774,570,3
,540014,49,7,2,0,45,170,249,149,146,2,0,59,329,595,415,418,2
,540015,49,7,2,17,266,514,573,382,281,4,20,329,920,1424,1069,844,10
,540016,49,7,2,22,656,1171,1068,583,368,13,25,784,2134,2463,1543,1014,22
,540017,49,7,2,0,23,93,132,74,74,0,0,32,170,307,231,223,0
,550001,51,7,2,5,72,231,290,140,124,2,6,90,423,665,351,334,2
,550002,51,7,2,1,17,73,110,62,73,0,1,21,123,222,151,200,0
,550003,51,7,2,0,5,58,87,48,40,0,0,7,109,216,126,107,0
,550004,51,7,2,2,146,249,244,121,94,1,2,183,407,551,275,281,1
,550007,51,7,2,0,11,66,83,44,56,0,0,20,119,170,93,157,0
,550008,51,7,2,1,32,109,164,110,75,0,1,47,195,390,266,220,0
,550012,51,7,2,7,285,480,428,282,164,2,8,318,786,897,712,485,3
,550014,51,7,2,0,17,108,165,148,130,2,0,21,164,382,412,421,7
,550015,51,7,2,15,47,61,88,64,82,0,15,58,104,204,151,241,0
,550016,51,7,2,0,15,47,126,89,100,2,0,19,87,284,270,310,8
,550017,51,7,2,0,132,169,292,165,183,4,0,159,319,653,427,548,11
,550018,51,7,2,0,38,81,108,51,67,2,0,61,140,244,119,208,2
,550019,51,7,2,0,10,58,73,41,53,0,0,13,108,178,106,164,0
,550021,51,7,2,2,23,75,97,65,47,0,3,35,140,212,173,144,0
,550023,51,7,2,32,302,433,590,334,200,4,39,350,810,1347,881,584,22
,550024,51,7,2,0,20,102,172,89,81,1,0,21,173,372,247,235,4
,550025,51,7,2,97,1006,1437,998,494,274,9,106,1213,2549,2226,1270,768,52
,550027,51,7,2,0,22,98,159,107,74,2,0,27,190,375,290,215,3
,550029,51,7,2,0,17,96,158,96,80,0,0,22,153,342,255,243,0
,550051,51,7,2,2,24,96,89,53,31,2,3,31,153,176,118,73,5
,550061,51,7,2,10,299,577,527,270,142,1,12,359,967,1191,734,443,1
,550071,51,7,2,0,15,48,81,62,58,1,0,22,93,180,161,193,1
,561002,52,7,2,300,4013,2467,769,276,97,22,308,5173,4273,1736,707,289,188
,561003,52,7,2,98,914,716,50,32,7,3,114,1116,1158,129,92,23,3
,561004,52,7,2,26,1060,889,321,91,29,5,31,1445,1747,795,252,127,6
,561005,52,7,2,212,954,1668,474,144,24,2,221,1279,3752,1239,365,69,3
,561006,52,7,2,322,832,1405,525,234,85,3,327,1136,2734,1366,695,272,7
,561007,52,7,2,31,731,1115,501,121,29,4,34,990,2535,1305,345,95,11
,561008,53,7,2,1,57,193,302,230,92,4,1,71,380,794,693,278,17
,561011,52,7,2,12,533,509,523,345,74,3,16,708,964,1351,956,220,13
,561012,53,7,2,2,120,295,521,288,132,5,3,141,618,1380,885,421,8
,561015,52,7,2,1,480,953,1125,485,139,0,2,564,1913,2853,1405,417,0
,561016,53,7,2,27,419,864,998,731,320,14,32,490,1577,2438,2102,995,41
,561017,53,7,2,0,28,114,243,152,55,2,0,42,210,662,494,180,5
,561020,53,7,2,4,125,397,470,292,150,4,5,152,798,1205,896,488,14
,561021,52,7,2,40,793,536,429,171,41,0,41,957,1354,1129,446,130,0
,561022,52,7,2,31,304,478,422,223,59,0,34,362,1001,1021,585,169,0
,561023,52,7,2,34,511,653,411,185,40,1,35,647,1430,1029,515,123,1
,561024,53,7,2,14,161,611,484,320,68,4,16,188,1306,1284,1091,267,16
,561025,53,7,2,48,681,1216,1404,875,478,6,59,809,2255,3518,2532,1431,9
,561028,53,7,2,179,1244,1555,1295,809,442,34,203,1492,2836,2991,2225,1319,88
,561032,53,7,2,2,76,165,326,172,118,0,11,92,292,809,471,375,0
,561033,53,7,2,3,110,278,372,241,176,2,3,143,504,906,676,556,9
,561035,53,7,2,0,0,0,0,0,0,0,0,0,0,0,0,0,0
,561038,53,7,2,0,20,148,239,157,140,1,0,27,267,528,403,407,2
,561040,53,7,2,12,198,389,464,300,226,6,13,273,756,1077,872,669,8
,563001,52,7,2,10,248,458,398,277,144,9,12,310,786,895,712,394,15
,563002,52,7,2,1,25,52,69,31,20,4,2,39,80,126,64,48,5
,573001,54,7,2,203,1712,2300,1581,857,376,86,223,2163,4349,3817,2384,1167,238
,573004,54,7,2,0,36,91,156,112,73,1,0,52,180,387,302,210,2
,573005,54,7,2,5,25,75,103,70,73,0,8,29,134,241,209,229,0
,573006,54,7,2,0,14,68,101,79,85,2,0,24,143,238,257,267,5
,573007,54,7,2,0,30,125,225,165,82,6,0,44,227,560,507,285,20
,573008,54,7,2,0,38,106,142,104,90,0,0,64,217,331,290,264,0
,573009,54,7,2,1,24,115,170,125,106,3,1,27,233,415,329,312,9
,573010,54,7,2,3,37,122,179,120,113,1,3,50,238,457,324,330,2
,573013,54,7,2,3,157,341,320,166,122,8,5,187,557,704,424,361,18
,573014,54,7,2,5,31,102,83,72,66,5,15,52,187,184,185,202,12
,573015,54,7,2,4,105,175,217,117,96,4,4,139,327,539,355,314,8
,573018,54,7,2,19,236,474,525,264,164,21,35,293,874,1263,729,512,47
,573019,54,7,2,2,44,87,71,38,36,1,6,90,178,134,78,80,3
,573022,54,7,2,0,46,122,159,97,85,1,0,62,240,410,265,267,3
,573023,54,7,2,9,93,200,230,132,74,3,9,119,355,538,360,217,8
,573024,54,7,2,0,21,67,72,71,56,1,0,29,123,177,178,168,2
,573026,54,7,2,0,38,110,172,159,118,9,0,46,222,409,480,382,27
,573027,54,7,2,0,58,116,138,80,75,3,0,68,212,330,219,222,8
,573028,54,7,2,6,46,153,156,122,114,2,6,66,283,374,329,320,6
,573030,54,7,2,41,370,649,752,469,400,11,45,462,1174,1679,1271,1238,27
,573031,54,7,2,4,104,229,260,173,123,8,6,146,411,597,471,396,19
,573032,54,7,2,3,118,214,278,127,78,1,5,151,390,651,333,214,2
,573033,54,7,2,1,32,83,105,68,74,0,1,40,170,246,179,200,0
,575001,55,7,2,21,348,831,687,418,248,3,28,458,1542,1666,1178,794,3
,575002,55,7,2,0,33,71,123,67,64,1,0,40,143,286,167,197,3
,575003,55,7,2,21,258,507,444,288,191,5,24,335,1009,1015,757,570,7
,575004,55,7,2,1,26,103,129,121,101,0,1,38,194,317,319,299,0
,575005,55,7,2,8,55,112,130,120,110,2,10,66,216,327,325,338,2
,575006,55,7,2,0,23,69,81,49,37,0,0,34,134,168,134,110,0
,575007,55,7,2,19,249,542,414,249,193,4,24,286,977,934,647,597,7
,575008,55,7,2,0,32,74,114,80,105,2,0,48,142,261,197,325,2
,575009,55,7,2,10,172,263,261,236,184,2,10,217,487,619,642,590,5
,575010,55,7,2,0,19,53,71,62,94,1,0,29,90,159,178,293,3
,575011,55,7,2,1,102,207,232,138,116,4,1,132,392,567,394,363,10
,575012,55,7,2,2,8,33,55,43,67,1,2,11,56,115,94,195,2
,575013,55,7,2,0,16,60,92,73,83,0,0,19,104,218,205,246,0
,575014,55,7,2,148,1046,1552,1011,534,250,16,176,1402,2867,2448,1460,766,68
,575015,55,7,2,0,3,42,84,68,76,0,0,5,84,202,184,222,0
,575016,55,7,2,3,91,292,379,322,237,1,7,111,524,961,1028,797,1
,575017,55,7,2,0,42,122,179,143,130,1,0,59,237,438,388,399,1
,575018,55,7,2,2,61,129,183,124,133,1,2,91,253,478,340,383,4
,575019,55,7,2,2,114,231,266,154,157,3,3,168,498,639,422,473,4
,580001,50,7,2,0,28,89,124,58,67,0,0,40,173,317,179,230,0
,580002,50,7,2,1,43,89,109,81,72,3,1,59,172,249,220,233,4
,580003,50,7,2,10,554,1079,855,488,191,10,12,629,1976,2096,1410,632,24
,580004,50,7,2,7,146,432,588,418,309,6,7,183,807,1448,1121,885,12
,580005,50,7,2,0,54,189,300,157,106,2,0,76,370,739,433,340,5
,580006,50,7,2,0,33,86,107,92,86,2,0,45,154,240,252,271,2
,580007,50,7,2,0,92,216,293,180,183,3,0,125,455,667,495,522,4
,580008,50,7,2,3,69,264,317,206,158,4,3,80,560,776,558,468,13
,580009,50,7,2,7,97,231,294,187,153,3,9,124,453,690,490,461,4
,580010,50,7,2,1,63,136,174,101,91,2,1,75,252,412,280,279,9
,580011,50,7,2,1,124,295,377,220,192,3,1,154,538,778,583,564,3
,580012,50,7,2,16,317,564,420,237,154,6,21,372,1003,973,630,496,18
,580013,50,7,2,4,99,210,348,198,130,1,7,131,376,806,502,372,1
,580014,50,7,2,5,188,539,590,367,315,4,7,234,1006,1278,869,881,12
,580015,50,7,2,37,565,807,663,349,176,7,44,694,1471,1544,874,490,16
,580016,50,7,2,226,1545,1785,871,459,279,39,273,1880,3043,2081,1146,827,120
,580017,50,7,2,76,319,934,424,217,77,1,79,442,1747,1049,566,228,1
,580018,50,7,2,16,399,622,331,130,31,1,21,479,1371,866,386,93,3
,607001,58,7,2,224,2191,2927,1328,412,100,25,253,2962,5983,3456,1193,297,195
,607002,58,7,2,0,20,139,234,129,95,1,0,26,293,558,377,284,2
,607003,58,7,2,72,363,1222,1393,722,355,4,139,453,2493,3510,1942,1055,6
,607004,58,7,2,6,19,76,106,68,68,1,7,32,129,266,185,196,2
,607005,58,7,2,22,203,555,711,538,275,1,23,279,1052,1843,1590,849,4
,607006,58,7,2,95,1409,2521,927,371,78,4,110,1754,5257,2675,1150,269,6
,607007,58,7,2,0,33,167,339,164,94,3,0,46,317,818,462,254,13
,607008,58,7,2,131,1873,1466,330,105,41,22,154,2374,2597,765,275,105,42
,615001,71,8,3,72,1865,1574,218,44,9,5,89,2638,3202,554,119,27,6
,615002,71,8,3,88,1617,1419,333,93,39,65,102,2299,3007,845,241,101,77
,615003,71,8,3,409,2657,1952,642,255,139,38,450,3683,3577,1550,624,399,234
,615004,71,8,3,0,0,0,0,0,0,0,0,0,0,0,0,0,0
,615005,71,8,3,85,1210,1208,413,132,57,5,94,1660,2484,1094,378,171,6
,615006,71,8,3,1,432,1390,1496,618,142,7,1,598,2992,3949,1838,508,13
,615007,71,8,3,25,78,834,892,417,119,3,33,115,1783,2374,1285,373,4
,615008,71,8,3,2,43,337,398,404,131,3,5,52,730,1076,1425,472,9
,615009,71,8,3,2,94,389,396,297,136,2,4,141,767,1054,915,438,5
,615010,71,8,3,0,102,459,400,269,157,3,0,143,1005,1099,859,510,10
,615011,71,8,3,5,80,761,755,685,415,0,9,95,1390,1919,1967,1219,0
,615012,71,8,3,1,33,314,679,412,109,6,1,55,642,1773,1258,338,13
,615013,71,8,3,28,477,596,599,340,234,4,38,553,1102,1404,967,673,6
,615014,71,8,3,0,29,133,209,171,178,2,0,43,278,515,498,550,3
,615015,71,8,3,1,25,89,150,127,83,2,3,35,173,337,334,224,3
,615016,71,8,3,4,168,400,442,280,222,1,6,233,789,1145,817,671,5
,615017,71,8,3,64,145,302,389,215,133,0,90,200,636,1051,667,395,0
,615018,71,8,3,2,183,422,448,288,178,1,6,231,820,1182,867,562,1
,615019,71,8,3,1,74,175,227,164,122,0,50,92,304,519,452,374,0
,615020,71,8,3,0,9,44,72,76,77,0,0,12,89,188,198,235,0
,615021,71,8,3,341,594,534,46,14,1,0,351,735,1548,167,53,4,0
,615022,71,8,3,0,16,57,84,49,24,0,0,17,118,182,120,70,0
,621001,59,7,2,364,1641,1338,540,261,112,14,449,2171,2454,1243,715,367,128
,621002,59,7,2,183,1158,1099,277,81,25,3,247,1611,2697,802,223,148,6
,621003,59,7,2,61,751,1354,436,232,90,1,76,974,3119,1139,694,246,1
,621004,59,7,2,31,286,1206,989,749,404,31,43,343,2328,2386,2189,1260,63
,621005,59,7,2,3,176,746,761,440,162,0,3,197,1437,1902,1274,493,0
,621006,59,7,2,14,119,540,657,436,246,2,25,165,1059,1780,1338,773,5
,621007,59,7,2,19,306,628,707,453,343,6,24,402,1294,1835,1303,1068,19
,621008,60,7,2,504,1756,1369,276,79,24,5,567,2273,2627,730,224,88,5
,621009,60,7,2,200,1749,1505,739,234,40,9,244,2559,3272,1934,726,124,14
,621010,60,7,2,31,346,884,836,390,107,2,37,503,1894,2247,1124,393,8
,621011,60,7,2,3,63,490,629,502,218,23,4,91,1042,1550,1493,670,63
,621012,60,7,2,2,166,476,567,371,308,5,2,222,946,1402,1062,919,12
,621013,60,7,2,2,141,425,483,184,85,4,11,159,850,1284,565,270,14
,621014,60,7,2,31,483,904,921,570,382,10,32,590,1688,2285,1619,1195,24
,621015,60,7,2,23,396,826,848,564,446,8,28,498,1497,2036,1594,1326,21
,630001,57,7,2,4,389,308,439,248,130,7,4,465,659,1080,764,378,10
,630002,57,7,2,22,386,903,743,478,249,39,32,467,1767,2074,1551,831,71
,630003,57,7,2,4,92,199,300,170,111,1,6,133,391,716,478,333,2
,630004,57,7,2,1,83,200,303,199,155,1,1,115,441,748,567,472,4
,630005,57,7,2,1,74,177,268,175,115,0,1,96,332,693,489,360,0
,630006,57,7,2,45,239,418,424,269,256,8,53,300,744,1043,741,773,14
,630007,57,7,2,3,23,69,159,78,61,1,3,27,129,396,209,200,6
,630008,57,7,2,1,75,177,241,192,138,2,1,97,364,603,553,444,6
,630009,57,7,2,412,4029,3179,801,297,129,131,471,5560,6097,1915,841,405,403
,630010,57,7,2,0,56,128,160,89,86,0,0,87,285,414,276,256,0
,630011,57,7,2,24,283,594,614,445,131,8,27,327,1070,1543,1322,383,31
,630012,57,7,2,16,163,475,438,317,176,14,27,217,899,1141,900,535,40
,630013,57,7,2,37,498,635,252,128,50,3,43,686,1495,692,339,148,3
,630014,57,7,2,7,518,507,316,113,35,1,8,732,1064,781,312,95,1
,630015,57,7,2,58,1463,1082,186,61,19,5,68,1933,1887,380,147,52,29
,630016,56,7,2,0,13,212,325,281,117,5,0,18,434,829,873,396,15
,630017,56,7,2,33,571,704,804,475,252,5,42,703,1283,1817,1316,793,11
,630018,56,7,2,5,137,237,278,185,161,5,6,185,480,682,563,508,9
,630019,56,7,2,1,106,97,147,136,95,2,1,152,194,374,392,273,2
,630020,56,7,2,1,82,105,156,105,70,0,1,103,225,368,307,200,0
,630021,56,7,2,1,25,74,121,99,112,1,1,37,146,283,266,332,1
,630022,56,7,2,0,6,29,52,53,62,0,0,12,61,113,132,177,0
,630023,56,7,2,2,65,141,222,153,101,0,2,76,254,540,463,319,0
,630024,56,7,2,134,256,483,427,385,237,7,140,323,871,1114,1107,802,49
,630025,56,7,2,0,20,113,218,158,202,2,0,35,230,519,442,648,2
,630026,56,7,2,0,29,175,158,145,107,5,0,44,340,455,435,340,17
,630027,56,7,2,0,126,195,282,190,133,1,0,156,372,743,538,412,1
,630028,56,7,2,4,34,119,201,170,142,3,4,48,202,501,475,413,6
,630029,56,7,2,3,70,146,225,128,99,0,5,94,288,523,346,277,0
,630030,56,7,2,12,480,1412,759,324,94,14,12,616,3719,2019,992,344,21
,630031,56,7,2,2,33,207,167,208,162,10,2,53,458,418,718,577,22
,630032,56,7,2,10,379,1234,1046,729,367,4,15,455,2514,2700,2089,1146,13
,630033,56,7,2,11,328,522,249,85,26,48,11,437,1092,689,252,80,71
,630034,56,7,2,25,263,545,515,376,147,1,27,353,1085,1385,1176,491,5
,657001,80,9,3,623,4517,5339,2049,1097,382,35,724,5953,10393,5078,3044,1170,206
,657002,80,9,3,0,64,175,185,93,96,3,0,91,297,437,236,279,5
,657005,80,9,3,13,257,316,434,296,191,5,14,339,580,1049,858,567,12
,657006,80,9,3,2,52,109,128,72,59,2,3,71,216,299,184,161,3
,657007,80,9,3,11,145,487,813,749,324,3,11,162,893,2031,2269,1069,12
,657008,80,9,3,16,151,313,326,152,118,7,17,184,564,743,415,357,39
,657009,80,9,3,1,37,87,128,82,94,0,2,57,151,312,198,260,0
,657011,80,9,3,0,18,60,103,57,71,1,0,26,130,255,153,213,1
,657013,81,9,3,10,303,425,472,366,230,7,11,378,747,1182,1098,783,11
,657014,81,9,3,0,38,85,110,57,52,0,0,48,163,278,158,166,0
,657015,81,9,3,29,229,214,220,83,70,1,40,289,458,698,254,238,2
,657016,81,9,3,2,39,124,157,101,89,1,2,50,207,376,245,253,2
,657017,81,9,3,172,676,1027,967,675,394,7,194,832,2007,2460,2013,1265,20
,657018,81,9,3,0,30,45,102,70,50,0,0,42,87,253,206,161,0
,657019,81,9,3,1,23,74,162,77,59,0,1,36,146,383,204,169,0
,657020,81,9,3,0,15,40,74,43,35,0,0,19,84,175,128,92,0
,657021,81,9,3,3,18,82,106,72,83,0,6,24,147,262,197,246,0
,657022,81,9,3,0,28,83,123,104,68,0,0,33,156,302,272,216,0
,657023,81,9,3,31,216,500,701,480,240,3,35,256,939,1828,1426,755,6
,657024,81,9,3,9,299,575,603,363,238,4,12,381,1065,1452,1028,787,7
,657025,81,9,3,13,44,90,150,97,116,2,13,56,188,382,279,448,2
,657026,81,9,3,29,369,773,788,466,213,2,32,444,1422,2078,1407,763,4
,657027,81,9,3,22,342,537,518,361,210,6,23,441,971,1285,1036,668,23
,657028,81,9,3,0,13,32,77,41,48,0,0,22,52,166,114,144,0
,657029,81,9,3,6,57,121,186,168,145,0,6,71,225,462,489,463,0
,657030,81,9,3,4,55,121,166,88,74,1,7,77,216,413,237,251,2
,661001,82,9,3,367,2897,2680,1753,958,555,36,421,3749,4785,4258,2669,1719,150
,661002,82,9,3,0,83,359,734,587,249,1,0,109,727,2004,1876,838,2
,661003,82,9,3,2,35,206,264,216,198,1,2,42,382,607,612,640,3
,661004,82,9,3,2,135,370,500,532,239,6,3,158,680,1321,1779,807,14
,661005,82,9,3,312,1227,2590,1420,778,221,1,341,1527,5667,3647,2280,712,4
,661006,82,9,3,24,350,694,720,453,351,3,26,454,1295,1640,1238,1006,8
,661007,82,9,3,0,63,177,280,191,167,0,0,76,298,632,509,477,0
,661008,82,9,3,16,205,429,432,246,195,1,18,240,728,1006,693,711,1
,661009,82,9,3,7,132,258,324,131,83,0,9,156,428,747,331,275,0
,661010,82,9,3,0,73,137,160,113,63,0,0,90,241,316,258,149,0
,665001,73,9,3,37,723,1091,842,498,284,8,40,851,1855,1871,1306,804,30
,665002,73,9,3,38,124,198,264,233,263,2,49,160,338,600,580,797,4
,665003,73,9,3,2,89,151,303,197,191,1,2,113,248,664,500,550,2
,665004,73,9,3,0,44,177,274,188,202,1,0,55,319,552,471,545,2
,665005,73,9,3,3,50,145,201,107,115,3,3,57,246,410,256,317,8
,665006,73,9,3,1,60,122,177,125,130,0,1,72,225,399,318,414,0
,665007,73,9,3,12,153,242,274,163,119,0,12,170,402,598,423,360,0
,665008,73,9,3,6,83,195,287,145,97,0,6,99,321,635,375,287,0
,671001,73,9,3,91,909,1775,907,370,192,47,96,1108,3309,2066,997,620,84
,671002,73,9,3,54,266,283,241,143,113,0,55,309,542,596,373,305,0
,671003,73,9,3,0,47,153,222,173,114,2,0,62,281,543,472,331,7
,671004,73,9,3,2,57,194,250,163,122,2,5,85,362,536,418,349,7
,671005,73,9,3,4,69,222,259,188,95,6,4,84,406,617,501,263,14
,671006,73,9,3,3,56,132,286,198,218,0,4,67,235,668,538,674,0
,671007,73,9,3,13,172,365,445,245,246,2,14,195,611,923,604,693,3
,706001,66,8,3,46,897,1475,1151,580,321,25,51,1136,2548,2563,1412,890,47
,706002,66,8,3,5,214,456,516,317,298,5,7,253,799,1070,789,851,14
,706003,66,8,3,4,143,295,311,165,134,0,7,193,561,691,396,382,0
,706004,66,8,3,10,214,410,444,257,209,1,11,267,742,1141,677,619,1
,706005,66,8,3,15,356,544,609,375,232,0,16,486,1050,1495,1080,699,0
,706006,66,8,3,39,464,1087,945,574,306,3,51,585,2203,2492,1705,955,11
,706007,66,8,3,5,191,399,482,283,220,0,6,252,811,1211,783,639,0
,706008,66,8,3,36,537,953,894,621,460,15,45,709,1895,2251,1783,1520,96
,707001,66,8,3,134,1089,1397,1259,684,397,18,180,1340,2556,2904,1774,1114,60
,707002,66,8,3,0,0,0,0,0,0,0,0,0,0,0,0,0,0
,707003,66,8,3,3,135,319,334,196,185,0,3,195,570,750,521,488,0
,707004,66,8,3,220,1076,1334,726,286,130,3,271,1361,2584,1581,696,364,12
,707005,66,8,3,11,289,488,558,308,243,6,12,359,838,1178,740,668,10
,707006,66,8,3,2,109,269,321,160,155,1,2,125,455,733,408,423,2
,707007,66,8,3,9,246,450,400,245,172,6,9,292,775,870,678,469,11
,707008,66,8,3,6,202,285,416,176,113,6,7,243,536,957,455,315,11
,707009,66,8,3,6,197,523,559,341,250,6,7,281,947,1336,928,802,79
,707010,66,8,3,3,109,228,221,134,150,1,5,141,409,473,361,414,1
,710001,69,8,3,81,423,587,692,443,225,6,86,556,1264,1854,1317,695,16
,710002,69,8,3,20,222,457,488,308,171,8,21,276,853,1246,901,564,15
,710003,69,8,3,1,27,144,318,216,146,2,1,41,320,881,692,490,6
,710004,69,8,3,33,705,1133,896,519,255,4,38,853,2223,2278,1482,788,6
,710005,69,8,3,1,58,174,234,182,178,1,1,86,380,575,508,564,2
,710006,69,8,3,24,340,582,539,317,206,12,28,441,1213,1506,955,666,67
,710007,69,8,3,0,234,469,544,352,176,1,0,279,898,1462,1128,630,4
,710008,69,8,3,5,55,220,182,140,97,0,6,85,482,512,441,308,0
,710009,69,8,3,2,275,481,515,301,256,0,2,359,888,1270,818,715,0
,710010,69,8,3,3,217,360,483,309,240,0,5,278,717,1215,853,716,0
,710011,69,8,3,1,79,259,266,147,116,0,1,113,528,666,371,364,0
,710012,69,8,3,7,75,238,436,280,113,0,9,93,469,1226,908,372,0
,710013,69,8,3,7,60,112,186,99,66,2,9,85,208,457,279,196,4
,710014,69,8,3,3,20,91,182,96,76,6,3,26,190,489,262,224,19
,727001,70,8,3,126,1493,2096,1411,787,370,32,150,1917,4160,3622,2379,1169,83
,727002,70,8,3,0,5,39,57,42,38,2,0,6,92,141,112,140,4
,727003,70,8,3,5,74,209,194,144,105,4,7,124,403,475,408,306,18
,727004,70,8,3,6,33,101,167,127,106,1,9,54,193,419,337,342,2
,727005,70,8,3,2,86,257,303,152,97,5,2,105,460,716,415,309,7
,727006,70,8,3,0,44,106,144,89,85,2,0,52,231,346,248,271,6
,727007,70,8,3,1,36,116,190,120,82,8,1,60,229,462,317,234,41
,727008,70,8,3,0,34,93,193,111,93,2,0,43,188,454,277,294,4
,727009,70,8,3,0,0,0,0,0,0,0,0,0,0,0,0,0,0
,727010,70,8,3,0,0,0,0,0,0,0,0,0,0,0,0,0,0
,730001,68,8,3,7,264,478,383,212,112,7,9,322,910,971,561,346,18
,730002,68,8,3,0,54,316,381,303,130,9,0,77,633,1009,929,403,21
,730004,68,8,3,1,12,71,116,87,79,2,4,21,120,260,218,248,6
,730005,67,8,3,2,92,181,230,119,103,2,5,115,318,561,314,266,2
,730006,67,8,3,2,60,106,203,88,76,5,4,88,204,398,232,190,15
,730007,67,8,3,0,102,150,185,126,101,3,0,112,256,439,339,284,5
,730008,67,8,3,1,107,256,365,257,156,9,1,133,500,864,711,452,20
,730009,67,8,3,0,27,91,253,159,122,2,0,36,183,582,434,346,6
,730010,67,8,3,0,58,143,211,122,102,2,0,77,262,475,297,291,3
,730011,67,8,3,10.89,420.81,830.73,572.30,298.03,142.58,24.75,13.86,539.63,1624.82,1519.87,855.48,440.61,53.47
,730012,67,8,3,0,33,303,440,251,151,13,0,45,591,1086,728,456,27
,730013,67,8,3,2,86,350,573,377,273,12,14,106,689,1470,1101,835,42
,730014,67,8,3,1,87,245,496,201,83,1,3,101,494,1256,581,227,3
,730015,67,8,3,1,19,67,136,82,65,1,2,28,144,307,222,203,4
,730016,68,8,3,0,50,105,159,98,93,2,0,59,206,373,250,244,6
,730017,68,8,3,0,79,123,209,96,81,0,0,109,245,473,251,227,0
,730021,68,8,3,1,82,204,380,213,151,7,2,105,409,907,577,440,17
,730024,68,8,3,50.11,1840.19,1077.27,316.70,103.97,41.42,5.25,54.14,2281.37,1847.18,717.13,270.52,113.39,6.53
,730025,68,8,3,34,1170,723,209,93,56,1,38,1528,1366,530,247,168,1
,730026,67,8,3,171,1308,823,530,212,43,1,179,1861,1671,1312,579,110,1
,730027,67,8,3,27,1061,1620,219,60,33,2,31,1464,3609,561,156,101,4
,730028,68,8,3,83,1608,924,311,77,47,33,91,2068,1585,645,185,144,227
,730029,67,8,3,49,1265,1148,662,328,125,1,51,1611,2380,1677,951,383,5
,730030,67,8,3,63,981,747,289,92,48,2,82,1278,1430,799,247,141,3
,730031,68,8,3,80,757,1180,1048,437,198,36,86,1024,2306,2683,1248,627,79
,730032,68,8,3,24,579,870,418,192,71,21,25,720,1633,1015,539,221,58
,730033,68,8,3,18,223,329,202,146,122,5,21,274,562,490,412,376,15
,730034,68,8,3,1,32,409,541,281,84,41,1,38,831,1489,862,276,114
,730036,68,8,3,1,130,458,509,376,282,34,1,144,916,1312,1065,866,81
,730037,68,8,3,0,12,93,140,85,92,3,0,19,186,300,211,260,10
,740001,77,9,3,13,185,443,414,265,191,0,17,219,821,1028,700,561,0
,740002,77,9,3,11,180,376,317,258,116,6,16,226,822,850,826,366,15
,740003,77,9,3,20,167,246,238,167,86,1,34,274,510,631,473,285,1
,740004,77,9,3,14,132,185,205,175,145,0,19,179,372,553,547,483,0
,740005,77,9,3,9,56,120,170,111,86,0,15,80,227,440,327,266,0
,740006,77,9,3,61,473,1139,759,465,185,13,71,576,2603,2115,1492,646,27
,740007,77,9,3,41,512,878,678,441,238,5,55,678,1478,1637,1223,700,11
,740008,77,9,3,0,60,160,155,101,75,0,0,66,297,371,283,224,0
,740009,77,9,3,0,46,99,173,114,116,0,0,62,205,445,323,334,0
,740010,77,9,3,12,75,164,175,120,103,1,15,116,329,409,318,282,1
,740011,77,9,3,5,93,257,246,142,92,0,8,116,516,598,405,298,0
,740012,77,9,3,1,15,65,129,101,74,1,3,23,140,319,263,214,2
,740013,77,9,3,11,136,381,532,414,289,1,11,171,730,1364,1277,905,2
,740014,77,9,3,0,45,92,151,93,73,0,0,59,189,362,260,225,0
,740015,77,9,3,6,70,152,202,150,105,0,7,102,314,575,465,323,0
,740016,77,9,3,7,144,323,351,264,180,8,8,210,647,815,713,545,19
,740017,77,9,3,4,63,118,164,116,99,0,4,92,226,399,310,299,0
,740018,77,9,3,8,45,148,224,199,96,3,14,55,311,633,687,335,9
,740021,78,9,3,15,85,440,676,418,169,20,19,102,940,1742,1168,516,51
,740022,78,9,3,6,94,247,268,192,138,0,10,110,459,648,508,436,0
,740023,78,9,3,0,90,398,603,511,300,12,0,124,833,1671,1662,1024,36
,740024,78,9,3,1,15,98,146,120,82,0,3,30,184,375,380,227,0
,740025,78,9,3,2,18,48,60,48,43,3,3,26,106,123,115,111,7
,740026,78,9,3,75,480,739,148,33,19,0,88,662,1312,327,76,45,0
,740027,78,9,3,8,195,546,358,213,147,3,12,243,1112,877,586,467,4
,740028,78,9,3,72,823,774,346,175,86,2,83,1080,1465,913,530,235,7
,740029,78,9,3,127,763,1782,498,239,131,1,149,945,3805,1360,680,380,1
,740030,78,9,3,38,183,428,462,310,175,3,39,218,881,1184,904,538,13
,740031,78,9,3,278,2305,1688,777,234,105,13,315,2966,3055,1917,634,335,155
,740032,78,9,3,18,143,402,358,302,217,3,23,185,782,929,900,698,10
,741001,70,8,3,20,273,466,447,257,261,8,22,340,795,842,571,665,13
,741002,70,8,3,3,26,61,84,40,28,3,4,31,85,154,76,56,3
,746001,70,8,3,4,58,224,299,196,167,0,4,76,432,775,555,497,0
,746002,70,8,3,28,411,731,791,480,160,7,36,498,1487,2139,1505,496,19
,746003,70,8,3,4,57,177,229,178,104,6,9,89,443,603,554,350,18
,746004,70,8,3,42,416,1071,1308,600,229,6,51,541,2164,3765,1940,757,13
,746005,70,8,3,6,132,331,452,300,225,8,7,185,666,1223,877,674,22
,746006,70,8,3,205,1299,1713,968,455,255,22,226,1638,3295,2497,1343,816,62
,746007,70,8,3,73,371,1041,843,466,217,4,87,480,2133,2453,1410,701,17
,746008,70,8,3,19,387,756,820,631,402,77,22,513,1590,2101,2019,1319,92
,746009,70,8,3,17,145,485,701,418,204,6,19,185,1046,1965,1333,673,12
,746010,70,8,3,3,110,465,742,353,148,3,3,144,1034,1991,1031,465,8
,746011,70,8,3,0,52,154,303,175,145,2,0,77,316,776,558,459,5
,746012,70,8,3,0,34,152,311,227,134,2,0,44,327,812,670,434,7
,751001,62,8,3,558,4679,2957,689,164,174,22,743,7035,6092,1638,438,540,36
,751002,62,8,3,199,2969,1508,51,3,2,4,211,4291,2849,161,7,11,19
,751003,62,8,3,201,1045,1853,810,281,92,12,254,1266,3841,2243,821,334,15
,751004,62,8,3,106,947,784,534,284,100,2,112,1249,1699,1539,915,374,4
,751006,62,8,3,46,851,1801,1220,440,110,16,50,1071,3742,3297,1478,376,41
,751007,62,8,3,138,962,1117,651,357,104,0,145,1346,2451,1908,1144,383,0
,751008,63,8,3,800,3075,2059,719,210,99,17,966,4334,4444,2075,733,414,34
,751009,62,8,3,34,217,758,601,311,109,3,34,254,1630,1561,889,374,3
,751010,65,8,3,384.93,2389.17,1527.17,391.61,110.24,65.70,35.49,443.51,3873.54,3403.23,1031.14,288.97,209.80,116.28
,751011,62,8,3,45,374,856,599,332,174,12,51,456,1770,1632,1045,582,23
,751012,62,8,3,23,149,692,797,394,157,1,29,165,1567,2175,1244,584,2
,751013,62,8,3,35,194,610,708,477,258,7,39,234,1272,1959,1501,869,17
,751014,62,8,3,129.21,766.08,507.93,132.35,37.40,22.75,12.03,148.82,1242.37,1132.26,347.60,97.56,72.19,23.54
,751016,63,8,3,0,11,65,101,68,57,3,0,16,127,278,202,207,7
,751018,63,8,3,79,548,1265,939,259,79,1,83,683,2931,2558,841,285,5
,751019,63,8,3,48,284,967,531,307,90,0,53,343,2041,1535,1046,306,0
,751020,65,8,3,163.14,1833.07,754.28,145.51,37.63,11.76,12.35,189.01,2964.49,1672.87,403.01,109.64,48.50,403.59
,751021,65,8,3,371.72,4176.67,1718.62,331.53,85.73,26.79,28.13,430.66,6754.60,3811.64,918.25,249.82,110.51,919.59
,751022,64,8,3,171,530,515,468,201,74,10,192,780,1146,1414,641,278,21
,751023,64,8,3,353,1497,1447,718,311,104,2,385,2337,3646,2209,1000,419,3
,751024,64,8,3,32,715,946,946,599,208,44,35,995,2052,2506,1868,785,103
,751025,63,8,3,375,880,1859,411,50,22,150,448,1319,5396,1613,156,88,154
,751026,63,8,3,682,496,783,652,297,71,4,992,787,1804,1876,965,287,7
,751027,63,8,3,374,3085,788,27,19,1,2,402,5119,1774,78,45,14,2
,751028,63,8,3,261,1264,1647,728,322,102,15,299,1898,3904,2246,1067,369,30
,751030,63,8,3,25,219,563,617,303,184,4,28,274,1238,1711,940,661,11
,751031,63,8,3,0,32,59,70,53,57,0,0,55,123,182,152,190,0
,751033,63,8,3,15,245,563,501,248,108,0,17,329,1252,1356,804,415,0
,751041,65,8,3,620,2555,1187,199,64,37,23,724,4195,2622,555,208,193,61
,751042,64,8,3,429,4511,1746,347,110,43,11,479,7078,3863,1009,360,204,13
,751043,64,8,3,491,2914,1132,157,47,8,0,570,4474,2270,396,157,45,0
,751044,64,8,3,44,137,246,131,65,53,35,54,170,562,385,218,291,101
,751045,64,8,3,36,491,883,1056,1017,657,6,41,621,1892,2758,3021,2112,12
,751047,65,8,3,137,620,1855,1387,750,246,7,152,795,3989,3919,2414,833,16
,751048,65,8,3,44,271,696,398,183,62,0,45,323,1652,1178,584,239,0
,751049,65,8,3,44,450,640,721,338,138,20,57,544,1282,1815,960,476,70
,751050,65,8,3,13,340,640,735,406,155,14,16,432,1295,1841,1261,586,34
,751051,65,8,3,77,494,1171,1110,704,260,7,83,609,2525,3093,2329,926,20
,751053,64,8,3,3,228,692,334,166,77,3,6,317,1621,907,518,271,11
,751055,64,8,3,20,35,161,139,73,45,0,23,45,326,371,241,139,0
,751056,64,8,3,0,52,173,302,152,108,1,0,72,380,806,450,374,4
,751061,65,8,3,1546,3040,2237,330,50,8,8,1844,4331,4670,1007,171,23,29
,751062,63,8,3,181,363,1147,223,48,10,0,201,500,3175,876,138,65,0
,751063,63,8,3,820,2307,2381,582,154,41,1,1044,3432,6135,1880,494,165,1
,751064,63,8,3,288,1628,1103,547,151,55,31,301,2489,2695,1650,528,207,54
,751065,65,8,3,90,1091,1404,892,427,86,0,94,1498,3255,2308,1308,305,0
,751066,62,8,3,162,635,944,491,410,357,0,186,776,1899,1267,1116,1068,0
,751067,64,8,3,608,1734,729,216,75,14,0,725,2916,1750,645,291,91,0
,751068,64,8,3,11,558,1010,121,22,3,0,15,834,2266,369,85,36,0
,756001,79,9,3,16,165,248,329,206,156,2,19,195,431,777,551,429,5
,756002,79,9,3,3,31,106,140,98,89,0,5,55,189,338,265,297,0
,756003,79,9,3,3,185,314,297,178,140,4,4,246,555,672,466,416,5
,756004,79,9,3,2,59,106,134,89,72,0,3,79,223,289,229,230,0
,756005,79,9,3,40,613,1271,1019,588,386,11,47,830,2342,2523,1740,1249,44
,756006,79,9,3,1,28,98,116,80,64,0,3,45,204,286,222,177,0
,756007,79,9,3,111,1484,2448,1860,1149,577,27,124,1932,4793,4624,3347,1971,123
,756008,79,9,3,1,33,100,135,85,70,4,26,42,197,357,262,241,8
,756009,79,9,3,11,217,408,461,288,207,1,11,269,748,1147,794,652,5
,756010,79,9,3,12,106,379,383,251,131,3,14,158,754,947,745,388,5
,760001,83,9,3,14.46,395.81,748.15,646.83,427.78,286.59,1.81,16.87,461.81,1336.94,1502.05,1187.57,852.27,4.52
,760002,83,9,3,10,77,148,177,91,105,2,13,107,268,392,225,294,6
,760004,83,9,3,1.36,49.84,131.73,135.26,84.97,76.14,0.19,1.55,62.36,233.64,305.88,227.60,221.96,0.48
,760007,83,9,3,3.18,110.35,229.12,303.92,195.25,188.28,2,9.58,155.83,424.42,663.07,493.83,580.77,8
,760010,83,9,3,21,180,460,512,253,105,12,27,227,853,1208,736,295,22
,760012,83,9,3,0,19,142,139,137,94,1,0,21,245,327,365,310,4
,760014,83,9,3,93,1031,1413,1109,641,302,9,100,1176,2689,2566,1796,1122,77
,760016,83,9,3,0,44,148,190,139,122,1,0,57,291,461,372,354,3
,760021,83,9,3,11,113,248,297,179,135,1,14,127,448,693,449,426,2
,760022,83,9,3,7,96,248,314,208,183,7,7,128,448,734,576,514,22
,760024,83,9,3,40,877,1192,941,583,267,10,45,1139,2120,2277,1701,869,23
,760025,83,9,3,17,65,122,166,108,96,4,18,90,231,398,289,338,6
,760027,83,9,3,2,84,184,274,238,255,3,2,111,354,668,639,866,11
,760028,83,9,3,7,56,93,130,109,123,2,7,70,185,304,288,372,4
,760030,83,9,3,15,361,722,650,375,216,5,18,434,1219,1529,1066,679,7
,760032,83,9,3,3,70,162,152,114,101,3,6,94,302,348,283,331,5
,760033,83,9,3,1,98,183,318,223,202,2,1,125,344,769,649,657,7
,760035,83,9,3,4,203,376,430,321,323,2,4,257,704,969,904,1104,6
,766001,72,8,3,57,497,1000,1078,756,326,8,62,602,1919,2837,2275,1066,47
,766002,72,8,3,9,330,545,591,273,135,2,10,442,1096,1560,796,451,2
,766003,72,8,3,1,46,171,254,193,165,3,2,61,330,639,580,559,9
,766004,72,8,3,1,22,179,194,158,118,3,1,25,339,508,442,350,15
,766005,72,8,3,2,6,56,93,47,43,2,7,10,113,223,116,159,4
,766006,72,8,3,2,17,126,199,125,73,1,2,25,265,526,370,214,4
,766007,72,8,3,34,430,746,656,399,255,12,42,533,1286,1407,972,683,15
,766010,72,8,3,0,66,165,219,155,120,1,0,99,346,521,402,344,3
,766011,72,8,3,1,32,147,186,121,115,1,1,41,314,481,329,379,2
,766012,72,8,3,8,176,266,228,149,101,2,11,208,438,558,418,283,4
,766013,72,8,3,1,75,166,232,147,144,2,2,106,342,556,404,424,2
,766014,72,8,3,0,55,130,224,112,119,9,0,76,259,511,304,340,20
,766015,72,8,3,1,90,254,283,220,165,0,2,130,458,637,599,447,0
,766017,72,8,3,0,104,243,340,245,226,1,0,126,459,809,689,700,5
,766020,72,8,3,0,51,185,275,163,114,1,0,67,357,697,490,337,4
,766021,72,8,3,20,275,479,386,198,116,3,24,344,890,967,545,377,7
,766022,72,8,3,1,108,206,217,115,74,0,2,122,402,537,336,274,0
,766023,72,8,3,2,42,128,146,120,103,1,2,58,244,353,357,325,2
,766024,72,8,3,0,24,95,145,97,54,0,0,30,195,367,270,150,0
,773001,87,10,3,0,37,168,205,130,126,1,0,63,274,398,288,338,1
,773002,87,10,3,0,142.37,413.79,636.29,422.20,317.23,6,0,179.05,765.35,1369.31,1085.05,965.71,18
,773003,87,10,3,0,80.68,258.17,342.91,256.09,229.68,2,0,94.37,461.17,736.16,644.93,682.65,6
,773004,87,10,3,1,75,185,296,196,171,0,2,103,312,621,500,448,0
,773005,87,10,3,126,1474.95,1563.04,1077.79,625.71,348.08,22,138,1806.58,2780.48,2530.53,1582.02,999.65,54
,779020,74,9,3,3,48,100,124,73,59,0,3,55,169,241,156,143,0
,779021,74,9,3,394,3049,3629,2258,1445,575,38,443,3680,6657,5524,4021,1659,141
,779022,74,9,3,2,223,547,736,520,335,0,2,306,1011,1725,1418,987,0
,779023,74,9,3,4,157,360,490,317,252,0,4,194,687,1093,859,765,0
,779024,74,9,3,4,196,386,529,354,259,2,4,243,651,1161,890,762,5
,779025,74,9,3,2,185,420,465,293,210,1,2,237,693,1014,734,582,1
,779026,74,9,3,11,219,403,544,327,275,1,14,266,668,1200,845,765,4
,779027,74,9,3,1,127,316,462,297,262,1,1,167,551,1018,724,705,1
,787001,87,10,3,165,1788.17,2177.92,1632.31,1069.33,550.52,16,175,2257.37,4065.13,3914.76,2956.21,1631.76,57
,787002,87,10,3,0,173.47,389.83,505.83,312.19,236.21,2.88,0,208.37,701.76,1082.77,810.69,659.85,6.53
,787003,87,10,3,11.02,359.49,587.54,526.53,337.20,292.89,11.01,15.02,418.45,953.67,1186.73,862.35,793.00,15.01
,787004,87,10,3,15.93,204.09,387.58,397.82,244.58,134.20,2,20.86,265.34,728.18,877.51,652.04,414.61,7
,787005,87,10,3,7,113.09,291.61,360.78,282.47,274.40,1,7,151.90,515.39,815.97,749.01,834.11,3
,787006,87,10,3,2,47,109,152,118,86,0,2,65,190,316,268,260,0
,787007,87,10,3,1.94,84.00,217.65,256.80,189.21,152.79,0.97,2.92,99.89,367.13,553.05,446.44,398.33,0.97
,787008,87,10,3,1.93,89.12,240.28,258.09,153.39,166.24,0.96,1.95,119.42,418.84,545.34,394.46,475.77,0.96
,787009,87,10,3,0,46.40,138.25,226.48,154.77,142.01,0,0,60.15,278.35,523.70,421.11,409.42,0
,787010,87,10,3,4,88,132,154,108,108,0,4,113,222,321,271,388,0
,787011,87,10,3,0,57.62,111.16,147.14,81.34,51.26,1.12,0,85.84,192.53,309.95,204.97,145.83,3.47
,787012,87,10,3,3.12,100.38,244.53,324.58,187.21,183.08,0.06,6.12,126.24,390.36,704.89,465.74,502.89,0.06
,787013,87,10,3,0.07,53.16,128.65,170.63,104.30,82.40,1,0.14,62.03,236.65,378.34,256.96,256.42,3
,787014,87,10,3,0,48,59,147,159,112,1,0,53,119,331,435,345,2
,787015,87,10,3,0,78,116,112,103,53,6,0,94,233,274,291,143,19
,791001,75,9,3,25,192,434,466,231,148,5,31,256,782,1128,624,453,6
,791002,75,9,3,0,43,283,482,350,235,1,0,61,553,1178,998,730,2
,791003,75,9,3,30,325,583,400,217,119,5,31,433,1076,918,588,353,13
,791004,75,9,3,4,111,381,476,341,189,3,4,133,690,1144,998,590,4
,791005,75,9,3,0,89,242,338,203,139,1,0,125,473,858,559,413,5
,791006,75,9,3,6,193,378,484,271,171,2,8,240,704,1184,789,526,4
,791007,75,9,3,1,92,187,339,199,154,3,1,114,360,756,538,499,12
,791008,75,9,3,670,4792,4938,3026,1411,449,44,739,6214,9558,7772,4128,1484,242
,791009,76,9,3,79,741,1371,1327,724,418,2,96,969,2434,3217,2027,1257,3
,791011,76,9,3,4,74,251,325,208,179,1,8,103,474,771,528,513,1
,791012,76,9,3,14,196,552,594,424,300,1,20,241,975,1389,1162,929,4
,791013,76,9,3,157,588,2012,1358,1163,577,11,195,681,3860,3413,3467,1817,30
,791014,76,9,3,4,137,348,468,314,248,0,4,184,691,1148,908,746,0
,791015,76,9,3,6,172,400,412,279,204,3,6,262,848,1008,806,634,4
,791016,76,9,3,20,158,508,468,304,225,4,26,214,987,1102,773,652,11
,791017,76,9,3,22,159,355,417,283,196,3,30,214,635,981,789,586,6
,810001,86,10,3,0,36,114,116,72,59,0,0,48,197,279,183,155,0
,810002,86,10,3,7,165,230,229,153,118,2,9,188,372,513,353,301,3
,810003,86,10,3,51,304,591,616,474,268,11,55,369,1053,1408,1350,795,34
,810004,86,10,3,0,54,139,176,120,102,0,0,76,241,419,295,284,0
,810005,86,10,3,4,246,482,556,432,248,13,4,311,847,1396,1315,764,41
,810006,86,10,3,0,74,162,267,161,175,7,0,97,294,604,452,492,21
,810010,86,10,3,74,1433,2286,1460,795,322,26,100,1828,4266,3651,2195,979,102
,810034,86,10,3,0,36,49,79,48,66,0,0,45,113,196,137,232,0
,810040,86,10,3,0,19,96,162,113,119,1,0,22,183,370,325,360,4
,810050,86,10,3,0,46,147,187,140,143,5,0,49,293,430,378,457,15
,810056,86,10,3,0,30,75,64,54,66,0,0,43,142,142,142,192,0
,810070,86,10,3,1,105,241,324,198,218,0,1,134,444,716,512,580,0
,810080,86,10,3,0,18,73,103,84,89,0,0,28,123,248,221,288,0
,813001,84,10,3,63,975,1517,1105,454,135,2,73,1318,2717,2427,1123,337,4
,813002,84,10,3,1,114,297,285,149,60,2,1,138,500,606,363,143,2
,813003,84,10,3,1,43,124,144,66,55,2,1,60,200,309,137,156,7
,813004,84,10,3,0,25,136,290,177,78,0,0,33,254,685,455,220,0
,813005,84,10,3,1,130,310,380,215,96,1,1,165,553,885,609,275,2
,813006,84,10,3,228,3466,4825,2661,1053,302,9,249,4461,9069,6359,2816,842,80
,813007,84,10,3,0,30,193,266,176,143,0,0,46,361,598,436,406,0
,813008,84,10,3,4,24,125,282,250,142,0,5,34,238,674,654,367,0
,813009,84,10,3,42,751,1607,1323,746,365,2,44,884,2787,2963,1898,1066,5
,813010,84,10,3,2,88,150,133,91,69,1,2,104,299,296,218,178,2
,813011,84,10,3,0,27,81,120,58,76,0,0,32,160,251,155,203,0
,813012,84,10,3,0,23,84,95,84,59,0,0,34,156,214,202,166,0
,813013,84,10,3,2,104,237,238,166,137,0,4,144,448,579,394,356,0
,813014,84,10,3,0,26,72,100,51,70,0,0,38,120,208,121,179,0
,813015,84,10,3,4,146,230,298,216,156,1,4,170,426,691,535,462,2
,820001,88,10,3,28,365,486,508,315,213,1,32,448,902,1145,824,629,5
,820002,88,10,3,22,325,665,657,413,244,4,28,406,1130,1559,1130,710,8
,820003,88,10,3,9,23,66,122,58,64,0,9,30,113,278,162,169,0
,820004,88,10,3,75,743,1466,1134,686,360,47,96,943,2582,2652,2011,1111,111
,820005,88,10,3,6,84,198,212,150,112,4,6,105,341,432,368,317,5
,820006,88,10,3,0,26,73,141,120,109,0,0,31,141,348,313,308,0
,820007,88,10,3,5,94,207,276,161,128,0,6,120,385,576,410,368,0
,820008,88,10,3,3,92,226,229,146,126,2,3,118,412,518,409,373,2
,820009,88,10,3,0,40,139,143,89,75,15,0,56,270,356,223,254,15
,820010,88,10,3,46,412,828,605,401,269,3,52,469,1352,1299,1001,709,8
,820011,88,10,3,15,98,186,270,154,145,0,81,118,321,551,375,383,0
,820012,88,10,3,2,21,106,186,125,144,2,2,28,188,396,325,409,2
,820013,88,10,3,2,57,115,133,88,71,2,2,85,203,296,218,218,3
,820014,88,10,3,0,15,99,96,72,71,0,0,23,190,228,175,205,0
,825015,84,10,3,3,169,281,301,141,97,8,3,205,440,570,331,224,13
,840001,88,10,3,46,456,1117,1089,906,382,19,57,608,2117,2774,2801,1280,70
,840002,88,10,3,25,204,442,490,403,279,4,45,240,767,1201,1159,867,14
,840003,88,10,3,1,145,229,336,194,151,1,1,170,411,745,518,414,3
,840004,88,10,3,0,150,278,368,229,185,2,0,204,541,857,633,548,4
,840005,88,10,3,6,160,289,369,247,219,2,7,194,554,873,692,636,32
,840006,88,10,3,2,86,146,172,104,90,2,2,111,283,404,302,265,4
,840007,88,10,3,0,55,129,198,198,198,3,0,69,246,500,576,595,7
,840008,88,10,3,4,82,185,199,125,127,3,9,108,325,436,324,326,9
,840009,88,10,3,0,38,78,101,99,85,1,0,55,141,244,246,251,3
,840010,88,10,3,0,41,123,221,132,146,2,0,54,224,490,345,427,3
,840011,88,10,3,0,12,56,91,68,69,0,0,18,106,189,180,199,0
,846002,89,10,3,5,130,286,384,167,104,1,7,165,535,865,430,278,1
,846003,89,10,3,9,377,432,466,344,313,3,11,444,743,1052,900,879,6
,846004,89,10,3,27,337,448,489,274,194,0,28,411,813,1144,767,564,0
,846008,89,10,3,1,74,178,299,209,166,0,1,99,356,759,628,471,0
,846009,89,10,3,1,84,210,311,208,184,2,1,117,392,723,560,533,6
,846011,89,10,3,25,707,962,906,452,276,3,34,862,1778,2042,1160,811,17
,846014,89,10,3,0,54,138,136,107,75,0,0,73,258,294,254,191,0
,846018,89,10,3,2,199,380,331,214,128,1,2,250,603,714,488,341,1
,846020,89,10,3,10,66,276,467,358,257,0,17,81,550,1140,1018,765,0
,846022,89,10,3,0,111,223,301,155,165,1,0,161,439,700,407,484,3
,846027,89,10,3,189,1479,1923,1101,618,347,15,217,1854,3698,2579,1739,1028,58
,849001,86,10,3,36,342,691,826,626,260,17,51,388,1203,2087,1873,866,69
,849002,86,10,3,5,45,188,334,169,70,0,6,59,349,805,492,216,0
,849003,86,10,3,5,29,130,250,162,87,8,9,39,245,658,484,267,15
,849004,86,10,3,4,72,137,163,102,86,2,4,88,253,373,257,236,2
,849005,86,10,3,0,36,105,147,131,93,6,0,44,186,315,359,261,12
,849006,86,10,3,0,42,81,110,57,43,1,0,58,128,230,129,119,6
,849007,86,10,3,2,29,44,98,50,48,1,2,38,69,195,126,123,1
,849008,86,10,3,11,312,459,403,216,108,0,19,377,791,921,587,346,0
,849009,86,10,3,3,46,118,223,130,106,1,3,58,227,463,317,302,1
,849010,86,10,3,0,14,48,133,43,48,1,0,17,80,298,99,138,1
,849011,86,10,3,0,31,126,145,99,103,3,0,42,226,296,262,266,7
,849012,86,10,3,4,53,147,234,141,133,2,5,63,266,528,331,369,2
,849013,86,10,3,23,436,542,562,323,223,9,29,534,899,1240,854,640,18
,849014,86,10,3,0,38,161,183,124,106,1,0,47,265,398,314,298,1
,849015,86,10,3,0,14,80,110,92,129,1,0,24,146,289,260,371,2
,849016,86,10,3,0,16,92,129,121,155,1,0,20,180,300,269,452,1
,849018,86,10,3,11,445,755,918,433,272,5,16,578,1360,2213,1204,764,15
,849020,86,10,3,0,121,329,248,113,67,5,0,169,515,488,227,159,6
,849021,86,10,3,2,83,167,171,116,84,1,2,114,291,360,262,221,6
,851003,92,10,3,109.55,1767.42,1617.98,478.65,136.52,53.93,4.49,122.47,2279.78,3079.78,1180.90,388.76,169.10,10.11
,851004,92,10,3,85.45,1378.58,1262.02,373.35,106.48,42.07,3.51,95.53,1778.22,2402.22,921.10,303.24,131.90,7.89
,851005,92,10,3,129,1927,2474,753,249,89,23,144,2480,5243,1926,714,291,45
,851007,92,10,3,0,175,310,423,241,130,10,0,211,599,1065,675,369,24
,851009,92,10,3,5.31,163.34,353.67,389.97,259.39,140.32,9.30,9.74,208.93,751.17,993.30,745.86,416.09,23.90
,851010,92,10,3,6.69,205.66,445.33,491.03,326.61,176.68,11.70,12.26,263.07,945.83,1250.70,939.14,523.91,30.10
,851011,92,10,3,7,516,1035,902,534,287,13,9,614,1988,2291,1472,921,28
,851012,92,10,3,82.19,1354.05,598.52,175.84,64.71,45.05,14.20,92.29,1870.38,1138.34,396.47,182.40,130.24,158.64
,851014,91,10,3,73,2104,654,100,14,16,12,109,2765,1192,268,48,49,67
,851015,91,10,3,104,3676,1087,133,30,12,12,117,4957,1955,311,85,33,18
,851016,92,10,3,218.81,3604.95,1593.48,468.16,172.29,119.95,37.80,245.71,4979.62,3030.66,1055.53,485.60,346.76,422.36
,851017,91,10,3,95,1347,1613,755,256,101,10,106,1837,3130,2156,805,331,42
,851018,91,10,3,16,628,956,642,316,117,40,17,732,1883,1640,891,369,132
,851019,91,10,3,70.78,463.20,1368.76,921.35,595.28,363.99,10.11,73.94,560.52,2676.21,2267.99,1761.18,1109.03,30.33
,851020,91,10,3,41.22,269.80,797.24,536.65,346.72,212.01,5.89,43.06,326.48,1558.79,1321.01,1025.82,645.97,17.67
,851022,91,10,3,7,163,483,656,577,305,10,10,221,967,1748,1778,959,27
,851024,91,10,3,87,341,1008,966,603,180,18,120,388,2060,2502,1852,557,47
,851027,90,10,3,112.55,3459.54,1404.27,202.46,60.22,21.91,58.25,121.92,4704.86,2794.71,516.75,168.74,68.39,91.14
,851028,90,10,3,63.46,3054.38,1004.43,93.11,33.29,14.56,61.38,71.26,4188.33,1939.68,202.86,74.90,37.97,95.71
,851029,90,10,3,466.94,1476.56,2144.33,495.00,297.59,90.61,32.64,495.26,1982.25,4552.86,1315.40,939.92,292.29,62.66
,851030,90,10,3,105.94,1553.13,1088.99,276.03,60.54,17.30,2.16,109.55,2031.68,2288.25,784.13,206.84,71.35,3.60
,851031,90,10,3,168,735,1748,770,260,90,3,178,1022,3766,2170,786,329,8
,851032,90,10,3,16,266,741,531,216,80,62,26,371,1630,1385,629,283,91
,851033,90,10,3,10,84,548,696,442,130,10,11,106,1137,1906,1368,400,31
,851034,90,10,3,11.14,244.21,924.32,965.69,517.05,174.21,27.05,14.32,302.27,1870.92,2510.47,1543.19,560.80,68.41
,851035,90,10,3,20,292,669,750,481,290,7,24,368,1319,1890,1344,861,10
,851036,90,10,3,291.97,924.19,1344.66,313.71,188.32,57.41,20.52,309.69,1240.60,2854.58,833.39,594.40,185.20,39.48
,851038,91,10,3,2,59,349,473,243,177,1,3,89,740,1220,679,509,3
,851040,90,10,3,329,1643,1858,399,147,27,14,373,2093,4205,1191,430,86,22
,851043,92,10,3,6,241,575,818,511,295,50,8,287,1073,2062,1467,856,85
,851044,92,10,3,6,430,832,555,309,190,13,7,554,1393,1221,775,520,23
,851046,92,10,3,3,73,175,225,103,67,6,3,91,333,513,291,184,10
,851047,91,10,3,11,518,735,815,530,358,28,17,638,1308,2042,1564,1096,72
,851052,91,10,3,0,52,222,305,180,172,2,0,69,417,704,474,497,5
,851056,90,10,3,7,148,258,277,153,118,2,7,200,467,669,400,346,2
,851058,90,10,3,9,235,377,316,146,119,10,11,316,658,727,401,359,22
,851061,90,10,3,18,223,559,706,398,247,5,24,299,1079,1850,1240,765,13
,860001,85,10,3,3,38,172,276,153,128,0,3,53,322,607,394,341,0
,860003,85,10,3,40,731,1092,701,292,138,2,53,962,1973,1651,754,358,2
,860004,85,10,3,150,1613,1445,454,193,107,15,163,2101,2515,1058,585,297,103
,860006,85,10,3,1,51,198,262,154,133,0,1,61,359,567,405,358,0
,860007,85,10,3,0,102,226,217,147,108,2,0,120,381,456,376,334,3
,860008,85,10,3,0,87,231,246,126,109,3,0,103,374,500,286,282,4
,860011,85,10,3,6,250,403,388,265,252,2,8,316,743,882,690,706,6
,860012,85,10,3,2,44,188,242,157,151,4,2,69,353,557,394,430,11
,860013,85,10,3,0,44,132,205,167,182,0,0,61,229,457,429,513,0
,860014,85,10,3,6,95,241,189,111,119,4,12,133,422,386,287,348,6
,860015,85,10,3,55,406,945,806,511,225,11,61,527,1769,2091,1538,646,57
,860016,85,10,3,95,462,873,947,467,247,5,106,611,1754,2320,1345,734,26
,860018,85,10,3,33,631,1025,752,399,244,13,40,732,1851,1859,1175,729,38
,860019,85,10,3,16,271,505,519,318,321,13,18,336,887,1225,836,977,19
,860020,85,10,3,1,20,102,163,121,97,0,3,30,198,356,285,258,0
,860021,85,10,3,1,217,345,399,239,209,17,1,269,570,813,550,590,29
,860022,85,10,3,18,301,473,453,272,196,13,19,355,860,1013,739,559,17
,860023,85,10,3,0,28,106,141,120,109,1,0,37,191,336,310,300,2
,860026,85,10,3,3,52,147,155,100,114,3,18,74,255,326,232,299,3
,860027,85,10,3,0,12,78,138,105,105,1,0,13,167,301,252,289,2
,860028,85,10,3,2,34,150,219,131,137,1,2,53,290,481,346,367,1
