Gruppe;ValgstedId;KredsNr;StorKredsNr;LandsdelsNr;Ejerforhold_Antal_personer_01. Ejerbolig;Ejerforhold_Antal_personer_02. Andelsbolig;Ejerforhold_Antal_personer_03. Almennyttig bolig;Ejerforhold_Antal_personer_04. Lejer i offentligt ejet;Ejerforhold_Antal_personer_05. Privat lejerbolig;Ejerforhold_Antal_personer_06. Øvrige beboede boliger
;101001;1;1;1;2719;5490;1703;8;1526;4116
;101002;1;1;1;2503;2933;918;190;663;1171
;101003;1;1;1;2834;7613;424;10;1322;3643
;101005;1;1;1;2550;6783;1945;3;1072;3501
;101006;1;1;1;2845;4483;2578;83;1117;2381
;101007;2;1;1;4063;3167;4830;41;840;1324
;101008;2;1;1;1843;6418;5222;178;1523;3008
;101009;2;1;1;6105;126;3406;-;938;8613
;101010;2;1;1;4427;6973;292;7;1324;2428
;101011;3;1;1;3073;4524;185;68;2385;10048
;101012;3;1;1;2928;2002;-;2;1514;2730
;101013;3;1;1;3384;2840;1543;163;1741;3544
;101014;3;1;1;3104;4411;632;880;1905;5782
;101016;4;1;1;2961;4156;2270;-;1158;4013
;101017;4;1;1;3121;7841;3911;190;1957;3583
;101018;4;1;1;3980;4384;915;1;1238;763
;101019;4;1;1;7348;2138;1041;35;1056;1740
;101020;5;1;1;175;4709;2395;457;307;1105
;101021;5;1;1;1339;4493;3296;425;1213;2985
;101022;5;1;1;910;2985;2834;34;495;1551
;101023;5;1;1;937;4045;951;1;967;2482
;101024;5;1;1;385;6432;1700;-;487;988
;101025;5;1;1;1381;7463;2495;6;1339;1424
;101027;6;1;1;2003;5051;4165;11;1564;2931
;101028;6;1;1;2226;2393;3646;27;568;1818
;101029;6;1;1;841;955;3800;1;103;420
;101030;6;1;1;742;5202;2460;-;730;4599
;101031;7;1;1;2885;540;539;5;722;703
;101032;7;1;1;-;-;6673;-;-;45
;101033;7;1;1;2549;3343;1134;6;939;2097
;101034;7;1;1;4459;1810;4707;6;667;999
;101035;7;1;1;3077;1762;4030;551;513;327
;101036;7;1;1;6819;1263;3274;-;432;784
;101039;7;1;1;1780;1870;538;4;724;1314
;101040;7;1;1;5115;1125;266;2;619;787
;101041;7;1;1;5026;2817;2856;28;965;2482
;101042;8;1;1;5111;3233;1909;11;715;874
;101043;8;1;1;2487;4448;1179;-;1247;2708
;101044;8;1;1;3061;760;3486;80;734;2439
;101046;8;1;1;2024;1839;2478;17;619;564
;101047;8;1;1;1521;1386;2461;254;535;1029
;101048;8;1;1;2364;2912;940;-;560;4319
;101049;9;1;1;639;7514;205;61;744;969
;101050;9;1;1;1644;6194;1230;-;1274;1402
;101051;9;1;1;2017;2646;6091;9;698;587
;101052;9;1;1;1094;4857;502;336;1021;1459
;101053;9;1;1;1514;5660;702;29;678;786
;101054;9;1;1;263;781;1456;4;178;1786
;101055;9;1;1;3707;44;967;5;1064;9869
;101056;1;1;1;3240;2642;538;-;1683;2570
;101057;2;1;1;5474;703;2701;67;360;2569
;101058;5;1;1;923;4561;4536;21;1090;3929
;101059;6;1;1;869;3336;3341;4;132;1225
;147001;10;1;1;3450;3720;1214;20;1549;1964
;147002;10;1;1;4137;3490;480;30;1230;2493
;147003;10;1;1;3208;6230;383;158;1291;4469
;147004;10;1;1;5025;3727;1438;180;1310;2896
;147005;11;1;1;3023;1236;2448;954;707;5917
;147006;11;1;1;3280;2405;1749;179;1075;3450
;147007;11;1;1;3240;2623;1135;350;1774;3962
;147008;11;1;1;2037;5575;436;53;1229;1376
;151001;20;2;1;1740;-;4107;4;73;54
;151002;20;2;1;2141;146;5280;78;274;312
;151003;20;2;1;1704,43;-;1663,51;-;39,02;56,15
;151004;20;2;1;818;-;3543;-;34;46
;151005;20;2;1;4709;149;69;4;152;100
;151006;20;2;1;2028;34;5380;36;61;220
;151008;20;2;1;3648;368;1354;8;188;197
;151009;20;2;1;3108,57;84;1311,49;3;78,98;108,85
;151010;20;2;1;1377;362;1230;-;18;102
;153001;18;2;1;3743;56;733;-;90;37
;153002;18;2;1;1367;270;2378;164;111;191
;153003;18;2;1;905;-;2912;104;52;11
;153004;18;2;1;1765;-;5815;107;80;64
;153005;18;2;1;2478,40;-;4541,92;40,40;88,57;171,96
;153006;18;2;1;2306,60;-;4227,08;37,60;82,43;160,04
;155001;12;1;1;3988;116;568;103;274;232
;155004;12;1;1;7113;199;1153;51;306;391
;157001;13;2;1;5713;500;230;386;441;597
;157002;13;2;1;4650;705;465;9;381;380
;157003;13;2;1;5038;569;147;169;415;924
;157004;13;2;1;4269;716;1409;787;503;213
;157005;13;2;1;6376;465;97;-;578;377
;157006;13;2;1;5513;1112;-;36;566;862
;157007;13;2;1;4166;1417;21;194;1012;1800
;157008;13;2;1;3611;648;81;6;1102;918
;157009;13;2;1;5315;326;38;302;671;881
;157010;13;2;1;3895;657;-;132;1037;1002
;159001;15;2;1;3869,40;272,82;1116,25;202,69;522,58;1176,77
;159002;15;2;1;3763;1310;1822;110;453;1252
;159003;15;2;1;4356;245;3182;157;111;786
;159004;15;2;1;3804;241;5307;7;219;197
;159005;15;2;1;4005;331;3001;170;466;2042
;159006;15;2;1;5206;74;1794;149;134;998
;159007;15;2;1;2871;619;1083;13;508;419
;159008;15;2;1;3122;319;2161;127;320;171
;159009;15;2;1;1581,60;17,18;2938,75;8,31;60,42;70,23
;161001;20;2;1;2312;-;939;-;57;60
;161002;20;2;1;1880;403;197;155;405;490
;161003;20;2;1;2158;1008;1391;173;284;887
;161004;20;2;1;356;166;3361;25;104;294
;161005;20;2;1;1869;13;-;17;28;69
;161006;20;2;1;1531;136;2059;79;91;131
;163001;16;2;1;3183;513;6006;18;307;629
;163002;16;2;1;6040;14;2211;87;163;318
;163003;16;2;1;2500;169;6549;13;53;180
;165001;19;2;1;2975;74;2533;43;78;41
;165002;19;2;1;2891;-;1512;-;170;90
;165003;19;2;1;1847;42;2882;8;107;128
;165004;19;2;1;47;-;5181;116;18;73
;165005;19;2;1;3770;659;2342;53;49;2
;167001;17;2;1;3725;764;133;7;449;841
;167002;17;2;1;2217;1028;755;81;274;214
;167003;17;2;1;1804;409;3375;70;14;398
;167004;17;2;1;2931;168;2938;3;96;236
;167005;17;2;1;4825;1255;557;6;255;402
;167006;17;2;1;3458;-;3525;23;97;74
;167007;17;2;1;5880;157;1933;2;150;487
;167008;17;2;1;1420;591;5305;23;76;96
;169001;19;2;1;1310;787;2011;-;216;79
;169002;19;2;1;2771;28;1443;-;153;471
;169004;19;2;1;4107;52;1466;47;91;231
;169006;19;2;1;4346;108;2266;65;482;339
;169007;19;2;1;4869;172;759;66;398;868
;169008;19;2;1;815;874;2324;33;356;135
;169009;19;2;1;2163;20;10;74;218;97
;169010;19;2;1;2374,82;170,21;1236,18;44,73;231,71;233,57
;169012;19;2;1;4753;141;390;5;269;246
;169013;19;2;1;766;73;-;-;64;24
;169014;19;2;1;1448,18;103,79;753,82;27,27;141,29;142,43
;173001;14;2;1;2452;1601;281;157;553;1561
;173002;14;2;1;1362;573;3336;339;189;810
;173003;14;2;1;3035;84;1474;174;339;1545
;173004;14;2;1;4239;925;205;178;592;994
;173005;14;2;1;1043;62;109;64;160;62
;173006;14;2;1;5973;185;193;49;266;484
;173007;14;2;1;3829;-;1423;10;100;42
;173008;14;2;1;5528;557;1083;136;340;1013
;173009;14;2;1;3850;2;2093;57;207;296
;175001;16;2;1;2785;227;692;33;248;312
;175002;16;2;1;2467;-;2899;-;132;318
;175003;16;2;1;3858;434;2384;54;498;675
;175004;16;2;1;1263;101;3457;-;158;620
;175005;16;2;1;4648;48;1937;21;424;867
;175006;16;2;1;4202;83;1843;-;118;683
;175007;16;2;1;-;-;2163;-;-;-
;183001;18;2;1;1442;134;-;43;147;166
;183002;18;2;1;2563;-;1341;-;42;10
;183003;18;2;1;2082;-;3618;2;81;27
;183004;18;2;1;-;-;5139,93;106,47;0,98;314,53
;183005;18;2;1;4298;199;427,07;145,53;499,02;160,47
;185001;12;1;1;5312;4;506;33;161;515
;185002;12;1;1;7137;-;-;49;200;115
;185003;12;1;1;2915;-;3377;74;160;148
;185004;12;1;1;2817;246;1790;48;366;526
;185005;12;1;1;4658;257;125;130;153;124
;185006;12;1;1;2709;837;6687;53;663;94
;187001;18;2;1;3491;183;-;8;932;1431
;187002;18;2;1;3913;-;373;32;210;59
;187003;18;2;1;4497;40;681;77;337;369
;190001;25;3;1;6420;17;2541;56;219;557
;190002;25;3;1;3475;-;150;2;99;28
;190003;25;3;1;4131;155;396;26;77;226
;190004;25;3;1;1075;-;163;50;77;78
;190005;25;3;1;4094;179;920;-;118;284
;190006;25;3;1;6582;375;749;7;279;667
;190007;25;3;1;1159;-;5051;-;241;242
;201001;26;3;1;2862;17;155;33;113;138
;201002;26;3;1;2945;65;1661;-;102;480
;201003;26;3;1;4720;41;370;55;149;286
;201004;26;3;1;4235;79;579;89;219;138
;201005;26;3;1;5225;83;396;51;161;186
;210001;22;3;1;4059;306;1520;8;313;363
;210002;22;3;1;3615;31;112;34;267;435
;210003;22;3;1;3066;16;825;8;359;581
;210004;22;3;1;2735;121;1536;7;253;449
;210005;22;3;1;6407;-;3066;7;319;476
;210007;22;3;1;2517;265;1234;-;163;182
;210008;22;3;1;965;-;-;5;91;113
;210009;22;3;1;1779;354;1672;48;73;110
;217001;21;3;1;3887,84;501,06;1641,51;43,80;1399,44;1981,96
;217002;21;3;1;4105;406;5085;21;368;424
;217003;21;3;1;3368;-;4300;8;310;196
;217004;21;3;1;4157;398;508;34;303;211
;217005;21;3;1;3884;6;395;97;527;257
;217006;21;3;1;1212;10;-;24;83;29
;217007;21;3;1;1420;-;-;17;203;96
;217008;21;3;1;831;-;102;13;54;231
;217009;21;3;1;3124;93;1380;10;227;109
;217010;21;3;1;3723;58;720;2;172;282
;217011;21;3;1;4816;199;1207;8;398;170
;217012;21;3;1;1171,16;150,94;494,49;13,20;421,56;597,04
;219001;23;3;1;4638;233;975;208;755;2730
;219002;23;3;1;3966;111;1299;34;303;635
;219003;23;3;1;743;-;56;4;75;17
;219004;23;3;1;1359;71;-;4;72;43
;219005;23;3;1;2097;63;21;4;115;109
;219006;23;3;1;4046;288;1126;2;147;774
;219007;23;3;1;1528;-;294;116;72;67
;219008;23;3;1;1048;-;8;10;75;7
;219009;23;3;1;2956;168;455;-;247;575
;219010;23;3;1;3253;55;2689;215;290;776
;219011;23;3;1;1697;103;42;4;166;71
;219012;23;3;1;3298;-;95;59;345;358
;219013;23;3;1;1228;44;30;25;90;117
;219014;23;3;1;1034;166;-;4;110;48
;223001;22;3;1;3625;927;291;36;505;855
;223002;22;3;1;4706;114;1076;71;386;191
;223003;22;3;1;3852;-;88;6;283;411
;223004;22;3;1;330;-;-;-;44;43
;223005;22;3;1;4273;-;2177;33;167;374
;230001;26;3;1;4761;122;1131;142;204;736
;230003;26;3;1;5560;84;298;147;387;450
;230004;26;3;1;2601;202;1688;214;240;714
;230005;26;3;1;5877;116;518;139;247;795
;230006;26;3;1;2795;134;161;35;75;389
;230007;26;3;1;5253;127;2119;129;313;443
;230008;26;3;1;3706;196;1270;71;135;228
;230009;26;3;1;3037;-;-;13;174;710
;230010;26;3;1;5648;75;601;70;455;993
;240001;25;3;1;908;-;-;50;107;41
;240002;25;3;1;8128;529;764;64;448;582
;240003;25;3;1;5198,08;97,44;753,66;20,88;315,19;190,90
;240004;25;3;1;1314;134;392;6;89;33
;240005;25;3;1;3101;26;168;1;141;123
;240006;25;3;1;1419;22;-;11;61;18
;240007;25;3;1;6199,54;32,05;492,50;12,09;320,14;176,66
;240008;25;3;1;4973,30;88,93;823,30;23,91;134,83;124,31
;240009;25;3;1;3201,09;335,58;598,53;0,13;314,85;246,13
;250001;24;3;1;3464;247;1894;16;421;1544
;250002;24;3;1;3951;193;1701;13;211;151
;250003;24;3;1;5513;15;428;144;353;256
;250004;24;3;1;5870;518;489;119;728;517
;250005;24;3;1;6250;237;569;84;646;541
;250006;24;3;1;6209;263;762;62;537;307
;253001;35;5;2;1851,68;72,85;4820,13;57,73;108,90;263,06
;253002;35;5;2;13495,44;400,36;4720,71;152,25;491,40;611,10
;253003;35;5;2;6260,88;61,79;577,17;23,01;130,70;78,85
;253004;35;5;2;7292;146;523;100;681;385
;253005;35;5;2;5533;27;735;39;260;659
;259001;34;5;2;5692;167;1395;219;904;1562
;259002;34;5;2;2258,25;101,13;3454;40,66;215,86;199,20
;259003;34;5;2;4092,20;317,53;2369,62;140,95;320,51;466,55
;259004;34;5;2;3419;-;1109;42;122;79
;259005;34;5;2;2934;200;2551;77;117;153
;259006;34;5;2;5101;286;2034;93;356;482
;259007;34;5;2;3205,80;104,47;421,38;11,05;151,49;165,45
;259008;34;5;2;2194,75;122,87;-;27,34;108,14;109,80
;259009;34;5;2;2850;85;312;64;191;190
;259010;34;5;2;1097;-;-;7;159;43
;259011;34;5;2;3921;434;1120;103;563;147
;260001;24;3;1;7079;194;674;18;893;715
;260002;24;3;1;3363;26;104;37;310;100
;260003;24;3;1;3044,63;51,47;527,35;85,46;229,20;208,80
;260004;24;3;1;6162,37;394,53;2165,65;120,54;939,80;821,20
;260005;24;3;1;2230;155;336;38;244;117
;265001;36;5;2;2182;527;553;70;686;1505
;265002;36;5;2;3979;697;433;9;133;629
;265003;36;5;2;4047;696;2066;505;195;527
;265004;36;5;2;2377;795;887;14;373;583
;265005;36;5;2;3183;387;2198;53;532;1156
;265006;36;5;2;5703;286;1091;73;127;490
;265007;36;5;2;3492;421;355;35;54;34
;265008;36;5;2;2121;161;222;1;120;91
;265009;36;5;2;1058;-;-;6;47;135
;265010;36;5;2;2391;144;3725;98;367;773
;265011;36;5;2;2645;235;296;82;181;108
;265013;36;5;2;5984;-;206;66;381;141
;265014;36;5;2;2506;144;162;29;99;106
;265015;36;5;2;2567;308;476;2;78;34
;265016;36;5;2;2177;57;-;15;141;28
;265017;36;5;2;4671;153;803;13;220;287
;265018;36;5;2;999;-;-;11;79;31
;265021;36;5;2;3015;341;1423;129;152;735
;269001;35;5;2;3741;355;373;8;262;177
;269004;35;5;2;6263;108;851;23;263;715
;269005;35;5;2;7327;579;1416;139;422;233
;270001;23;3;1;3697;38;-;67;543;239
;270002;23;3;1;2446;36;4;98;345;184
;270003;23;3;1;496;-;-;4;47;41
;270004;23;3;1;3653;77;485;71;474;311
;270005;23;3;1;1977;52;4;-;160;144
;270006;23;3;1;4918;155;375;129;671;444
;270007;23;3;1;1290;-;-;-;184;62
;270008;23;3;1;5514;149;1143;78;732;659
;270009;23;3;1;827;-;4;8;121;67
;270010;23;3;1;2697;84;17;2;184;78
;270011;23;3;1;2367;-;56;21;285;150
;270012;23;3;1;1568;-;9;15;239;53
;306001;38;5;2;2688;210;452;1;398;289
;306002;38;5;2;2918;12;204;31;514;209
;306003;38;5;2;1880;9;108;3;428;78
;306004;38;5;2;2249;14;357;23;528;302
;306005;38;5;2;995;-;58;-;185;62
;306006;38;5;2;2154;66;141;26;518;288
;306007;38;5;2;3627;167;583;120;854;772
;306008;38;5;2;1187;32;24;19;222;77
;306010;38;5;2;1098;-;82;7;206;90
;306011;38;5;2;2575;64;183;13;574;217
;306012;38;5;2;543;-;12;6;91;19
;306013;38;5;2;848;-;-;9;168;70
;316001;37;5;2;6169;627;3065;49;462;483
;316002;37;5;2;3792;503;4849;82;253;603
;316003;37;5;2;1728;565;1269;202;943;1290
;316004;37;5;2;3467;100;65;5;262;131
;316005;37;5;2;3788;140;136;70;360;165
;316006;37;5;2;1845;4;56;-;238;93
;316007;37;5;2;3363;302;450;122;468;333
;316008;37;5;2;2641;43;169;-;397;244
;316009;37;5;2;3363;47;198;59;359;200
;316010;37;5;2;2486;103;132;38;440;131
;316011;37;5;2;2965;228;783;15;588;567
;316012;37;5;2;3025;56;168;-;526;565
;316013;37;5;2;2394;69;352;-;438;379
;316014;37;5;2;2633;57;136;-;450;249
;316015;37;5;2;742;-;30;-;131;48
;320001;33;5;2;5658;203;477;42;553;651
;320002;33;5;2;4661;262;1640;115;953;1049
;320003;33;5;2;2816;157;743;88;539;572
;320004;33;5;2;2806;75;213;-;465;419
;320005;33;5;2;2818;230;220;6;462;379
;320006;33;5;2;2992;32;130;24;388;92
;320007;33;5;2;2661;77;265;32;338;273
;326001;38;5;2;2393;164;117;31;508;277
;326002;38;5;2;243;14;14;7;47;17
;326003;38;5;2;3133;62;250;59;670;259
;326004;38;5;2;1830;142;413;48;407;194
;326005;38;5;2;1331;-;91;22;285;45
;326006;38;5;2;469;26;32;-;60;17
;326007;38;5;2;944;-;31;4;151;45
;326008;38;5;2;2287;54;185;4;474;177
;326009;38;5;2;2886;324;928;142;451;210
;326010;38;5;2;1345;42;16;6;260;120
;326011;38;5;2;1155;-;-;-;189;75
;326012;38;5;2;1808;32;772;51;664;673
;326013;38;5;2;1474;207;788;12;602;370
;326014;38;5;2;1336;6;34;4;199;99
;326015;38;5;2;2737;32;99;-;403;226
;326016;38;5;2;3603;43;224;-;395;148
;326017;38;5;2;632;-;24;12;99;24
;326018;38;5;2;1859;259;2002;10;119;173
;329001;39;5;2;5061;703;2430;254;849;2214
;329002;39;5;2;705;7;-;-;99;50
;329003;39;5;2;667;13;51;-;46;50
;329004;39;5;2;4668;40;41;5;474;622
;329005;39;5;2;1127;-;-;-;164;44
;329006;39;5;2;2428;46;2636;8;496;591
;329008;39;5;2;1063;177;23;33;165;65
;329009;39;5;2;1026;-;17;2;97;88
;329010;39;5;2;1241;-;-;12;87;34
;329011;39;5;2;495;24;67;6;102;22
;329012;39;5;2;906;10;-;7;148;41
;329013;39;5;2;1113;-;-;54;164;83
;329014;39;5;2;648;9;34;7;151;42
;330001;40;5;2;2516;110;61;-;384;238
;330003;40;5;2;1223;116;156;31;130;137
;330004;40;5;2;1396;51;98;-;263;21
;330005;40;5;2;3681;433;2086;142;527;748
;330006;40;5;2;3055;198;2144;1;951;883
;330007;40;5;2;2041;63;-;27;158;73
;330008;40;5;2;2883;78;38;45;359;124
;330009;40;5;2;3586;160;2472;64;495;362
;330010;40;5;2;1254;24;51;29;239;58
;330011;40;5;2;4965;325;1683;76;882;682
;330012;40;5;2;-;-;-;-;-;-
;330013;40;5;2;1100;21;24;35;163;56
;330017;40;5;2;-;-;-;-;-;-
;330019;40;5;2;4135;263;3996;2;1334;3343
;330021;40;5;2;4315;231;984;-;476;429
;330022;40;5;2;3503;509;3029;206;548;894
;330024;40;5;2;1130;-;-;-;107;94
;330025;40;5;2;2591;5;106;5;284;79
;336001;33;5;2;4415;113;254;118;510;400
;336002;33;5;2;5823;162;138;128;513;468
;336003;33;5;2;3693;118;526;83;863;647
;336004;33;5;2;2929;88;77;1;567;171
;340001;39;5;2;3832;222;568;117;594;476
;340002;39;5;2;1152;69;122;30;314;426
;340004;39;5;2;1475;12;105;-;137;115
;340005;39;5;2;2737;205;911;57;653;867
;340006;39;5;2;3842;82;671;15;301;218
;340008;39;5;2;2696;137;562;31;303;443
;340010;39;5;2;4059;122;261;24;657;261
;350001;34;5;2;3109;88;404;108;252;274
;350002;34;5;2;2195;48;100;33;174;64
;350003;34;5;2;1377;26;26;7;109;44
;350004;34;5;2;1288;16;7;19;116;13
;350005;34;5;2;1054;9;-;21;114;103
;350006;34;5;2;3400;146;686;162;289;277
;350008;34;5;2;2396;87;108;42;208;75
;350009;34;5;2;2396;2;76;79;165;136
;350011;34;5;2;2347;109;4;72;142;184
;350012;34;5;2;2610;29;51;96;265;159
;360001;29;5;2;557;9;10;-;104;48
;360003;29;5;2;1598;21;220;2;427;203
;360008;29;5;2;648;-;41;-;216;13
;360011;29;5;2;1629,29;24,82;235,38;1,48;319,11;107,83
;360013;29;5;2;3965;238;964;102;1021;559
;360014;29;5;2;-;-;-;-;-;-
;360019;29;5;2;2372;-;89;20;511;141
;360020;29;5;2;4419;169;1955;99;1184;903
;360021;29;5;2;3321,95;103,75;809,27;26,41;572,52;139,59
;360026;29;5;2;358,76;12,43;3,35;1,11;67,37;30,58
;360027;29;5;2;335;-;10;-;105;10
;360028;29;5;2;-;-;-;-;-;-
;360029;29;5;2;1741;-;97;-;392;83
;360035;29;5;2;1943;32;32;19;402;72
;360036;29;5;2;2473;13;149;22;669;219
;360037;29;5;2;721;80;439;138;176;140
;370001;32;5;2;2676;66;458;8;771;400
;370002;32;5;2;800;-;14;-;89;118
;370003;32;5;2;1478;29;81;-;337;148
;370004;32;5;2;2111;90;67;26;287;135
;370005;32;5;2;772;9;-;-;159;68
;370006;32;5;2;2036;19;184;16;279;160
;370007;32;5;2;1278;24;67;3;241;59
;370008;32;5;2;3648;265;566;20;186;456
;370009;32;5;2;1099;57;164;1;98;27
;370010;32;5;2;1281;20;61;54;159;64
;370011;32;5;2;2335;221;211;36;345;148
;370012;32;5;2;464;-;-;4;77;31
;370014;32;5;2;2845;122;276;53;401;303
;370020;32;5;2;3240;105;867;180;262;240
;370021;32;5;2;657;432;145;182;883;1563
;370022;32;5;2;4201;209;3116;285;1000;997
;370023;32;5;2;3785;165;1313;90;422;537
;370024;32;5;2;3540;297;647;-;1788;189
;370026;32;5;2;2821;-;196;16;221;313
;370027;32;5;2;4005;908;353;209;347;267
;370028;32;5;2;2730;-;1463;207;516;188
;370029;32;5;2;710;-;42;12;105;43
;370031;32;5;2;1458;83;85;3;270;74
;370032;32;5;2;1929;43;95;30;252;151
;376001;30;5;2;1408;248;855;2;1120;1209
;376002;30;5;2;2438;30;281;4;824;619
;376003;30;5;2;1947;56;2024;-;135;21
;376004;30;5;2;2109;38;1517;108;393;310
;376005;30;5;2;2393;102;10;34;259;46
;376006;30;5;2;1464;-;45;-;268;134
;376007;30;5;2;2649;67;549;-;143;171
;376008;30;5;2;2042;53;134;53;401;225
;376009;30;5;2;1217;-;11;21;268;76
;376010;30;5;2;2195;110;268;65;444;128
;376011;30;5;2;1677;8;49;13;406;149
;376012;30;5;2;2020;33;84;28;384;152
;376013;30;5;2;3351;58;778;249;753;459
;376014;30;5;2;1165;-;63;4;245;99
;376015;30;5;2;896;-;-;2;251;59
;376016;30;5;2;2264;106;252;103;614;347
;376017;30;5;2;2398;55;14;4;501;212
;376018;30;5;2;1553;40;35;44;240;41
;376019;30;5;2;2685;99;118;22;389;99
;376020;30;5;2;931;-;68;-;227;85
;390001;31;5;2;2340;86;1602;135;761;838
;390002;31;5;2;1853;328;1069;112;504;305
;390003;31;5;2;2157;118;282;27;221;100
;390004;31;5;2;1919;54;261;25;343;278
;390005;31;5;2;942;17;8;30;194;66
;390006;31;5;2;2914;13;27;14;656;241
;390007;31;5;2;1480;65;288;1;147;96
;390008;31;5;2;3470;145;513;59;691;520
;390009;31;5;2;1181;-;68;6;252;40
;390010;31;5;2;1759;13;52;6;390;104
;390011;31;5;2;908;23;47;-;168;44
;390012;31;5;2;2330;290;553;82;430;444
;390013;31;5;2;939;-;16;5;195;67
;390014;31;5;2;608;-;16;1;106;75
;390015;31;5;2;1340;11;180;39;267;123
;390016;31;5;2;1548;16;147;14;269;52
;390017;31;5;2;1502;65;156;12;183;103
;400001;28;4;1;2352;101;183;36;331;255
;400002;28;4;1;2364;30;137;6;342;53
;400003;28;4;1;1697;64;94;-;206;53
;400004;28;4;1;3020;70;442;66;523;373
;400005;28;4;1;1234;31;71;11;240;37
;400006;28;4;1;3927;73;332;155;580;268
;400007;27;4;1;2091;33;62;10;378;84
;400008;27;4;1;9202;508;2029;292;1377;967
;400009;27;4;1;2056;52;140;32;317;196
;410001;45;6;2;3817;59;1130;121;864;981
;410002;45;6;2;4685;213;851;143;414;572
;410003;45;6;2;3573;82;175;18;296;288
;410004;45;6;2;1949;31;245;-;202;760
;410005;45;6;2;1104;-;38;40;121;279
;410006;45;6;2;2562;67;614;26;369;266
;410007;45;6;2;1638;-;44;3;168;65
;410008;45;6;2;1858;105;391;9;433;237
;410009;45;6;2;1992;8;111;59;426;121
;410010;45;6;2;1897;36;102;52;318;187
;410011;45;6;2;1389;-;44;3;134;68
;411001;28;4;1;-;-;-;-;-;-
;420001;44;6;2;3648;146;994;142;816;1115
;420002;44;6;2;1547;11;33;-;273;78
;420003;44;6;2;702;-;-;-;104;39
;420004;44;6;2;797;-;-;-;103;37
;420005;44;6;2;2784;121;318;82;350;513
;420006;44;6;2;593;-;6;3;71;67
;420007;44;6;2;1119;-;8;1;177;43
;420008;44;6;2;2090;117;223;-;363;419
;420009;44;6;2;836;1;32;1;165;51
;420010;44;6;2;838;-;11;5;119;58
;420011;44;6;2;4497;138;533;37;461;332
;420012;44;6;2;641;-;-;-;111;40
;420013;44;6;2;2203;28;196;73;362;378
;420014;44;6;2;559;-;2;-;94;69
;420015;44;6;2;1504;9;52;1;124;50
;420016;44;6;2;1444;19;169;21;222;138
;420017;44;6;2;1910;34;126;-;239;298
;420018;44;6;2;1287;-;5;3;164;222
;430001;48;6;2;1350;11;49;-;165;76
;430002;48;6;2;1016;11;112;7;153;136
;430003;48;6;2;1425;52;127;-;212;193
;430004;48;6;2;792;-;34;-;119;92
;430005;48;6;2;-;-;-;-;-;-
;430007;48;6;2;4938;220;943;63;1084;846
;430008;48;6;2;1479;12;21;3;333;85
;430009;48;6;2;1394;-;72;21;358;156
;430010;48;6;2;-;-;-;-;-;-
;430011;48;6;2;1634;-;87;10;266;118
;430012;48;6;2;1277;-;67;-;255;102
;430013;48;6;2;1173;11;25;-;206;75
;430014;48;6;2;1063;-;26;1;261;123
;430015;48;6;2;5022;188;1234;33;640;977
;430016;48;6;2;929;-;18;11;110;66
;430017;48;6;2;1491;22;55;49;324;156
;430018;48;6;2;1580;34;143;36;410;234
;430019;48;6;2;1758;20;114;8;298;126
;430020;48;6;2;3005;40;160;12;369;307
;430021;48;6;2;1467;22;136;-;105;205
;430022;48;6;2;3597;97;314;1;269;424
;440001;46;6;2;1553;-;29;13;394;81
;440002;46;6;2;3756;182;1075;193;486;884
;440003;46;6;2;1834;10;-;43;272;171
;440004;46;6;2;1836;-;59;13;183;161
;440005;46;6;2;3203;70;486;88;312;427
;440006;46;6;2;3263;1117;744;57;328;489
;450001;46;6;2;1374;15;77;-;167;91
;450002;46;6;2;5251;58;2571;157;516;1017
;450003;46;6;2;3165;201;792;25;867;1459
;450004;46;6;2;1489;172;314;-;138;256
;450005;46;6;2;798;-;-;3;231;49
;450006;46;6;2;2125;80;205;52;241;283
;450007;46;6;2;408;-;9;-;74;10
;450008;46;6;2;501;-;2;-;61;21
;450009;46;6;2;772;-;19;-;95;34
;450010;46;6;2;1183;78;171;-;183;230
;450011;46;6;2;1114;-;38;-;190;35
;450012;46;6;2;1013;-;26;-;190;78
;450013;46;6;2;960;-;48;-;88;139
;461001;41;6;2;2689;175;1382;96;2177;5820
;461002;41;6;2;4820;321;2086;64;1063;2789
;461003;41;6;2;1541;-;1556;15;548;701
;461004;41;6;2;3358;352;1393;158;1937;2722
;461005;41;6;2;2426;166;4610;93;367;708
;461006;41;6;2;2567;53;-;-;126;178
;461007;41;6;2;3713;431;954;75;231;1074
;461009;41;6;2;1637;240;303;33;175;1545
;461011;42;6;2;3070;165;2035;5;1821;5071
;461012;42;6;2;3039;220;5392;339;514;1362
;461013;42;6;2;976;29;58;1;96;79
;461014;42;6;2;4428;343;373;29;550;937
;461016;42;6;2;2850;274;529;60;99;366
;461017;42;6;2;4818;206;782;-;389;318
;461018;42;6;2;4983;55;243;-;371;199
;461019;42;6;2;3195;412;716;114;266;396
;461020;42;6;2;3817;140;225;-;227;231
;461021;42;6;2;2498;92;13;53;227;290
;461023;43;6;2;2961;578;1543;495;2026;4741
;461024;43;6;2;4346;18;716;-;401;234
;461025;43;6;2;3436;221;2655;26;376;2383
;461026;43;6;2;8157;201;1303;90;579;621
;461028;43;6;2;4139;268;70;62;295;617
;461029;43;6;2;4558;22;972;-;506;579
;461030;43;6;2;5343;237;1708;66;403;1327
;461031;43;6;2;2507;99;614;2;145;360
;461032;43;6;2;702;16;40;20;86;98
;461033;43;6;2;3673;122;707;13;268;665
;461035;41;6;2;1540;122;8844;102;103;233
;461036;41;6;2;1519;402;2023;155;67;515
;479001;47;6;2;6634;306;2237;214;1741;3226
;479002;47;6;2;1837;14;1156;50;249;245
;479003;47;6;2;3535;168;2492;1;417;762
;479004;47;6;2;995,68;35,74;-;11,35;129,35;48,79
;479005;47;6;2;3287;134;92;102;265;181
;479006;47;6;2;-;-;-;-;-;-
;479007;47;6;2;1831;275;110;3;198;114
;479008;47;6;2;759,32;27,26;-;8,65;98,65;37,21
;479009;47;6;2;2030;143;153;23;287;136
;479010;47;6;2;3048;163;-;42;210;82
;479011;47;6;2;2022;108;-;3;182;508
;479014;47;6;2;1077;11;19;-;122;141
;479016;47;6;2;1394;55;107;43;304;311
;479017;47;6;2;1803;54;67;74;344;218
;479019;47;6;2;2209;37;90;-;322;143
;479021;47;6;2;989;22;45;-;175;26
;479023;47;6;2;1126;-;109;10;193;144
;479025;47;6;2;935;62;35;1;288;102
;479027;47;6;2;1340;51;41;1;252;236
;480001;45;6;2;3523;52;592;50;901;692
;480002;45;6;2;715;-;3;-;185;28
;480003;45;6;2;2648;-;18;10;500;109
;480004;45;6;2;4456;133;572;105;743;624
;480005;45;6;2;1010;-;-;36;153;50
;480006;45;6;2;1110;-;22;-;200;94
;480007;45;6;2;1045;-;22;-;253;58
;480008;45;6;2;2446;38;61;-;152;205
;480009;45;6;2;1224;7;28;14;201;94
;480010;45;6;2;3115;76;338;11;345;598
;482001;47;6;2;702,45;11,27;21,66;14,31;130,60;19,18
;482002;47;6;2;1803,71;31,68;41,34;45,84;407,22;119,41
;482005;47;6;2;3237,84;168,05;748;40,84;774,18;734,41
;482007;47;6;2;1460,55;12;61;39;277,17;146,47
;482011;47;6;2;1024,45;31;20;19;243,83;104,53
;492001;48;6;2;1876;10;266;7;423;165
;492002;48;6;2;1604;-;149;3;346;50
;492003;48;6;2;892;-;24;2;130;17
;510001;61;7;2;3682,72;243,19;2693,48;7,70;1194,31;2256,97
;510002;61;7;2;3539;109;2093;55;640;510
;510003;61;7;2;2879,74;35,68;222,94;58,05;422,27;718,72
;510004;61;7;2;961,00;3,41;19,98;20,05;149,04;49,34
;510005;61;7;2;856,10;24,27;58,85;7,10;135,74;98,28
;510006;61;7;2;1455,49;165,32;112,38;1,86;142,76;67,22
;510007;61;7;2;-;-;-;-;-;-
;510008;61;7;2;1307,00;14;44,92;0,84;284,60;59,43
;510009;61;7;2;2510;73;110;-;155;66
;510010;61;7;2;1306,00;-;29,08;1,16;183,40;52,57
;510011;61;7;2;957,67;13;27,26;0,05;144,10;117,97
;510012;61;7;2;804,52;-;29,30;4,06;93,03;20,15
;510013;61;7;2;1189,55;75,13;34,58;4,24;186,41;41,31
;510014;61;7;2;1737,81;-;21,44;0,89;294,86;117,88
;510015;61;7;2;1065;-;71;-;137;45
;510016;61;7;2;836;-;19;6;137;50
;510017;61;7;2;3905,38;132;2249,50;119;583,37;153,39
;510018;61;7;2;1891,03;12;50,28;3;419,10;130,77
;510019;61;7;2;924;-;12;-;215;46
;510020;61;7;2;2182,28;83;305;59;376,80;331,18
;510021;61;7;2;618,45;8,93;15,17;18,74;102,95;39,20
;510022;61;7;2;424,27;1,07;1,83;2,26;50,25;33,62
;530001;55;7;2;4489;171;1421;95;399;453
;530002;55;7;2;1721;75;85;18;255;198
;530003;55;7;2;1611;10;107;25;231;147
;530004;55;7;2;783;19;24;-;113;77
;530005;55;7;2;791;34;37;6;132;34
;530006;55;7;2;7199;189;2005;112;847;654
;530007;55;7;2;1525;15;127;23;240;111
;540001;49;7;2;3224;80;1472;82;545;184
;540002;49;7;2;1588;12;802;2;280;19
;540003;49;7;2;2445;44;272;50;439;158
;540004;49;7;2;1890;48;72;4;360;38
;540005;49;7;2;2587;142;467;126;350;93
;540006;49;7;2;2669;89;231;64;238;48
;540007;49;7;2;1944;6;45;26;427;43
;540008;49;7;2;442;-;-;7;104;3
;540009;49;7;2;4212;663;3566;56;511;414
;540010;49;7;2;2787;-;4456;55;234;645
;540011;49;7;2;2411;195;1802;58;1691;1446
;540012;49;7;2;4590;267;420;59;492;226
;540013;49;7;2;2641;44;167;39;375;47
;540014;49;7;2;1424;9;60;-;272;53
;540015;49;7;2;3444;115;326;-;526;205
;540016;49;7;2;5470;188;1013;104;818;392
;540017;49;7;2;789;-;15;4;131;24
;550001;51;7;2;1329;31;99;21;310;81
;550002;51;7;2;561;7;6;-;125;19
;550003;51;7;2;459;6;-;-;90;10
;550004;51;7;2;1183;20;229;20;180;68
;550007;51;7;2;433;-;11;-;75;40
;550008;51;7;2;897;39;25;-;120;38
;550012;51;7;2;1957;55;558;11;390;238
;550014;51;7;2;1121;13;25;67;164;17
;550015;51;7;2;517;8;36;-;163;49
;550016;51;7;2;750;-;-;-;202;26
;550017;51;7;2;1509;27;58;-;354;169
;550018;51;7;2;561;16;6;5;162;24
;550019;51;7;2;432;14;-;-;109;14
;550021;51;7;2;532;-;-;-;155;20
;550023;51;7;2;2712;66;271;30;669;285
;550024;51;7;2;835;-;-;-;171;46
;550025;51;7;2;4326;203;1697;124;877;957
;550027;51;7;2;899;27;15;-;131;28
;550029;51;7;2;830;6;38;-;119;22
;550051;51;7;2;388;10;39;10;73;39
;550061;51;7;2;2457;73;365;9;582;221
;550071;51;7;2;478;-;-;1;136;35
;561002;52;7;2;3735;399;1630;311;2378;4221
;561003;52;7;2;363;18;1489;320;104;341
;561004;52;7;2;1930;158;1245;113;358;599
;561005;52;7;2;2632;16;3851;64;224;141
;561006;52;7;2;2929;388;2722;95;151;252
;561007;52;7;2;2461;14;2140;363;186;151
;561008;53;7;2;1906;29;109;3;85;102
;561011;52;7;2;2842;30;753;31;66;506
;561012;53;7;2;2845;133;104;64;208;102
;561015;52;7;2;5611;104;959;207;163;110
;561016;53;7;2;5787;502;872;76;270;168
;561017;53;7;2;1422;62;17;5;44;43
;561020;53;7;2;2842;164;150;42;262;98
;561021;52;7;2;1491;-;2362;154;37;13
;561022;52;7;2;1836;28;1120;3;71;114
;561023;52;7;2;2120;203;1381;8;65;3
;561024;53;7;2;2747;487;704;6;118;106
;561025;53;7;2;7775;181;890;114;1120;533
;561028;53;7;2;6891;281;1679;141;1190;972
;561032;53;7;2;1659;-;23;-;309;59
;561033;53;7;2;2201;49;94;-;365;88
;561035;53;7;2;-;-;-;-;-;-
;561038;53;7;2;1275;-;15;-;280;64
;561040;53;7;2;2699;65;154;38;452;260
;563001;52;7;2;2224;100;263;12;406;119
;563002;52;7;2;281;9;-;4;55;15
;573001;54;7;2;8233;477;3234;98;1147;1152
;573004;54;7;2;977;7;18;6;86;39
;573005;54;7;2;639;18;60;-;85;48
;573006;54;7;2;771;-;12;-;112;39
;573007;54;7;2;1393;8;68;-;128;46
;573008;54;7;2;945;10;41;-;109;61
;573009;54;7;2;1108;21;32;5;120;40
;573010;54;7;2;1087;-;-;-;193;124
;573013;54;7;2;1594;66;97;42;291;166
;573014;54;7;2;648;-;-;2;101;86
;573015;54;7;2;1284;45;40;20;191;106
;573018;54;7;2;2778;120;302;87;332;134
;573019;54;7;2;387;8;13;9;81;71
;573022;54;7;2;982;14;41;14;135;61
;573023;54;7;2;1197;8;115;24;206;56
;573024;54;7;2;533;-;44;-;72;28
;573026;54;7;2;1266;11;65;-;178;46
;573027;54;7;2;766;-;57;35;125;76
;573028;54;7;2;1073;23;63;15;140;70
;573030;54;7;2;4337;86;311;93;734;335
;573031;54;7;2;1502;34;75;24;288;123
;573032;54;7;2;1315;-;118;36;203;74
;573033;54;7;2;585;7;49;1;132;62
;575001;55;7;2;3936;169;645;68;599;252
;575002;55;7;2;655;9;12;8;112;40
;575003;55;7;2;2490;28;306;8;613;272
;575004;55;7;2;948;-;21;-;135;64
;575005;55;7;2;978;12;60;-;172;62
;575006;55;7;2;377;29;18;-;120;36
;575007;55;7;2;2171;168;425;56;468;184
;575008;55;7;2;759;7;3;-;151;55
;575009;55;7;2;1918;57;197;18;265;115
;575010;55;7;2;570;-;7;-;135;40
;575011;55;7;2;1358;19;112;2;316;52
;575012;55;7;2;357;-;-;-;75;43
;575013;55;7;2;669;-;9;-;76;38
;575014;55;7;2;5085;335;2112;139;928;588
;575015;55;7;2;595;6;-;-;90;6
;575016;55;7;2;2718;173;38;35;310;155
;575017;55;7;2;1253;12;83;-;139;35
;575018;55;7;2;1253;24;50;6;207;11
;575019;55;7;2;1581;9;84;9;278;246
;580001;50;7;2;737;-;13;-;162;27
;580002;50;7;2;684;18;5;-;161;70
;580003;50;7;2;4403;450;1271;12;389;254
;580004;50;7;2;3461;65;138;46;517;236
;580005;50;7;2;1591;12;109;-;177;74
;580006;50;7;2;753;9;19;-;155;28
;580007;50;7;2;1755;11;135;-;299;68
;580008;50;7;2;1852;36;193;16;272;89
;580009;50;7;2;1721;30;136;1;275;68
;580010;50;7;2;957;9;33;25;201;83
;580011;50;7;2;1955;14;54;49;444;105
;580012;50;7;2;2188;36;482;27;478;302
;580013;50;7;2;1718;38;75;23;265;76
;580014;50;7;2;3176;39;362;61;502;147
;580015;50;7;2;3172;199;998;60;535;169
;580016;50;7;2;3931;353;1645;224;1095;2122
;580017;50;7;2;2069;220;1389;25;232;177
;580018;50;7;2;1260;137;1645;-;44;133
;607001;58;7;2;7749;32;3686;156;1195;1521
;607002;58;7;2;1349;30;19;6;92;44
;607003;58;7;2;7571;334;709;47;358;579
;607004;58;7;2;646;29;15;-;105;22
;607005;58;7;2;4465;147;274;57;329;368
;607006;58;7;2;4459;182;5627;125;199;629
;607007;58;7;2;1671;71;33;8;107;20
;607008;58;7;2;928;59;1287;116;1826;2096
;615001;71;8;3;1461;57;3421;11;654;1031
;615002;71;8;3;2034;87;1336;69;969;2177
;615003;71;8;3;2526;316;869;71;1696;5039
;615004;71;8;3;-;-;-;-;-;-
;615005;71;8;3;2906;150;1479;90;591;671
;615006;71;8;3;8307;282;563;36;464;247
;615007;71;8;3;5209;116;192;3;320;127
;615008;71;8;3;3022;68;375;18;143;143
;615009;71;8;3;2548;225;116;8;280;147
;615010;71;8;3;2453;127;273;8;224;541
;615011;71;8;3;5527;326;171;-;248;327
;615012;71;8;3;3501;212;-;7;170;190
;615013;71;8;3;3167;138;267;110;602;459
;615014;71;8;3;1588;16;11;5;172;95
;615015;71;8;3;906;-;3;4;123;73
;615016;71;8;3;2809;63;151;25;334;284
;615017;71;8;3;2360;91;112;17;154;305
;615018;71;8;3;2799;70;146;35;298;321
;615019;71;8;3;1381;12;67;9;227;95
;615020;71;8;3;660;-;-;-;24;38
;615021;71;8;3;191;16;2004;28;8;611
;615022;71;8;3;435;6;-;1;43;22
;621001;59;7;2;2440;128;1565;27;1054;2313
;621002;59;7;2;1571;18;3333;231;194;387
;621003;59;7;2;2508;149;3271;2;182;137
;621004;59;7;2;5948;597;886;47;359;775
;621005;59;7;2;4238;154;350;106;282;176
;621006;59;7;2;4177;116;284;4;369;195
;621007;59;7;2;4413;98;500;-;613;321
;621008;60;7;2;1629;127;3052;18;496;1192
;621009;60;7;2;4399;35;873;27;1267;2272
;621010;60;7;2;4687;246;379;-;384;510
;621011;60;7;2;4174;100;216;27;171;225
;621012;60;7;2;3602;134;105;25;506;193
;621013;60;7;2;2435;32;306;61;172;147
;621014;60;7;2;5447;136;525;55;769;501
;621015;60;7;2;5034;91;375;66;1006;428
;630001;57;7;2;2393;38;296;264;198;171
;630002;57;7;2;4450;135;422;82;362;1342
;630003;57;7;2;1757;50;21;6;192;33
;630004;57;7;2;1963;-;38;14;220;113
;630005;57;7;2;1609;10;75;-;191;86
;630006;57;7;2;2600;29;221;36;429;353
;630007;57;7;2;833;10;22;-;88;17
;630008;57;7;2;1648;41;96;3;195;85
;630009;57;7;2;3689;202;4291;357;1985;5168
;630010;57;7;2;1019;15;65;7;177;35
;630011;57;7;2;3784;142;300;142;142;193
;630012;57;7;2;2832;29;192;-;293;413
;630013;57;7;2;1240;153;1897;62;44;10
;630014;57;7;2;1611;24;1149;59;89;61
;630015;57;7;2;677;50;2099;88;464;1118
;630016;56;7;2;2193;104;56;9;83;120
;630017;56;7;2;4106;223;628;31;517;460
;630018;56;7;2;1838;19;96;9;320;151
;630019;56;7;2;1060;-;42;2;143;141
;630020;56;7;2;930;-;27;-;148;99
;630021;56;7;2;852;-;3;-;160;51
;630022;56;7;2;440;-;-;-;51;4
;630023;56;7;2;1380;-;35;-;154;85
;630024;56;7;2;3124;163;521;74;256;268
;630025;56;7;2;1591;-;-;10;187;88
;630026;56;7;2;1264;38;111;-;94;124
;630027;56;7;2;1743;32;147;8;198;94
;630028;56;7;2;1338;8;44;10;153;96
;630029;56;7;2;1164;13;30;9;189;128
;630030;56;7;2;3562;249;2786;98;252;776
;630031;56;7;2;1670;10;58;12;157;341
;630032;56;7;2;6501;226;1076;156;317;656
;630033;56;7;2;1465;-;413;9;357;388
;630034;56;7;2;3641;136;159;34;257;295
;657001;80;9;3;11197;293;7627;700;2506;4245
;657002;80;9;3;981;26;35;-;187;116
;657005;80;9;3;2553;79;224;-;351;212
;657006;80;9;3;731;-;11;3;149;43
;657007;80;9;3;5438;163;171;64;302;309
;657008;80;9;3;1703;23;191;31;293;78
;657009;80;9;3;771;10;16;-;148;35
;657011;80;9;3;705;-;11;-;60;2
;657013;81;9;3;3119;44;357;53;467;170
;657014;81;9;3;659;-;28;-;97;29
;657015;81;9;3;803;53;940;-;44;139
;657016;81;9;3;854;22;35;9;176;39
;657017;81;9;3;6144;207;923;75;523;919
;657018;81;9;3;603;8;23;-;103;12
;657019;81;9;3;767;-;16;-;121;35
;657020;81;9;3;387;-;12;-;95;4
;657021;81;9;3;715;9;27;4;79;48
;657022;81;9;3;824;11;24;-;72;48
;657023;81;9;3;4215;84;281;47;286;332
;657024;81;9;3;3573;168;196;48;422;325
;657025;81;9;3;1083;-;15;1;96;173
;657026;81;9;3;4558;84;482;166;308;552
;657027;81;9;3;3160;89;407;40;486;265
;657028;81;9;3;379;-;15;16;70;18
;657029;81;9;3;1468;12;56;-;164;16
;657030;81;9;3;838;-;35;-;190;140
;661001;82;9;3;10228;209;2781;352;2344;1837
;661002;82;9;3;4881;26;114;5;294;236
;661003;82;9;3;1887;12;33;24;293;39
;661004;82;9;3;4081;134;149;98;204;96
;661005;82;9;3;8148;302;4479;36;631;582
;661006;82;9;3;4279;59;298;78;699;254
;661007;82;9;3;1561;12;31;16;276;96
;661008;82;9;3;2403;77;263;60;347;247
;661009;82;9;3;1413;15;154;47;273;44
;661010;82;9;3;862;-;26;23;112;31
;665001;73;9;3;4341;196;829;209;707;475
;665002;73;9;3;1921;9;37;62;250;249
;665003;73;9;3;1794;28;56;24;152;25
;665004;73;9;3;1583;-;25;7;265;64
;665005;73;9;3;1002;-;13;18;218;46
;665006;73;9;3;1126;14;21;7;194;67
;665007;73;9;3;1495;40;64;21;265;80
;665008;73;9;3;1383;19;53;17;208;43
;671001;73;9;3;4192;154;1949;206;1023;756
;671002;73;9;3;1513;-;386;46;171;64
;671003;73;9;3;1408;10;58;-;167;53
;671004;73;9;3;1436;-;51;3;194;78
;671005;73;9;3;1596;24;107;23;94;45
;671006;73;9;3;1820;-;40;32;210;84
;671007;73;9;3;2400;32;73;31;371;136
;706001;66;8;3;5815;318;796;105;992;621
;706002;66;8;3;3093;49;47;57;414;123
;706003;66;8;3;1604;36;56;11;359;164
;706004;66;8;3;2597;53;177;32;421;178
;706005;66;8;3;3532;62;262;33;638;299
;706006;66;8;3;5733;180;840;75;519;655
;706007;66;8;3;2831;39;238;8;401;185
;706008;66;8;3;6157;198;546;128;675;595
;707001;66;8;3;6264;247;1103;196;1132;986
;707002;66;8;3;-;-;-;-;-;-
;707003;66;8;3;1882;12;63;9;428;133
;707004;66;8;3;3371;97;2015;215;652;519
;707005;66;8;3;2795;11;162;107;514;216
;707006;66;8;3;1672;36;50;28;281;81
;707007;66;8;3;2259;28;152;98;465;102
;707008;66;8;3;1821;24;44;106;356;173
;707009;66;8;3;3098;135;152;57;480;458
;707010;66;8;3;1361;12;110;4;211;106
;710001;69;8;3;4188;127;695;84;353;341
;710002;69;8;3;2934;141;292;43;287;179
;710003;69;8;3;2084;-;40;-;191;116
;710004;69;8;3;5070;300;847;128;612;711
;710005;69;8;3;1837;-;6;8;169;96
;710006;69;8;3;3453;257;561;25;263;317
;710007;69;8;3;3394;247;530;-;99;131
;710008;69;8;3;1383;46;77;26;104;198
;710009;69;8;3;3195;74;114;45;479;145
;710010;69;8;3;2951;31;118;36;386;262
;710011;69;8;3;1662;55;8;24;208;86
;710012;69;8;3;2624;123;101;2;80;147
;710013;69;8;3;957;34;28;16;136;67
;710014;69;8;3;958;37;7;5;81;125
;727001;70;8;3;8126;398;2497;94;1186;1179
;727002;70;8;3;417;-;-;-;46;32
;727003;70;8;3;1473;-;31;-;177;60
;727004;70;8;3;1202;-;-;-;98;56
;727005;70;8;3;1506;45;161;-;202;100
;727006;70;8;3;873;-;24;-;137;120
;727007;70;8;3;1108;12;-;8;162;54
;727008;70;8;3;1030;-;10;5;122;93
;727009;70;8;3;-;-;-;-;-;-
;727010;70;8;3;-;-;-;-;-;-
;730001;68;8;3;2185;103;208;54;246;341
;730002;68;8;3;2606;99;55;18;150;144
;730004;68;8;3;728;-;6;-;116;27
;730005;67;8;3;1111;23;23;14;211;199
;730006;67;8;3;829;-;15;-;211;76
;730007;67;8;3;1113;8;33;58;115;108
;730008;67;8;3;2046;35;68;88;186;258
;730009;67;8;3;1379;12;26;-;122;48
;730010;67;8;3;1119;18;9;10;166;83
;730011;67;8;3;3139,74;113,87;1219,85;27,72;162,38;384,18
;730012;67;8;3;2406;101;12;4;95;315
;730013;67;8;3;3280;168;213;-;212;384
;730014;67;8;3;2215;49;136;32;110;123
;730015;67;8;3;755;8;25;-;101;21
;730016;68;8;3;914;34;10;38;85;57
;730017;68;8;3;1005;21;83;2;130;64
;730021;68;8;3;2044;51;116;20;131;95
;730024;68;8;3;1229,26;271,13;996,15;121,28;1107,62;1564,82
;730025;68;8;3;1134;76;385;-;856;1427
;730026;67;8;3;3180;6;1313;64;570;580
;730027;67;8;3;1308;49;3458;96;481;534
;730028;68;8;3;694;200;232;106;1363;2350
;730029;67;8;3;3663;203;1938;162;410;682
;730030;67;8;3;1743;30;1414;115;201;477
;730031;68;8;3;5767;114;755;91;510;816
;730032;68;8;3;2413;49;736;95;339;579
;730033;68;8;3;1362;240;328;61;73;86
;730034;68;8;3;3185;12;188;-;90;136
;730036;68;8;3;3320;126;120;70;320;429
;730037;68;8;3;836;12;10;-;101;27
;740001;77;9;3;2472;80;150;16;331;297
;740002;77;9;3;2258;77;104;39;260;383
;740003;77;9;3;1528;24;104;-;339;213
;740004;77;9;3;1661;58;122;10;194;108
;740005;77;9;3;1042;18;43;10;168;74
;740006;77;9;3;4376;275;1710;103;329;737
;740007;77;9;3;3586;179;597;144;634;642
;740008;77;9;3;923;53;72;23;77;93
;740009;77;9;3;1152;-;14;1;160;42
;740010;77;9;3;1099;36;96;4;132;103
;740011;77;9;3;1343;182;226;8;147;35
;740012;77;9;3;827;-;15;-;77;45
;740013;77;9;3;3828;84;202;5;166;175
;740014;77;9;3;886;-;50;21;114;24
;740015;77;9;3;1408;144;78;-;117;39
;740016;77;9;3;2266;12;111;42;358;168
;740017;77;9;3;1096;-;41;21;133;39
;740018;77;9;3;1699;34;72;-;113;126
;740021;78;9;3;3558;32;240;44;158;506
;740022;78;9;3;1674;75;51;26;253;92
;740023;78;9;3;4253;180;357;-;151;409
;740024;78;9;3;974;111;21;-;79;14
;740025;78;9;3;342;-;-;6;72;71
;740026;78;9;3;454;195;1373;32;67;389
;740027;78;9;3;2036;164;209;-;117;775
;740028;78;9;3;2350;180;1365;-;299;119
;740029;78;9;3;2685;212;3908;31;246;238
;740030;78;9;3;2836;156;235;75;327;148
;740031;78;9;3;3657;230;1187;215;2051;2037
;740032;78;9;3;2837;141;279;7;177;86
;741001;70;8;3;2247;20;124;46;634;177
;741002;70;8;3;283;10;5;-;88;23
;746001;70;8;3;1991;46;55;-;165;82
;746002;70;8;3;4641;177;518;60;552;232
;746003;70;8;3;1587;25;162;12;161;119
;746004;70;8;3;6898;399;800;104;360;670
;746005;70;8;3;2988;61;136;17;286;166
;746006;70;8;3;5637;298;1271;258;1069;1344
;746007;70;8;3;4849;244;1637;31;199;321
;746008;70;8;3;5837;240;604;75;344;556
;746009;70;8;3;4437;172;141;11;233;239
;746010;70;8;3;3740;157;423;1;216;139
;746011;70;8;3;1937;15;24;-;135;80
;746012;70;8;3;1973;19;74;3;190;35
;751001;62;8;3;3550;964;295;534;5510;5669
;751002;62;8;3;650;417;2558;159;1714;2051
;751003;62;8;3;4481;182;3138;196;539;238
;751004;62;8;3;3598;2;1445;108;407;332
;751006;62;8;3;6850;616;1343;274;210;762
;751007;62;8;3;4357;99;2192;79;217;433
;751008;63;8;3;4709;280;3563;376;1092;2980
;751009;62;8;3;3379;197;814;62;226;67
;751010;65;8;3;1728,33;404,91;1052,15;143,80;2050,34;3986,93
;751011;62;8;3;3765;262;1033;29;122;348
;751012;62;8;3;4334;372;470;72;140;378
;751013;62;8;3;4513;130;543;71;196;438
;751014;62;8;3;575,68;128,94;358,06;48,39;654,40;1298,87
;751016;63;8;3;677;18;-;-;74;68
;751018;63;8;3;4518;219;1543;90;288;728
;751019;63;8;3;3372;457;980;90;109;316
;751020;65;8;3;834,53;330,99;333,93;58,20;1642,59;2590,88
;751021;65;8;3;1901,47;754,16;760,86;132,61;3742,66;5903,33
;751022;64;8;3;3221;30;513;42;364;302
;751023;64;8;3;4512;148;4024;178;452;685
;751024;64;8;3;6293;198;399;176;461;817
;751025;63;8;3;951;-;7287;7;225;704
;751026;63;8;3;3851;164;1137;3;160;1403
;751027;63;8;3;862;298;1430;85;2011;2748
;751028;63;8;3;3857;445;3744;157;257;1353
;751030;63;8;3;3406;317;355;83;267;435
;751031;63;8;3;602;-;13;-;37;50
;751033;63;8;3;2663;72;645;52;157;584
;751041;65;8;3;1479;665;967;88;2663;2696
;751042;64;8;3;2366;528;3060;277;3506;3269
;751043;64;8;3;1189;27;4075;359;928;1334
;751044;64;8;3;842;145;291;191;109;203
;751045;64;8;3;8699;28;251;74;678;727
;751047;65;8;3;8084;427;2252;97;428;830
;751048;65;8;3;2344;373;1052;82;111;59
;751049;65;8;3;3788;88;575;-;323;430
;751050;65;8;3;4275;187;325;113;209;356
;751051;65;8;3;6745;531;1158;63;321;767
;751053;64;8;3;2051;163;909;60;238;230
;751055;64;8;3;753;100;50;-;86;156
;751056;64;8;3;1557;-;130;1;217;181
;751061;65;8;3;2180;542;4656;467;572;3658
;751062;63;8;3;443;-;4224;20;170;98
;751063;63;8;3;2785;3;8417;208;217;1521
;751064;63;8;3;3479;96;2632;183;459;1075
;751065;65;8;3;5033;283;1613;85;196;1558
;751066;62;8;3;3620;103;1096;88;157;1248
;751067;64;8;3;1643;167;1547;64;1598;1399
;751068;64;8;3;725;2;2684;-;40;154
;756001;79;9;3;1790;29;113;3;304;168
;756002;79;9;3;904;26;2;7;183;27
;756003;79;9;3;1675;55;139;25;317;153
;756004;79;9;3;779;11;43;-;149;71
;756005;79;9;3;5770;219;844;142;869;931
;756006;79;9;3;725;-;8;-;119;85
;756007;79;9;3;10739;356;2960;122;1287;1450
;756008;79;9;3;859;25;28;33;129;59
;756009;79;9;3;2658;76;145;4;436;307
;756010;79;9;3;2327;73;131;7;300;173
;760001;83;9;3;3794,31;102,05;354,12;79,47;706,47;325,61
;760002;83;9;3;1059;41;20;25;118;42
;760004;83;9;3;769,28;10,95;45,48;8,53;147,69;71,54
;760007;83;9;3;1819,41;-;45,40;-;366,84;103,85
;760010;83;9;3;2517;55;194;30;430;142
;760012;83;9;3;939;70;95;-;78;90
;760014;83;9;3;5729;204;1750;135;757;951
;760016;83;9;3;1175;17;49;-;233;64
;760021;83;9;3;1620;37;147;20;245;90
;760022;83;9;3;1886;28;45;31;284;155
;760024;83;9;3;5383;208;1248;68;658;609
;760025;83;9;3;982;24;36;19;185;124
;760027;83;9;3;2094;15;51;-;344;147
;760028;83;9;3;998;-;36;-;116;80
;760030;83;9;3;3586;109;401;68;518;270
;760032;83;9;3;1108;-;22;-;184;55
;760033;83;9;3;2151;-;19;24;280;78
;760035;83;9;3;3055;29;166;16;497;185
;766001;72;8;3;6430;211;600;86;638;843
;766002;72;8;3;3145;14;362;9;412;415
;766003;72;8;3;1724;36;36;2;207;175
;766004;72;8;3;1261;18;44;8;124;225
;766005;72;8;3;533;25;3;-;45;26
;766006;72;8;3;1213;24;4;-;111;54
;766007;72;8;3;3206;184;640;7;477;424
;766010;72;8;3;1366;-;46;1;252;50
;766011;72;8;3;1234;-;9;2;181;121
;766012;72;8;3;1311;72;201;47;168;121
;766013;72;8;3;1306;12;22;24;268;204
;766014;72;8;3;1166;-;34;20;218;72
;766015;72;8;3;1894;50;34;-;196;99
;766017;72;8;3;2302;40;73;-;246;127
;766020;72;8;3;1607;45;39;8;115;138
;766021;72;8;3;1859;121;348;44;446;336
;766022;72;8;3;1183;32;116;2;237;103
;766023;72;8;3;1073;-;16;1;206;45
;766024;72;8;3;844;-;56;-;92;20
;773001;87;10;3;1119;16;-;-;192;35
;773002;87;10;3;3668,46;36,63;44;12,55;401,16;219,66
;773003;87;10;3;2159,68;8,37;24;37,72;303,34;92,17
;773004;87;10;3;1563;-;19;28;264;112
;773005;87;10;3;5902,86;216;1212;235,73;1166,50;1158,17
;779020;74;9;3;638;-;33;2;78;16
;779021;74;9;3;12473;427;4411;237;1883;2694
;779022;74;9;3;4539;42;218;-;394;256
;779023;74;9;3;2831;81;104;50;298;238
;779024;74;9;3;2967;8;90;52;477;122
;779025;74;9;3;2527;66;136;48;356;130
;779026;74;9;3;2889;54;102;64;470;183
;779027;74;9;3;2500;14;70;35;469;79
;787001;87;10;3;9384,35;407;2220,66;327,83;1608,98;1108,43
;787002;87;10;3;2722,37;89,46;83,69;27,78;455,23;91,43
;787003;87;10;3;3083,00;97,08;233,44;52,10;591,63;186,98
;787004;87;10;3;2071,42;78,99;163,46;36;446,14;169,54
;787005;87;10;3;2517,36;29,22;57;62,84;319,39;90,58
;787006;87;10;3;870;-;20;-;192;19
;787007;87;10;3;1488,17;20,41;47,97;28,18;223,92;60,09
;787008;87;10;3;1487,97;9,94;93,85;12,97;279,49;72,53
;787009;87;10;3;1441,00;11;25,11;6,41;171,92;37,29
;787010;87;10;3;953;13;17;26;186;124
;787011;87;10;3;753,67;22,33;22,31;4,14;122,73;17,41
;787012;87;10;3;1741,87;8,58;48,73;49,75;288,97;58,40
;787013;87;10;3;900,84;19,01;9,77;24;212,61;27,32
;787014;87;10;3;1122;12;20;32;84;15
;787015;87;10;3;748;30;41;20;126;89
;791001;75;9;3;2353;82;93;25;429;298
;791002;75;9;3;2898;90;127;38;190;179
;791003;75;9;3;1940;52;780;40;353;247
;791004;75;9;3;2827;-;122;-;413;201
;791005;75;9;3;2002;36;59;-;249;87
;791006;75;9;3;2615;92;225;8;372;143
;791007;75;9;3;1787;-;77;2;356;58
;791008;75;9;3;15268;208;6219;481;2560;5401
;791009;76;9;3;7087;334;848;174;955;605
;791011;76;9;3;1895;32;77;-;275;119
;791012;76;9;3;3630;88;103;51;577;271
;791013;76;9;3;9117;504;2427;45;696;674
;791014;76;9;3;2841;13;182;27;413;205
;791015;76;9;3;2526;37;293;21;450;241
;791016;76;9;3;2801;55;133;25;386;365
;791017;76;9;3;2377;67;148;81;383;185
;810001;86;10;3;660;-;22;-;135;45
;810002;86;10;3;1274;-;73;-;246;146
;810003;86;10;3;3725;119;297;33;522;368
;810004;86;10;3;1063;-;21;-;149;82
;810005;86;10;3;3581;166;255;1;352;323
;810006;86;10;3;1530;-;57;-;245;128
;810010;86;10;3;7713;503;2291;73;1344;1197
;810034;86;10;3;585;-;23;-;100;15
;810040;86;10;3;1114;-;11;-;130;9
;810050;86;10;3;1308;23;11;16;205;59
;810056;86;10;3;523;-;7;-;114;17
;810070;86;10;3;1876;10;36;39;329;97
;810080;86;10;3;736;-;7;-;120;45
;813001;84;10;3;4621;332;2149;68;484;345
;813002;84;10;3;1344;53;86;3;165;102
;813003;84;10;3;670;-;21;-;128;51
;813004;84;10;3;1457;11;15;-;125;39
;813005;84;10;3;2029;-;176;-;224;61
;813006;84;10;3;12357;496;6897;47;1862;2217
;813007;84;10;3;1533;23;25;-;207;59
;813008;84;10;3;1676;37;84;1;147;27
;813009;84;10;3;6500;506;1312;13;794;522
;813010;84;10;3;803;10;39;15;169;63
;813011;84;10;3;628;-;17;-;148;8
;813012;84;10;3;626;-;-;-;119;27
;813013;84;10;3;1506;-;41;-;304;74
;813014;84;10;3;526;-;12;-;105;23
;813015;84;10;3;1662;-;95;-;416;117
;820001;88;10;3;2763;37;440;72;369;304
;820002;88;10;3;3388;49;297;76;763;398
;820003;88;10;3;593;-;-;-;119;49
;820004;88;10;3;6001;307;1098;181;1110;809
;820005;88;10;3;1267;-;5;2;217;83
;820006;88;10;3;936;-;16;-;153;36
;820007;88;10;3;1393;9;29;22;323;89
;820008;88;10;3;1312;11;104;5;305;98
;820009;88;10;3;862;-;-;1;197;114
;820010;88;10;3;3132;105;510;111;527;505
;820011;88;10;3;1252;9;16;31;297;224
;820012;88;10;3;1065;-;7;-;219;59
;820013;88;10;3;760;-;12;4;209;40
;820014;88;10;3;661;-;28;-;103;29
;825015;84;10;3;1372;-;73;56;216;69
;840001;88;10;3;7306;439;603;27;623;709
;840002;88;10;3;3213;217;277;89;262;235
;840003;88;10;3;1734;-;146;-;288;94
;840004;88;10;3;2126;46;38;41;378;158
;840005;88;10;3;2236;36;149;33;345;189
;840006;88;10;3;1014;18;66;20;204;49
;840007;88;10;3;1726;26;37;10;133;61
;840008;88;10;3;1165;12;33;26;198;103
;840009;88;10;3;752;-;15;-;113;60
;840010;88;10;3;1256;12;18;2;178;77
;840011;88;10;3;588;-;-;-;86;18
;846002;89;10;3;1633;55;83;27;279;204
;846003;89;10;3;2779;96;192;169;420;379
;846004;89;10;3;2727;104;284;67;351;194
;846008;89;10;3;1851;58;53;2;263;87
;846009;89;10;3;1897;-;48;3;309;75
;846011;89;10;3;4502;207;534;225;778;458
;846014;89;10;3;781;-;11;-;182;96
;846018;89;10;3;1828;62;29;36;321;123
;846020;89;10;3;3005;32;40;4;343;147
;846022;89;10;3;1591;41;44;17;181;320
;846027;89;10;3;5936;274;1659;134;1015;2155
;849001;86;10;3;4914;177;539;36;452;419
;849002;86;10;3;1658;12;44;4;185;24
;849003;86;10;3;1485;41;57;-;90;44
;849004;86;10;3;990;21;48;9;108;37
;849005;86;10;3;936;17;45;-;124;55
;849006;86;10;3;492;6;13;6;126;27
;849007;86;10;3;436;-;16;-;93;9
;849008;86;10;3;1880;112;206;94;577;172
;849009;86;10;3;1072;-;29;8;206;56
;849010;86;10;3;536;-;7;-;81;9
;849011;86;10;3;867;11;24;9;128;60
;849012;86;10;3;1196;-;16;-;278;74
;849013;86;10;3;2791;146;374;127;528;248
;849014;86;10;3;1025;-;26;21;214;37
;849015;86;10;3;864;-;-;-;175;53
;849016;86;10;3;1016;-;-;-;170;36
;849018;86;10;3;4521;89;344;79;727;390
;849020;86;10;3;1175;-;58;2;232;97
;849021;86;10;3;955;-;59;2;164;76
;851003;92;10;3;2653,38;319,10;2402,25;10,11;525,84;1320,23
;851004;92;10;3;2069,62;248,90;1873,75;7,89;410,16;1029,77
;851005;92;10;3;4454;106;4591;99;600;993
;851007;92;10;3;2291;78;188;3;236;147
;851009;92;10;3;2388,96;56,22;215,13;11,95;220,44;256,29
;851010;92;10;3;3008,04;70,78;270,87;15,05;277,56;322,71
;851011;92;10;3;4900;316;879;137;517;574
;851012;92;10;3;602,07;48,06;543,09;77,82;797,85;1899,87
;851014;91;10;3;626;234;1880;35;544;1179
;851015;91;10;3;868;184;904;5;1723;3792
;851016;92;10;3;1602,93;127,94;1445,91;207,18;2124,15;5058,13
;851017;91;10;3;4697;132;2072;14;806;686
;851018;91;10;3;3395;108;1343;31;196;591
;851019;91;10;3;5659,55;485,32;1181,71;53,08;236,97;862,58
;851020;91;10;3;3296,45;282,68;688,29;30,92;138,03;502,42
;851022;91;10;3;4951;191;17;-;310;241
;851024;91;10;3;5454;437;1042;127;222;244
;851027;90;10;3;1340,30;262,51;3440,37;27,03;1189,62;2206,67
;851028;90;10;3;671,01;262,16;2511,33;28,61;1082,97;2054,63
;851029;90;10;3;3191,81;363,72;3440,63;28,06;311,75;2304,68
;851030;90;10;3;1690,06;32,43;2660,14;-;472,06;640,71
;851031;90;10;3;4686;64;2441;93;562;413
;851032;90;10;3;2493;437;795;11;199;480
;851033;90;10;3;3991;283;177;-;260;248
;851034;90;10;3;5193,55;467,73;678,53;32,61;234,66;263,30
;851035;90;10;3;4557;432;329;13;310;175
;851036;90;10;3;2018,27;229,45;2154,00;17,69;195,93;1442,00
;851038;91;10;3;2840;66;59;7;187;84
;851040;90;10;3;1489;160;5667;-;39;1045
;851043;92;10;3;4675;75;269;54;536;229
;851044;92;10;3;3099;164;231;24;647;328
;851046;92;10;3;1093;-;38;-;241;53
;851047;91;10;3;4999;225;519;10;580;404
;851052;91;10;3;1746;-;40;1;292;87
;851056;90;10;3;1544;25;71;29;267;155
;851058;90;10;3;1900;29;72;42;334;117
;851061;90;10;3;4204;218;166;60;425;197
;860001;85;10;3;1511;-;20;-;123;66
;860003;85;10;3;3392;100;1107;49;845;260
;860004;85;10;3;2223;158;1660;82;1313;1386
;860006;85;10;3;1487;43;-;14;185;22
;860007;85;10;3;1248;-;84;18;211;109
;860008;85;10;3;1232;-;34;32;222;29
;860011;85;10;3;2444;56;162;48;514;127
;860012;85;10;3;1482;16;16;10;243;49
;860013;85;10;3;1471;9;28;7;153;21
;860014;85;10;3;1303;13;25;2;199;52
;860015;85;10;3;4742;444;664;3;495;341
;860016;85;10;3;5169;74;534;170;674;275
;860018;85;10;3;3919;228;1653;40;331;253
;860019;85;10;3;3009;91;239;52;616;291
;860020;85;10;3;943;-;9;-;152;26
;860021;85;10;3;2039;48;101;38;359;237
;860022;85;10;3;2383;94;211;74;571;229
;860023;85;10;3;931;26;17;-;160;42
;860026;85;10;3;911;-;27;17;180;72
;860027;85;10;3;884;-;-;-;109;31
;860028;85;10;3;1252;-;15;-;234;39
