ValgstedId,Ejerforhold_Antal_boliger_01. Ejerbolig,Ejerforhold_Antal_boliger_02. Andelsbolig,Ejerforhold_Antal_boliger_03. Almennyttig bolig,Ejerforhold_Antal_boliger_04. Lejer i offentligt ejet,Ejerforhold_Antal_boliger_05. Privat lejerbolig,Ejerforhold_Antal_boliger_06. Øvrige beboede boliger
101001,1248,2823,1026,2,861,2084
101002,1097,1550,562,83,373,634
101003,1181,3492,254,4,676,2020
101005,1137,3335,1196,3,576,2129
101006,1276,2378,1354,78,591,1428
101007,1511,1769,2721,41,402,669
101008,895,3375,2622,41,848,1713
101009,2400,53,1715,0,424,3543
101010,1885,3485,206,2,636,1053
101011,1517,2162,112,41,1216,3075
101012,1155,976,0,1,706,1290
101013,1577,1436,825,69,948,1754
101014,1516,2189,421,495,986,3222
101016,1342,2358,1348,0,614,1890
101017,1646,4217,1961,92,1079,2123
101018,1698,2485,550,1,710,429
101019,2781,1202,529,34,568,910
101020,113,2219,1371,435,167,628
101021,744,2305,1645,393,675,1952
101022,431,1485,1113,31,257,697
101023,479,1862,651,1,546,1135
101024,177,3060,770,0,277,505
101025,732,3703,1245,6,720,779
101027,980,2782,2239,2,903,1566
101028,823,1253,2095,13,233,1218
101029,346,537,2030,1,50,257
101030,398,2719,1359,0,384,2390
101031,1070,320,197,2,443,465
101032,0,0,2594,0,0,16
101033,1073,1639,561,1,491,1257
101034,1664,932,2231,1,324,478
101035,1135,917,1917,516,264,168
101036,2242,659,1836,0,177,380
101039,678,1104,357,2,403,797
101040,1765,594,128,1,236,333
101041,2181,1624,1480,10,559,1540
101042,1828,1832,974,3,350,428
101043,1199,2340,537,0,662,1489
101044,1120,365,1758,80,377,1176
101046,729,1080,1278,8,323,222
101047,564,698,1141,114,238,563
101048,889,1591,552,0,321,2015
101049,336,3546,92,22,404,503
101050,817,2985,606,0,668,642
101051,1060,1525,3550,1,402,339
101052,499,2326,304,169,446,605
101053,582,2655,378,11,308,382
101054,170,431,1004,4,96,930
101055,1609,27,378,3,504,4284
101056,1461,1280,347,0,895,1338
101057,1957,379,1182,60,128,1775
101058,508,2303,1774,21,620,1988
101059,285,1647,1599,1,57,642
147001,1434,1664,694,12,726,943
147002,1866,1685,267,29,618,1215
147003,1381,2993,296,71,661,2441
147004,2176,1901,706,156,707,1743
147005,1341,699,1492,648,378,3291
147006,1431,1235,847,172,601,2410
147007,1444,1421,639,242,978,2079
147008,1109,2947,291,35,716,764
151001,632,0,2210,2,29,15
151002,874,104,3118,76,132,139
151003,622.39,0,719.46,0,18.08,45.68
151004,277,0,1636,0,15,19
151005,1725,115,69,1,73,38
151006,719,20,3030,36,25,144
151008,1378,152,757,2,126,96
151009,1175.61,44,758.54,1,31.92,63.32
151010,482,184,512,0,11,54
153001,1327,24,447,0,34,14
153002,554,112,1407,144,76,37
153003,365,0,1642,84,34,3
153004,714,0,3057,104,32,16
153005,854.10,0,1801.44,19.16,31.60,76.66
153006,794.90,0,1676.56,17.84,29.40,71.34
155001,1573,83,328,101,141,122
155004,2757,124,608,26,145,100
157001,2104,283,137,286,205,346
157002,1859,384,251,1,233,196
157003,1761,301,124,93,177,384
157004,1641,408,753,554,292,130
157005,2183,297,67,0,277,194
157006,2119,586,0,24,261,489
157007,1689,782,20,154,488,920
157008,1524,360,68,2,570,562
157009,2006,171,21,189,299,527
157010,1675,401,0,117,636,623
159001,1613.85,154.66,593.67,149.86,318.93,690.69
159002,1583,810,1067,99,256,636
159003,1504,122,1651,135,55,418
159004,1371,123,2538,2,95,113
159005,1485,175,1588,163,170,863
159006,1845,50,911,125,58,821
159007,1091,342,698,8,316,214
159008,1222,167,1126,97,185,87
159009,560.15,7.34,1353.33,6.14,28.07,35.31
161001,793,0,424,0,25,31
161002,732,211,130,129,256,227
161003,865,619,789,160,167,444
161004,175,111,1923,4,47,172
161005,692,11,0,14,14,23
161006,533,68,1032,68,40,34
163001,1141,333,3410,15,134,289
163002,2238,9,1090,48,72,126
163003,884,88,3496,8,22,78
165001,1138,50,1694,30,34,18
165002,1102,0,791,0,75,34
165003,598,21,1619,6,41,57
165004,28,0,2464,113,8,10
165005,1173,389,979,52,24,2
167001,1486,485,98,6,233,665
167002,842,627,421,74,125,132
167003,612,250,1780,67,7,379
167004,996,89,1682,1,40,44
167005,1736,702,302,1,118,174
167006,1208,0,2008,23,29,58
167007,1964,92,883,1,53,265
167008,483,282,2458,6,30,44
169001,606,501,702,0,122,46
169002,1125,17,674,0,80,240
169004,1602,32,584,47,48,64
169006,1619,68,1032,65,210,133
169007,2121,92,478,65,200,459
169008,307,436,1234,32,131,52
169009,788,17,8,53,84,38
169010,862.84,72.68,546.65,44.10,96.29,112.44
169012,1794,84,189,5,117,116
169013,260,36,0,0,27,12
169014,526.16,44.32,333.35,26.90,58.71,68.56
173001,1128,1043,185,106,319,770
173002,538,361,1842,248,93,735
173003,1149,73,824,112,189,1174
173004,1703,596,120,137,334,546
173005,423,40,60,32,74,33
173006,2065,112,122,26,125,278
173007,1374,0,774,2,41,18
173008,2160,324,663,96,170,623
173009,1622,1,1163,31,125,205
175001,1074,146,425,33,128,182
175002,907,0,1442,0,53,280
175003,1405,261,1469,6,254,370
175004,546,48,1858,0,99,471
175005,1822,22,1131,8,195,413
175006,1471,39,804,0,50,271
175007,0,0,1135,0,0,0
183001,511,67,0,38,62,61
183002,880,0,637,0,18,7
183003,741,0,1705,1,31,10
183004,0,0,2126.50,103.54,0.98,92.80
183005,1678,147,237.50,122.46,224.02,70.20
185001,1884,1,238,32,76,154
185002,2529,0,0,42,85,45
185003,1172,0,1881,74,75,49
185004,1056,137,922,48,186,213
185005,1621,154,51,122,73,27
185006,1233,502,3779,38,382,58
187001,1379,131,0,4,395,504
187002,1438,0,218,32,144,36
187003,1660,26,305,71,104,191
190001,2528,12,1408,26,125,299
190002,1188,0,97,1,42,13
190003,1505,95,232,24,36,98
190004,425,0,86,25,36,53
190005,1571,109,466,0,56,175
190006,2474,164,467,2,134,348
190007,486,0,2073,0,130,160
201001,1075,10,70,25,50,56
201002,1107,42,869,0,49,302
201003,1798,31,285,35,69,162
201004,1517,55,317,65,93,55
201005,1882,52,252,37,77,51
210001,1539,190,918,3,154,144
210002,1435,14,85,16,128,238
210003,1227,8,522,2,177,334
210004,1026,70,800,4,119,255
210005,2611,0,1414,1,150,157
210007,994,160,531,0,76,82
210008,351,0,0,2,40,23
210009,785,227,793,10,36,86
217001,1833.64,313.55,1082.05,25.36,880.70,1218.84
217002,1577,240,2774,3,207,224
217003,1297,0,2079,6,169,96
217004,1649,267,308,29,116,84
217005,1599,1,248,83,275,125
217006,437,4,0,12,42,11
217007,548,0,0,11,86,46
217008,301,0,58,4,24,76
217009,1275,62,723,3,109,69
217010,1329,28,452,1,79,124
217011,1967,119,709,4,190,85
217012,552.36,94.45,325.95,7.64,265.30,367.16
219001,1896,116,577,122,432,1491
219002,1482,75,713,14,157,411
219003,264,0,30,2,25,5
219004,521,36,0,1,30,18
219005,773,32,20,1,44,35
219006,1430,157,609,1,64,334
219007,606,0,194,10,29,36
219008,373,0,6,3,38,2
219009,1203,107,273,0,141,328
219010,1336,37,1329,151,150,540
219011,630,65,34,1,61,29
219012,1148,0,57,52,139,156
219013,416,31,22,6,37,47
219014,384,91,0,1,42,11
223001,1552,633,199,33,270,499
223002,1927,70,723,22,205,85
223003,1459,0,63,2,128,215
223004,128,0,0,0,17,15
223005,1676,0,1321,9,76,190
230001,1897,60,577,138,102,427
230003,2130,56,188,135,174,277
230004,1212,131,843,161,123,507
230005,2210,73,267,106,120,376
230006,1031,82,76,33,28,197
230007,1979,72,1136,102,164,250
230008,1441,104,733,28,49,145
230009,1306,0,0,4,80,503
230010,2247,41,370,29,205,491
240001,346,0,0,46,47,17
240002,3043,272,386,48,202,255
240003,1923.93,34.80,458.36,10.94,137.21,87.50
240004,480,82,217,3,31,15
240005,1164,14,102,1,65,49
240006,550,13,0,8,33,8
240007,2237.84,21.31,332.56,4.83,151.61,78.96
240008,1774.74,50.68,429.34,18.17,57.37,65.02
240009,1243.49,171.21,297.74,0.07,157.80,95.52
250001,1467,150,1162,16,243,947
250002,1564,102,787,1,102,55
250003,2043,12,213,125,153,110
250004,2434,281,301,90,345,218
250005,2696,144,350,73,311,209
250006,2318,164,394,57,248,144
253001,810.56,51.78,2433.23,54.53,44.24,126.93
253002,5126.07,260.04,2503.49,139.22,197.17,256.01
253003,2381.37,39.18,303.28,19.26,57.59,26.07
253004,2792,101,305,87,193,187
253005,2027,17,426,23,99,238
259001,2318,122,830,160,512,737
259002,976.5,59.92,1860,8.95,113.50,102.66
259003,1550.14,201.44,1172.78,113.53,140.09,268.11
259004,1219,0,463,35,48,24
259005,1119,116,1291,70,57,70
259006,1917,160,1054,73,156,170
259007,1203.86,66.56,220.22,3.47,63.91,76.89
259008,838.5,69.08,0,13.05,44.50,38.34
259009,1079,51,173,11,85,73
259010,436,0,0,1,68,18
259011,1436,260,632,38,231,73
260001,3026,132,428,17,490,382
260002,1491,22,69,31,159,47
260003,1168.32,27.19,308.83,79.64,97.12,35.93
260004,2373.68,240.81,1162.17,107.36,510.88,418.07
260005,929,74,225,29,108,43
265001,974,301,363,44,395,793
265002,1482,430,229,9,79,473
265003,1550,424,1181,262,107,350
265004,939,497,479,7,198,396
265005,1379,253,1284,52,290,695
265006,2179,180,629,59,54,328
265007,1356,239,213,21,24,14
265008,737,73,116,1,32,37
265009,377,0,0,2,17,59
265010,1072,85,2204,97,214,489
265011,973,130,170,47,64,36
265013,2286,0,96,61,167,65
265014,910,78,97,16,43,39
265015,1024,189,268,1,30,11
265016,782,33,0,15,57,13
265017,1728,102,494,2,89,111
265018,367,0,0,7,32,9
265021,935,156,915,128,73,430
269001,1418,212,198,2,114,63
269004,2420,55,458,8,130,320
269005,2782,320,769,128,206,101
270001,1618,20,0,52,265,52
270002,1055,24,4,52,159,76
270003,166,0,0,2,13,16
270004,1403,55,273,37,205,129
270005,780,33,4,0,61,46
270006,2122,99,250,100,314,252
270007,535,0,0,0,88,23
270008,2173,103,736,47,336,262
270009,324,0,4,2,50,24
270010,1013,56,14,1,78,30
270011,1000,0,54,8,132,59
270012,755,0,8,6,108,25
306001,1180,154,309,1,213,173
306002,1272,9,124,28,249,78
306003,867,8,83,2,214,44
306004,919,8,236,22,218,128
306005,499,0,41,0,100,40
306006,955,50,111,17,249,158
306007,1750,121,434,97,484,455
306008,623,26,19,16,138,51
306010,491,0,45,3,98,44
306011,1284,46,155,6,320,78
306012,270,0,12,2,55,11
306013,351,0,0,2,83,62
316001,2408,401,1437,33,175,214
316002,1483,326,2731,69,144,336
316003,778,355,836,122,535,778
316004,1326,70,46,3,119,58
316005,1397,90,90,62,146,59
316006,832,1,46,0,122,50
316007,1258,195,265,102,212,162
316008,1046,30,103,0,180,132
316009,1261,33,139,49,141,85
316010,990,65,84,22,198,55
316011,1239,146,483,8,286,263
316012,1241,28,125,0,220,231
316013,976,46,246,0,212,188
316014,1023,38,97,0,202,113
316015,382,0,28,0,73,15
320001,2176,127,263,36,246,296
320002,1967,154,857,105,437,558
320003,1157,110,458,68,247,341
320004,1246,62,155,0,242,226
320005,1197,128,131,2,203,196
320006,1177,22,84,23,168,44
320007,1133,54,158,30,163,100
326001,1057,102,81,30,232,131
326002,140,10,13,7,31,9
326003,1379,40,164,56,305,150
326004,764,93,283,46,195,98
326005,607,0,54,21,130,18
326006,232,20,23,0,39,7
326007,447,0,24,4,78,23
326008,930,40,145,3,215,87
326009,1175,189,604,106,208,97
326010,559,26,12,5,123,53
326011,483,0,0,0,89,25
326012,827,22,521,31,401,331
326013,704,134,501,12,367,220
326014,528,6,29,3,92,38
326015,1125,28,75,0,169,89
326016,1555,29,150,0,170,64
326017,306,0,17,7,56,15
326018,793,186,1087,10,64,104
329001,1861,423,1472,196,420,1142
329002,264,6,0,0,36,10
329003,245,10,24,0,17,16
329004,1917,28,35,5,219,291
329005,448,0,0,0,66,13
329006,986,29,1370,7,275,346
329008,395,80,18,8,63,30
329009,414,0,10,2,47,34
329010,472,0,0,7,36,14
329011,186,19,44,6,43,7
329012,344,8,0,5,68,12
329013,431,0,0,53,52,31
329014,262,7,17,7,62,18
330001,1030,57,52,0,164,97
330003,453,68,88,30,56,42
330004,581,33,65,0,117,9
330005,1660,285,1215,131,291,379
330006,1365,136,1131,1,609,468
330007,886,37,0,25,71,20
330008,1115,44,29,41,156,50
330009,1438,84,1441,16,251,173
330010,564,17,39,1,120,26
330011,2194,240,1032,66,421,341
330012,0,0,0,0,0,0
330013,432,14,20,35,69,22
330017,0,0,0,0,0,0
330019,1676,182,2364,1,744,1968
330021,1736,152,651,0,231,222
330022,1399,335,1485,143,320,535
330024,439,0,0,0,48,50
330025,1192,3,83,1,138,33
336001,1781,84,149,109,243,139
336002,2392,96,78,83,260,232
336003,1558,89,338,55,426,349
336004,1274,64,76,1,269,98
340001,1586,133,383,110,266,258
340002,475,39,77,18,141,170
340004,601,10,60,0,68,43
340005,1144,151,583,53,375,494
340006,1486,54,367,12,148,102
340008,1066,83,324,27,119,198
340010,1681,87,209,24,298,120
350001,1239,53,214,72,101,106
350002,872,35,61,30,79,19
350003,604,19,14,6,51,20
350004,503,13,6,8,45,9
350005,391,1,0,6,44,29
350006,1251,99,344,98,136,125
350008,893,52,69,34,74,32
350009,963,1,56,43,72,45
350011,879,58,4,71,61,62
350012,996,23,26,57,100,49
360001,281,7,8,0,56,29
360003,804,15,182,2,223,103
360008,342,0,37,0,102,6
360011,752.78,19.55,191.04,1.48,156.97,46.39
360013,1860,161,631,100,592,275
360014,0,0,0,0,0,0
360019,1116,0,74,20,256,74
360020,2091,120,1379,85,653,516
360021,1494.03,81.12,535.74,26.41,266.93,78.29
360026,200.19,10.34,2.22,1.11,44.11,13.32
360027,187,0,8,0,67,6
360028,0,0,0,0,0,0
360029,820,0,89,0,199,37
360035,965,26,28,19,211,43
360036,1207,11,108,22,347,101
360037,370,61,296,63,88,57
370001,1139,51,326,1,385,163
370002,342,0,9,0,43,37
370003,610,23,58,0,160,62
370004,825,66,55,24,118,54
370005,320,8,0,0,61,22
370006,808,15,111,4,107,36
370007,508,16,41,1,107,25
370008,1405,174,389,8,84,189
370009,445,33,96,1,43,11
370010,493,15,49,45,74,28
370011,913,144,139,28,170,67
370012,189,0,0,1,33,8
370014,1134,78,188,48,171,118
370020,1277,76,545,141,148,118
370021,381,305,113,132,575,772
370022,1807,138,1730,242,588,647
370023,1603,98,694,68,233,343
370024,1459,180,388,0,1127,78
370026,1151,0,128,10,127,130
370027,1491,604,223,191,144,154
370028,1324,0,799,186,272,100
370029,280,0,20,8,42,15
370031,597,40,52,2,113,34
370032,965,28,63,29,134,81
376001,678,186,652,2,725,691
376002,1095,22,198,1,494,408
376003,856,39,1074,0,61,8
376004,954,26,1001,70,222,213
376005,946,65,8,14,123,17
376006,640,0,43,0,115,92
376007,1118,53,338,0,69,104
376008,999,36,85,44,226,139
376009,560,0,8,21,139,34
376010,966,77,203,53,225,69
376011,760,7,36,12,175,67
376012,892,20,70,11,174,65
376013,1525,45,552,164,406,268
376014,551,0,47,4,131,50
376015,396,0,0,2,113,24
376016,1094,84,170,100,302,213
376017,1048,38,12,2,225,106
376018,676,32,30,43,121,18
376019,1312,69,89,17,198,47
376020,523,0,51,0,140,37
390001,1059,60,1031,113,441,425
390002,826,226,658,88,267,180
390003,903,82,193,24,114,43
390004,780,27,151,3,155,126
390005,377,15,8,27,89,30
390006,1259,8,20,12,284,102
390007,596,50,189,1,66,41
390008,1690,116,402,59,396,289
390009,568,0,61,2,144,24
390010,794,11,51,2,174,49
390011,424,12,41,0,79,20
390012,1041,213,362,82,267,297
390013,399,0,12,1,90,32
390014,297,0,12,1,49,28
390015,567,10,107,28,115,48
390016,767,9,101,14,142,31
390017,629,49,103,4,80,42
400001,1154,74,134,23,212,155
400002,1089,18,115,2,192,29
400003,798,46,77,0,117,28
400004,1396,54,335,48,275,220
400005,591,22,54,9,126,15
400006,1756,52,242,132,266,141
400007,918,23,48,2,169,39
400008,4351,375,1309,247,780,578
400009,1006,39,83,2,168,140
410001,1689,47,657,111,537,631
410002,1847,137,525,136,241,264
410003,1439,56,116,11,153,141
410004,751,23,135,0,91,358
410005,439,0,37,38,62,121
410006,1010,42,396,8,172,126
410007,639,0,36,1,91,25
410008,788,73,267,3,202,104
410009,822,8,90,52,218,50
410010,773,26,85,47,162,75
410011,569,0,36,1,71,33
411001,0,0,0,0,0,0
420001,1741,100,627,139,429,640
420002,649,9,24,0,122,36
420003,293,0,0,0,50,15
420004,319,0,0,0,46,16
420005,1067,85,228,81,168,283
420006,257,0,4,2,30,32
420007,444,0,6,1,79,23
420008,856,84,152,0,184,239
420009,347,1,32,1,78,23
420010,335,0,8,1,52,19
420011,1800,97,340,24,222,193
420012,285,0,0,0,61,16
420013,954,21,113,69,179,248
420014,243,0,2,0,40,32
420015,597,8,33,1,62,30
420016,557,11,119,19,117,60
420017,725,24,93,0,135,138
420018,520,0,4,1,79,130
430001,544,8,37,0,79,38
430002,413,8,89,1,70,59
430003,597,37,91,0,96,110
430004,348,0,24,0,58,50
430005,0,0,0,0,0,0
430007,2305,166,627,42,663,537
430008,687,8,20,2,170,42
430009,614,0,59,21,184,81
430010,0,0,0,0,0,0
430011,729,0,83,6,127,60
430012,583,0,62,0,135,58
430013,462,8,21,0,93,34
430014,445,0,21,1,123,46
430015,1975,145,798,30,316,443
430016,372,0,15,1,51,30
430017,646,12,48,44,154,84
430018,642,24,124,22,191,113
430019,749,17,89,1,158,63
430020,1148,20,127,5,172,172
430021,574,9,90,0,56,137
430022,1333,64,190,1,125,201
440001,669,0,22,10,193,37
440002,1657,116,653,184,285,583
440003,734,8,0,35,113,69
440004,688,0,46,7,87,69
440005,1275,54,293,85,145,239
440006,1356,582,444,53,145,285
450001,572,10,56,0,76,31
450002,2212,37,1402,156,287,606
450003,1402,129,536,20,500,927
450004,562,98,227,0,61,149
450005,330,0,0,3,108,16
450006,858,57,162,36,127,117
450007,167,0,6,0,31,5
450008,206,0,2,0,32,10
450009,309,0,13,0,42,22
450010,497,55,143,0,100,145
450011,471,0,31,0,87,15
450012,407,0,20,0,85,31
450013,376,0,28,0,42,55
461001,1220,109,1080,76,1340,3152
461002,1802,198,1303,64,610,1726
461003,622,0,782,10,312,488
461004,1325,237,842,148,1192,1779
461005,970,104,2484,76,177,414
461006,972,33,0,0,60,119
461007,1320,244,628,75,88,461
461009,603,138,194,3,71,608
461011,1283,110,1501,5,1059,2905
461012,1247,150,3149,230,276,897
461013,377,17,31,1,51,35
461014,1879,232,248,25,299,452
461016,1047,180,359,56,44,185
461017,1997,117,492,0,189,163
461018,2120,36,154,0,203,144
461019,1172,268,430,113,181,187
461020,1527,94,152,0,100,122
461021,943,60,12,43,95,97
461023,1282,390,1160,270,1193,3021
461024,1552,9,385,0,192,133
461025,1512,127,1540,15,184,1603
461026,3384,112,689,70,272,384
461028,1571,162,54,16,127,354
461029,1741,14,458,0,291,398
461030,2214,138,1134,59,185,648
461031,942,68,316,1,58,165
461032,275,12,33,20,33,48
461033,1440,75,462,13,137,281
461035,600,76,3496,102,40,123
461036,608,211,1223,150,30,384
479001,2863,210,1620,169,1043,2075
479002,747,12,748,44,162,141
479003,1465,117,1373,1,239,491
479004,418.70,23.26,0,11.35,64.68,19.86
479005,1347,90,66,98,137,81
479006,0,0,0,0,0,0
479007,756,146,68,3,86,50
479008,319.30,17.74,0,8.65,49.32,15.14
479009,778,87,95,23,119,92
479010,1258,117,0,40,106,44
479011,827,70,0,1,85,337
479014,436,8,14,0,66,55
479016,547,38,72,41,123,76
479017,745,39,54,71,170,124
479019,894,24,73,0,155,73
479021,406,18,42,0,83,17
479023,455,0,92,9,100,59
479025,413,51,33,1,155,49
479027,540,36,37,1,116,133
480001,1558,32,388,50,522,350
480002,324,0,3,0,89,14
480003,1150,0,14,2,220,54
480004,1856,95,381,104,376,306
480005,419,0,0,2,59,15
480006,465,0,18,0,89,49
480007,425,0,14,0,108,36
480008,915,22,47,0,77,88
480009,505,6,16,14,93,37
480010,1217,52,255,1,185,322
482001,367.11,9.24,18.58,13.31,68.42,12.60
482002,879.53,26.72,36.42,45.09,219.59,63.56
482005,1497.37,125.04,513,26.59,462.00,455.84
482007,688.62,9,56,38,150.75,56.42
482011,547.38,23,18,19,151.25,59.58
492001,967,8,228,1,272,120
492002,794,0,135,2,199,32
492003,473,0,23,1,84,9
510001,1592.85,165.56,1760.60,7.32,751.96,1389.47
510002,1422,82,1190,51,352,302
510003,1185.43,25.36,174.92,53.45,238.27,464.03
510004,376.73,1.59,11.97,18.05,60.33,19.89
510005,337.68,12.18,32.59,7.03,57.51,39.91
510006,578.13,88.23,62.23,0.93,57.59,47.41
510007,0,0,0,0,0,0
510008,554.81,11,42.09,0.42,137.80,28.51
510009,935,47,64,0,58,19
510010,568.19,0,16.91,0.58,91.20,23.49
510011,417.65,8,23.20,0.05,67.35,32.41
510012,309.31,0,24.24,2.06,38.77,9.48
510013,465.72,45.09,25.48,2.22,90.77,16.51
510014,693.04,0,18.55,0.89,138.88,55.11
510015,431,0,50,0,73,26
510016,345,0,14,2,71,24
510017,1623.47,102,1456.54,115,289.92,81.82
510018,765.98,8,41.67,1,203.66,75.96
510019,381,0,10,0,103,13
510020,935.93,60,211,57,191.33,131.66
510021,272.74,6.25,10.71,6.25,56.90,18.19
510022,158.34,0.75,1.29,0.75,22.77,17.15
530001,1725,117,867,87,182,224
530002,715,55,74,18,122,98
530003,647,6,74,22,122,68
530004,308,15,24,0,55,57
530005,300,19,25,6,52,12
530006,2946,145,1242,106,402,353
530007,643,13,95,19,106,47
540001,1436,49,925,82,271,106
540002,669,9,471,1,134,11
540003,1037,28,199,49,243,106
540004,801,25,56,1,183,23
540005,1074,94,307,123,190,51
540006,1044,67,175,58,117,19
540007,828,4,35,24,223,22
540008,195,0,0,7,51,3
540009,1646,417,1852,55,287,254
540010,1104,0,2524,55,127,510
540011,1077,154,1242,53,1075,839
540012,1785,182,270,59,280,137
540013,1016,27,112,38,165,20
540014,561,8,41,0,133,18
540015,1354,78,240,0,258,107
540016,2313,133,657,97,459,222
540017,313,0,12,1,60,10
550001,573,22,53,21,151,44
550002,257,6,6,0,60,7
550003,189,5,0,0,40,4
550004,520,14,164,19,101,39
550007,198,0,8,0,36,18
550008,384,27,20,0,46,14
550012,872,45,385,10,189,147
550014,421,8,17,48,66,10
550015,210,5,35,0,78,29
550016,282,0,0,0,80,17
550017,615,21,45,0,161,103
550018,240,12,5,2,80,8
550019,170,8,0,0,51,6
550021,224,0,0,0,75,10
550023,1145,57,174,30,341,148
550024,359,0,0,0,88,18
550025,1876,150,1049,122,521,597
550027,359,14,14,0,63,12
550029,350,5,23,0,58,11
550051,197,6,30,3,40,21
550061,1040,55,281,9,305,136
550071,194,0,0,1,60,10
561002,1925,271,1283,231,1597,2637
561003,154,10,1056,276,75,249
561004,895,111,767,82,214,352
561005,1165,12,2054,58,101,88
561006,1125,275,1675,93,68,170
561007,1047,7,1051,240,103,84
561008,701,21,71,2,43,41
561011,1106,22,476,23,29,343
561012,1035,77,62,54,84,51
561015,2267,69,504,195,90,58
561016,2216,325,566,73,125,68
561017,500,40,13,3,16,22
561020,1042,107,94,41,114,44
561021,592,0,1243,154,17,4
561022,753,18,659,1,30,56
561023,887,120,786,2,37,3
561024,945,267,373,1,40,36
561025,3058,120,600,112,554,264
561028,2838,183,1091,120,700,626
561032,654,0,22,0,160,23
561033,872,34,73,0,170,33
561035,0,0,0,0,0,0
561038,544,0,12,0,123,26
561040,1077,47,112,37,210,112
563001,994,72,191,3,218,66
563002,148,8,0,3,32,11
573001,3408,350,2035,96,607,619
573004,391,6,13,6,32,21
573005,248,12,41,0,31,19
573006,282,0,6,0,44,17
573007,512,8,46,0,51,16
573008,368,6,33,0,50,23
573009,438,15,19,5,52,15
573010,440,0,0,0,78,57
573013,714,51,66,41,152,93
573014,282,0,0,1,49,32
573015,496,38,25,20,90,49
573018,1141,79,209,59,145,70
573019,199,5,8,3,37,27
573022,383,10,27,14,56,20
573023,501,6,79,24,101,30
573024,216,0,24,0,35,13
573026,470,8,48,0,63,17
573027,312,0,44,35,50,29
573028,436,16,42,15,62,28
573030,1798,59,243,93,330,169
573031,601,25,54,24,135,62
573032,571,0,70,31,112,35
573033,247,6,26,1,60,23
575001,1572,128,392,65,294,105
575002,271,6,10,6,49,17
575003,1052,20,235,1,292,114
575004,380,0,13,0,64,24
575005,365,7,50,0,82,33
575006,168,19,14,0,45,13
575007,915,123,300,34,212,86
575008,304,3,3,0,62,35
575009,747,35,145,18,135,48
575010,219,0,6,0,57,18
575011,537,17,88,2,133,23
575012,154,0,0,0,31,24
575013,262,0,9,0,38,15
575014,2111,234,1328,127,472,285
575015,228,6,0,0,37,2
575016,933,116,25,35,146,70
575017,479,7,51,0,65,15
575018,470,16,34,6,101,6
575019,637,8,61,9,121,91
580001,270,0,10,0,72,14
580002,270,15,5,0,74,34
580003,1697,308,840,12,190,140
580004,1393,40,96,44,230,103
580005,620,8,72,0,76,32
580006,294,6,14,0,72,20
580007,706,8,90,0,127,36
580008,738,25,111,12,108,27
580009,694,20,92,1,131,34
580010,385,6,26,25,88,38
580011,850,10,40,46,208,58
580012,956,26,353,27,229,123
580013,734,26,49,23,125,33
580014,1404,27,219,49,256,53
580015,1387,124,659,50,293,91
580016,1689,241,1039,195,703,1337
580017,887,159,773,2,110,117
580018,483,91,881,0,17,58
607001,3253,22,2209,148,716,859
607002,519,21,15,2,44,17
607003,3024,209,387,44,169,298
607004,254,19,10,0,53,8
607005,1661,97,181,45,141,180
607006,1647,117,3157,115,82,287
607007,675,43,25,3,49,5
607008,483,41,906,108,1137,1293
615001,662,42,1992,5,423,663
615002,899,54,876,58,533,1234
615003,1176,221,665,58,1016,2956
615004,0,0,0,0,0,0
615005,1227,100,962,74,346,401
615006,3258,156,331,20,214,107
615007,1988,60,108,1,156,55
615008,972,49,167,14,62,54
615009,923,124,82,3,116,68
615010,875,87,141,6,91,190
615011,2109,218,116,0,112,146
615012,1265,127,0,3,83,76
615013,1291,106,198,108,311,264
615014,583,9,10,1,79,40
615015,376,0,3,3,62,33
615016,1079,39,109,25,155,110
615017,854,57,79,17,77,164
615018,1053,51,98,35,134,151
615019,568,7,58,3,90,37
615020,253,0,0,0,14,11
615021,73,11,868,1,5,572
615022,190,6,0,1,20,13
621001,1071,88,1102,17,646,1346
621002,665,14,1664,126,116,241
621003,978,86,1685,1,104,71
621004,2269,345,480,46,161,395
621005,1690,93,205,102,116,82
621006,1500,75,184,1,164,90
621007,1663,72,301,0,288,138
621008,685,82,2055,9,307,875
621009,1799,28,483,23,738,1405
621010,1806,148,256,0,190,196
621011,1574,69,71,21,94,99
621012,1387,83,82,12,227,104
621013,918,21,194,59,68,64
621014,2119,100,338,53,394,297
621015,2006,61,270,65,496,213
630001,928,29,171,207,111,79
630002,1564,90,306,70,179,611
630003,720,32,16,1,97,11
630004,766,0,31,13,89,43
630005,621,8,56,0,88,37
630006,1040,21,189,35,211,163
630007,321,6,20,0,36,11
630008,609,26,69,1,86,35
630009,1631,144,2706,327,1174,2996
630010,375,9,40,7,67,21
630011,1501,105,204,125,67,97
630012,1081,21,113,0,143,241
630013,479,83,966,49,23,3
630014,664,18,672,59,45,39
630015,362,33,1479,66,279,655
630016,770,57,29,7,38,52
630017,1667,156,489,24,273,235
630018,693,15,80,4,148,68
630019,406,0,28,1,73,76
630020,357,0,19,0,69,74
630021,349,0,3,0,63,18
630022,177,0,0,0,22,3
630023,545,0,28,0,69,42
630024,1133,125,353,45,122,151
630025,593,0,0,4,88,28
630026,441,26,65,0,39,48
630027,656,24,115,2,86,44
630028,529,8,35,3,65,33
630029,484,8,27,2,88,62
630030,1313,136,1084,82,120,360
630031,541,6,35,7,61,139
630032,2490,156,557,153,130,283
630033,594,0,256,1,198,220
630034,1360,88,89,28,133,174
657001,4764,209,4465,540,1521,2543
657002,405,19,28,0,95,69
657005,1004,57,156,0,180,115
657006,317,0,9,1,80,17
657007,1970,103,117,64,140,138
657008,717,20,137,3,166,40
657009,318,6,14,0,75,16
657011,273,0,8,0,27,2
657013,1159,28,259,48,209,110
657014,253,0,24,0,51,14
657015,281,31,434,0,16,84
657016,361,14,27,5,90,16
657017,2335,123,663,58,296,443
657018,227,6,19,0,40,5
657019,318,0,10,0,52,16
657020,155,0,10,0,40,2
657021,282,7,15,2,33,25
657022,323,8,16,0,31,28
657023,1563,61,205,45,161,136
657024,1387,100,151,48,239,166
657025,396,0,12,1,41,62
657026,1732,60,313,151,150,234
657027,1215,59,285,36,249,152
657028,153,0,11,7,33,7
657029,537,10,51,0,78,7
657030,332,0,24,0,87,66
661001,4290,146,2088,220,1420,1082
661002,1712,20,69,2,116,94
661003,712,8,22,23,133,24
661004,1393,88,96,95,76,36
661005,3325,219,2387,15,297,306
661006,1782,45,195,72,365,136
661007,669,8,29,16,115,41
661008,991,54,195,49,159,76
661009,606,12,131,25,141,20
661010,424,0,20,18,62,22
665001,1878,122,539,183,469,292
665002,793,6,21,57,116,129
665003,754,22,43,24,79,12
665004,693,0,23,6,137,27
665005,462,0,13,18,108,23
665006,461,14,21,7,87,25
665007,629,26,60,21,178,49
665008,592,15,46,17,119,24
671001,1849,111,1141,180,603,407
671002,671,0,270,45,85,29
671003,566,8,40,0,76,21
671004,623,0,38,3,90,36
671005,666,16,73,23,48,17
671006,706,0,30,24,93,40
671007,1075,30,64,31,209,79
706001,2736,219,554,84,573,329
706002,1382,35,36,47,246,65
706003,728,22,36,8,193,65
706004,1044,39,126,32,214,90
706005,1375,43,190,30,324,169
706006,2201,125,468,73,253,298
706007,1119,29,151,5,198,78
706008,2388,139,352,106,335,196
707001,2707,187,700,179,637,568
707002,0,0,0,0,0,0
707003,824,8,50,7,223,60
707004,1642,65,1182,170,366,350
707005,1312,10,129,80,267,105
707006,729,28,42,27,145,46
707007,1003,21,125,93,244,42
707008,784,16,37,94,178,95
707009,1259,89,101,57,207,169
707010,602,8,83,4,106,43
710001,1545,80,404,82,174,172
710002,1119,95,189,41,147,83
710003,718,0,18,0,83,35
710004,1986,203,521,114,353,368
710005,703,0,6,2,78,39
710006,1254,154,328,22,124,138
710007,1188,166,334,0,41,47
710008,485,30,51,11,50,72
710009,1337,49,84,44,247,69
710010,1176,19,83,34,171,129
710011,665,35,8,22,103,35
710012,902,82,71,1,35,58
710013,377,23,16,15,67,34
710014,375,15,7,2,31,44
727001,3180,275,1455,88,632,685
727002,153,0,0,0,22,8
727003,616,0,20,0,84,15
727004,469,0,0,0,45,27
727005,625,29,109,0,101,38
727006,346,0,20,0,62,42
727007,449,8,0,3,78,15
727008,426,0,10,5,60,25
727009,0,0,0,0,0,0
727010,0,0,0,0,0,0
730001,893,78,122,53,137,180
730002,959,60,30,15,71,58
730004,307,0,2,0,51,8
730005,466,20,20,14,106,103
730006,387,0,8,0,108,37
730007,457,8,25,56,58,63
730008,831,26,47,51,78,118
730009,555,8,16,0,56,19
730010,485,12,8,9,78,46
730011,1186.19,73.27,705.97,20.79,91.09,222.78
730012,923,65,10,4,46,143
730013,1235,106,122,0,86,124
730014,858,30,87,31,52,56
730015,301,5,17,0,38,10
730016,376,26,10,38,40,17
730017,413,15,59,2,64,35
730021,821,30,78,9,66,34
730024,604.81,173.73,700.03,112.21,755.91,1088.22
730025,491,50,215,0,583,947
730026,1437,4,818,59,361,409
730027,654,27,1657,93,314,277
730028,419,144,182,83,881,1374
730029,1496,132,1054,160,250,486
730030,728,23,937,109,114,311
730031,2385,69,474,83,275,450
730032,1067,38,444,92,200,334
730033,538,162,219,59,39,28
730034,1183,8,117,0,33,48
730036,1245,82,82,70,142,169
730037,354,8,6,0,45,12
740001,997,54,123,16,177,144
740002,828,45,61,38,135,157
740003,598,18,76,0,139,94
740004,591,39,91,10,67,58
740005,398,12,31,5,75,31
740006,1546,135,922,87,129,276
740007,1482,117,386,125,333,350
740008,371,35,48,23,33,41
740009,446,0,9,1,74,18
740010,463,24,58,1,57,47
740011,507,106,146,1,60,15
740012,328,0,10,0,32,16
740013,1412,58,138,1,83,72
740014,349,0,24,21,48,12
740015,492,70,52,0,54,17
740016,910,8,76,33,164,86
740017,440,0,27,21,60,16
740018,560,22,49,0,49,43
740021,1362,12,132,44,60,213
740022,672,48,43,23,116,43
740023,1399,97,178,0,56,184
740024,343,64,14,0,34,7
740025,153,0,0,2,40,27
740026,194,133,860,14,38,255
740027,805,114,149,0,59,343
740028,979,120,963,0,147,69
740029,1085,147,2060,15,124,110
740030,1061,98,151,71,147,71
740031,1548,176,906,180,1374,1216
740032,1028,91,200,4,87,33
741001,1119,17,97,44,357,98
741002,157,6,5,0,63,14
746001,774,26,44,0,69,35
746002,1747,124,298,60,264,115
746003,557,17,66,8,70,37
746004,2460,267,386,87,179,293
746005,1107,37,82,17,128,83
746006,2261,196,804,252,617,787
746007,1760,147,847,26,81,154
746008,2096,133,315,63,176,309
746009,1554,105,85,2,110,120
746010,1385,72,226,1,85,55
746011,708,8,23,0,59,33
746012,731,11,37,1,67,13
751001,1739,579,228,405,3022,3270
751002,398,252,1599,149,1037,1301
751003,1786,122,1795,177,275,139
751004,1285,1,949,103,246,173
751006,2696,376,740,156,94,422
751007,1528,64,1255,76,122,284
751008,1906,185,2123,342,649,1774
751009,1308,102,452,49,93,29
751010,848.23,226.26,674.20,105.21,1092.27,1958.16
751011,1395,134,632,28,61,142
751012,1533,181,245,63,59,132
751013,1596,93,308,55,71,166
751014,281.43,71.93,228.33,35.31,348.13,642.63
751016,249,9,0,0,27,20
751018,1707,114,886,86,98,279
751019,1185,249,523,86,49,135
751020,434.75,187.83,239.28,44.68,886.26,1164.93
751021,990.59,427.98,545.19,101.80,2019.35,2654.29
751022,1200,7,328,37,229,168
751023,1677,93,1921,162,186,393
751024,2382,120,228,103,196,461
751025,359,0,2880,5,85,418
751026,1379,86,669,1,56,794
751027,485,182,967,71,1145,1446
751028,1330,281,1821,153,99,655
751030,1207,177,229,65,85,152
751031,225,0,10,0,17,19
751033,952,42,356,43,62,225
751041,687,355,584,33,1443,1583
751042,1060,266,1835,219,1976,1841
751043,626,5,2504,310,446,858
751044,297,75,140,73,41,85
751045,3184,6,179,61,298,418
751047,2963,246,1166,88,174,365
751048,808,171,528,79,49,19
751049,1573,61,320,0,156,241
751050,1665,125,183,96,82,152
751051,2350,278,694,56,147,298
751053,755,91,400,54,107,96
751055,277,66,31,0,34,65
751056,570,0,75,1,79,63
751061,1079,350,2901,404,331,2154
751062,152,0,1679,20,76,45
751063,998,2,4084,153,79,970
751064,1239,45,1554,177,247,541
751065,1910,164,878,83,99,856
751066,1410,78,702,80,76,653
751067,639,104,927,42,889,775
751068,252,1,1426,0,11,35
756001,750,25,101,2,165,79
756002,357,16,2,3,74,15
756003,731,42,104,14,149,81
756004,320,8,37,0,64,33
756005,2242,150,508,125,436,467
756006,290,0,6,0,56,35
756007,4218,240,1659,110,738,691
756008,310,17,24,4,48,25
756009,1060,50,112,1,197,173
756010,909,43,78,4,142,89
760001,1586.24,73.15,272.24,63.21,354.28,172.29
760002,467,25,15,21,60,22
760004,323.63,7.85,32.75,6.79,73.18,35.29
760007,761.13,0,40.00,0,182.54,48.43
760010,1042,35,153,28,204,81
760012,367,49,63,0,31,22
760014,2347,134,1021,112,470,514
760016,470,8,33,0,105,28
760021,672,29,103,20,104,56
760022,779,22,34,29,138,61
760024,2146,160,821,63,361,359
760025,388,19,30,18,89,34
760027,781,13,30,0,151,65
760028,400,0,34,0,53,33
760030,1449,81,299,68,277,170
760032,463,0,22,0,94,26
760033,823,0,17,24,125,38
760035,1175,22,108,16,227,111
766001,2398,146,420,64,316,378
766002,1200,12,247,4,207,215
766003,632,26,32,1,75,67
766004,483,11,29,5,53,94
766005,211,12,3,0,17,6
766006,453,17,3,0,44,26
766007,1454,125,450,2,264,237
766010,570,0,33,1,107,15
766011,488,0,6,1,66,42
766012,541,54,157,31,93,54
766013,532,8,18,5,111,93
766014,489,0,34,9,90,27
766015,807,39,32,0,94,41
766017,901,28,60,0,107,63
766020,612,29,34,2,51,61
766021,746,83,259,23,202,164
766022,454,24,89,1,104,49
766023,419,0,11,1,94,17
766024,330,0,37,0,40,8
773001,542,8,0,0,97,20
773002,1566.24,24.70,39,8.85,205.88,93.22
773003,918.69,8.30,21,35.42,143.87,42.26
773004,707,0,18,28,124,47
773005,2605.07,163,919,221.73,642.25,686.52
779020,312,0,30,1,52,12
779021,5062,271,2901,215,1167,1772
779022,1852,28,158,0,189,136
779023,1146,52,81,44,150,107
779024,1323,8,76,48,212,63
779025,1108,48,115,47,185,73
779026,1243,39,81,60,253,104
779027,1112,11,53,35,221,34
787001,3889.71,305,1346.74,280.55,955.01,622.24
787002,1168.59,70.45,66.98,23.94,244.97,45.48
787003,1362.43,89.06,172.30,52.04,336.86,112.97
787004,892.19,33.53,125.59,31,216.61,87.30
787005,1005.58,23.61,44,55.99,158.64,42.53
787006,394,0,19,0,94,7
787007,687.24,16.52,32.24,28.18,110.50,28.69
787008,649.18,7.96,53.23,5.49,145.78,48.38
787009,568.10,8,21.09,2.28,83.90,24.55
787010,424,11,17,20,108,14
787011,333.22,16.94,20.02,3.24,68.37,7.85
787012,764.14,8.46,44.24,48.29,147.86,29.95
787013,375.61,13.47,9.58,21,102.51,18.05
787014,428,8,16,32,37,5
787015,314,20,34,20,51,29
791001,958,58,57,24,238,166
791002,1109,44,87,6,82,66
791003,819,37,478,39,170,136
791004,1107,0,92,0,206,100
791005,783,25,51,0,115,38
791006,1022,64,160,8,178,73
791007,732,0,69,1,154,19
791008,6084,152,4150,364,1444,3136
791009,2912,246,545,166,468,325
791011,786,23,57,0,124,52
791012,1437,65,80,48,276,175
791013,3457,340,1410,25,296,338
791014,1078,8,129,25,201,78
791015,982,26,163,18,196,91
791016,1148,42,84,23,200,190
791017,957,47,100,58,182,91
810001,290,0,18,0,73,16
810002,609,0,56,0,156,83
810003,1506,89,231,31,260,198
810004,458,0,19,0,75,39
810005,1330,109,186,1,180,175
810006,626,0,48,0,110,62
810010,3122,325,1426,63,692,768
810034,211,0,20,0,41,6
810040,430,0,10,0,67,3
810050,515,18,11,16,82,26
810056,219,0,6,0,56,8
810070,805,7,29,38,160,48
810080,283,0,5,0,67,12
813001,2179,204,1362,65,264,177
813002,643,38,77,2,90,58
813003,333,0,19,0,62,21
813004,612,8,15,0,57,14
813005,849,0,141,0,109,34
813006,5379,299,4406,21,1090,1349
813007,657,15,18,0,101,17
813008,667,26,49,1,69,15
813009,2785,337,935,6,450,323
813010,349,8,29,15,93,40
813011,272,0,15,0,71,4
813012,271,0,0,0,58,16
813013,662,0,35,0,149,38
813014,242,0,10,0,58,9
813015,696,0,87,0,215,53
820001,1174,26,292,69,189,166
820002,1401,36,210,74,379,230
820003,262,0,0,0,63,17
820004,2374,207,722,177,580,451
820005,582,0,5,1,122,56
820006,367,0,10,0,71,21
820007,620,8,27,22,153,41
820008,554,8,76,2,137,47
820009,346,0,0,1,91,63
820010,1433,76,367,106,294,288
820011,575,9,10,24,154,96
820012,454,0,7,0,98,27
820013,343,0,10,1,97,17
820014,269,0,19,0,48,17
825015,719,0,60,49,138,34
840001,2672,292,394,24,298,335
840002,1233,140,174,52,129,119
840003,737,0,120,0,141,59
840004,863,35,26,41,174,73
840005,898,32,118,25,144,75
840006,404,11,41,20,105,21
840007,640,18,29,10,52,32
840008,523,8,25,24,100,45
840009,300,0,12,0,64,26
840010,524,9,16,1,79,36
840011,252,0,0,0,36,8
846002,722,38,54,25,133,105
846003,1165,70,154,166,217,172
846004,1132,73,207,58,175,124
846008,697,35,42,2,118,33
846009,764,0,37,1,161,37
846011,1944,126,355,213,432,261
846014,351,0,10,0,98,51
846018,879,47,28,36,199,66
846020,1157,24,29,1,154,69
846022,651,27,32,15,91,140
846027,2442,209,985,134,587,1315
849001,1834,123,404,36,212,189
849002,674,8,32,1,82,14
849003,543,27,38,0,42,21
849004,426,17,42,9,52,20
849005,388,15,32,0,58,25
849006,233,4,11,3,73,10
849007,202,0,16,0,47,7
849008,799,84,161,88,265,112
849009,483,0,22,1,97,24
849010,233,0,7,0,42,5
849011,389,7,18,5,70,18
849012,532,0,16,0,130,36
849013,1212,104,259,118,304,121
849014,456,0,23,12,103,19
849015,343,0,0,0,65,18
849016,420,0,0,0,80,14
849018,1902,67,253,69,360,188
849020,635,0,43,1,142,62
849021,448,0,53,1,92,30
851003,1161.80,187.08,1651.69,9.55,331.46,826.97
851004,906.20,145.92,1288.31,7.45,258.54,645.03
851005,1924,72,2611,82,356,599
851007,904,51,143,1,123,67
851009,923.36,38.51,157.14,7.08,92.96,102.25
851010,1162.64,48.49,197.86,8.92,117.04,128.75
851011,1924,207,520,83,239,321
851012,308.27,28.67,418.04,50.51,472.37,1056.70
851014,316,147,1358,26,352,774
851015,518,129,713,1,1151,2542
851016,820.73,76.33,1112.96,134.49,1257.63,2813.30
851017,1935,85,1255,2,523,377
851018,1375,72,869,13,101,285
851019,2189.63,307.12,690.70,17.06,124.49,464.47
851020,1275.37,178.88,402.30,9.94,72.51,270.53
851022,1809,115,15,0,151,111
851024,1999,242,601,99,115,147
851027,652.71,188.65,2302.44,27.01,766.91,1381.47
851028,391.16,190.38,1681.68,28.61,720.42,1312.36
851029,1239.87,224.41,1951.23,27.33,183.85,1376.98
851030,686.12,20.18,1802.50,0,252.25,343.06
851031,1838,44,1267,92,297,236
851032,982,230,367,6,86,241
851033,1430,162,133,0,102,93
851034,1970.35,241.02,394.55,31.82,124.09,101.82
851035,1764,245,255,11,153,81
851036,783.80,141.36,1221.61,17.23,115.48,861.31
851038,1094,36,49,2,80,43
851040,568,89,3028,0,14,718
851043,1839,47,193,54,235,128
851044,1458,112,167,24,373,201
851046,472,0,34,0,114,32
851047,1919,161,408,3,307,197
851052,719,0,30,1,146,37
851056,635,18,58,27,139,86
851058,852,20,58,41,184,57
851061,1574,127,126,56,182,91
860001,662,0,15,0,66,27
860003,1540,69,697,48,473,169
860004,962,114,1147,80,815,859
860006,647,28,0,11,100,13
860007,539,0,59,18,119,67
860008,604,0,31,30,119,18
860011,1057,44,92,48,253,72
860012,618,13,11,10,117,19
860013,611,7,25,6,71,10
860014,593,12,17,1,118,24
860015,1826,278,414,1,242,198
860016,2101,42,332,124,361,136
860018,1551,161,1038,40,161,146
860019,1229,69,170,52,303,140
860020,408,0,8,0,71,17
860021,939,34,82,38,214,120
860022,1015,62,155,70,298,126
860023,386,16,12,0,74,17
860026,416,0,18,16,86,38
860027,366,0,0,0,59,14
860028,523,0,12,0,115,24
