Gruppe,ValgstedId,KredsNr,StorKredsNr,LandsdelsNr,Husstande efter bilrådighed_1. Husstande uden bil,Husstande efter bilrådighed_2. Husstande med 1 bil,Husstande efter bilrådighed_3. Husstande med 2 eller flere biler
,101001,1,1,1,5056,956,2032
,101002,1,1,1,2385,658,1256
,101003,1,1,1,4591,807,2229
,101005,1,1,1,5361,1057,1958
,101006,1,1,1,4349,954,1802
,101007,2,1,1,4173,856,2084
,101008,2,1,1,6431,1027,2036
,101009,2,1,1,5026,746,2363
,101010,2,1,1,3606,1022,2639
,101011,3,1,1,5368,916,1838
,101012,3,1,1,2045,518,1565
,101013,3,1,1,3936,836,1837
,101014,3,1,1,5367,1189,2273
,101016,4,1,1,4850,889,1813
,101017,4,1,1,7758,1183,2177
,101018,4,1,1,3423,800,1650
,101019,4,1,1,2787,788,2449
,101020,5,1,1,3658,451,824
,101021,5,1,1,5899,664,1151
,101022,5,1,1,2739,367,908
,101023,5,1,1,3315,438,921
,101024,5,1,1,3205,485,1099
,101025,5,1,1,5251,648,1286
,101027,6,1,1,6097,958,1417
,101028,6,1,1,3376,760,1499
,101029,6,1,1,1982,408,831
,101030,6,1,1,5211,799,1240
,101031,7,1,1,1090,376,1031
,101032,7,1,1,1497,236,877
,101033,7,1,1,2715,701,1606
,101034,7,1,1,2780,739,2111
,101035,7,1,1,2648,633,1636
,101036,7,1,1,2220,604,2470
,101039,7,1,1,1954,519,868
,101040,7,1,1,1106,366,1585
,101041,7,1,1,4195,1059,2140
,101042,8,1,1,2718,713,1984
,101043,8,1,1,3834,833,1560
,101044,8,1,1,2688,597,1591
,101046,8,1,1,1984,510,1146
,101047,8,1,1,1987,331,1000
,101048,8,1,1,3301,627,1440
,101049,9,1,1,3240,538,1125
,101050,9,1,1,3895,592,1231
,101051,9,1,1,4767,807,1303
,101052,9,1,1,2954,440,955
,101053,9,1,1,2691,419,1206
,101054,9,1,1,2095,251,289
,101055,9,1,1,3783,775,2247
,101056,1,1,1,2966,690,1665
,101057,2,1,1,3138,447,1896
,101058,5,1,1,5075,655,1484
,101059,6,1,1,2633,486,1112
,147001,10,1,1,2597,758,2118
,147002,10,1,1,2624,857,2199
,147003,10,1,1,4339,1037,2467
,147004,10,1,1,4119,997,2273
,147005,11,1,1,4719,1038,2092
,147006,11,1,1,3687,1049,1960
,147007,11,1,1,3810,963,2030
,147008,11,1,1,3431,891,1540
,151001,20,2,1,1099,450,1339
,151002,20,2,1,2068,802,1573
,151003,20,2,1,314.05,185.57,905.98
,151004,20,2,1,767,251,929
,151005,20,2,1,308,233,1480
,151006,20,2,1,1658,677,1639
,151008,20,2,1,606,392,1513
,151009,20,2,1,500.95,362.43,1211.02
,151010,20,2,1,247,206,790
,153001,18,2,1,320,275,1251
,153002,18,2,1,950,439,941
,153003,18,2,1,907,386,835
,153004,18,2,1,1716,609,1598
,153005,18,2,1,918.33,324.24,1540.39
,153006,18,2,1,854.67,301.76,1433.61
,155001,12,1,1,596,364,1388
,155004,12,1,1,628,600,2532
,157001,13,2,1,878,563,1920
,157002,13,2,1,977,525,1422
,157003,13,2,1,656,466,1718
,157004,13,2,1,1633,586,1559
,157005,13,2,1,704,444,1870
,157006,13,2,1,805,709,1965
,157007,13,2,1,1333,787,1933
,157008,13,2,1,961,701,1424
,157009,13,2,1,780,617,1816
,157010,13,2,1,1268,766,1418
,159001,15,2,1,1392.91,616.72,1512.02
,159002,15,2,1,1904,827,1720
,159003,15,2,1,1299,525,2061
,159004,15,2,1,1519,636,2087
,159005,15,2,1,1598,723,2123
,159006,15,2,1,1379,478,1953
,159007,15,2,1,1073,441,1155
,159008,15,2,1,992,461,1431
,159009,15,2,1,737.09,294.28,958.98
,161001,20,2,1,207,150,916
,161002,20,2,1,699,279,707
,161003,20,2,1,1269,589,1186
,161004,20,2,1,1189,455,788
,161005,20,2,1,63,81,610
,161006,20,2,1,494,284,997
,163001,16,2,1,2327,891,2104
,163002,16,2,1,632,469,2482
,163003,16,2,1,1791,702,2083
,165001,19,2,1,1354,424,1186
,165002,19,2,1,558,312,1132
,165003,19,2,1,1047,391,904
,165004,19,2,1,1367,299,957
,165005,19,2,1,668,389,1562
,167001,17,2,1,1340,469,1164
,167002,17,2,1,888,377,956
,167003,17,2,1,1521,401,1173
,167004,17,2,1,1025,411,1416
,167005,17,2,1,840,454,1739
,167006,17,2,1,1266,442,1618
,167007,17,2,1,723,390,2145
,167008,17,2,1,1285,479,1539
,169001,19,2,1,845,380,752
,169002,19,2,1,634,357,1145
,169004,19,2,1,473,336,1568
,169006,19,2,1,1196,489,1442
,169007,19,2,1,1116,641,1658
,169008,19,2,1,937,374,881
,169009,19,2,1,117,158,713
,169010,19,2,1,465.27,235.43,1034.29
,169012,19,2,1,357,371,1577
,169013,19,2,1,14,52,269
,169014,19,2,1,283.73,143.57,630.71
,173001,14,2,1,1566,770,1215
,173002,14,2,1,2078,581,1158
,173003,14,2,1,1772,484,1265
,173004,14,2,1,1220,649,1567
,173005,14,2,1,140,130,392
,173006,14,2,1,484,352,1892
,173007,14,2,1,512,306,1391
,173008,14,2,1,1247,751,2038
,173009,14,2,1,1127,588,1432
,175001,16,2,1,742,289,957
,175002,16,2,1,1009,377,1296
,175003,16,2,1,1433,660,1672
,175004,16,2,1,1473,548,1001
,175005,16,2,1,1200,549,1842
,175006,16,2,1,579,345,1711
,175007,16,2,1,599,186,350
,183001,18,2,1,118,94,527
,183002,18,2,1,316,206,1020
,183003,18,2,1,947,353,1188
,183004,18,2,1,1095.97,264.71,963.13
,183005,18,2,1,783.03,449.29,1246.87
,185001,12,1,1,332,262,1791
,185002,12,1,1,358,260,2083
,185003,12,1,1,1342,507,1402
,185004,12,1,1,946,364,1252
,185005,12,1,1,429,230,1389
,185006,12,1,1,2723,1148,2121
,187001,18,2,1,609,445,1359
,187002,18,2,1,368,250,1250
,187003,18,2,1,457,326,1574
,190001,25,3,1,1236,723,2439
,190002,25,3,1,114,169,1058
,190003,25,3,1,230,345,1415
,190004,25,3,1,87,110,428
,190005,25,3,1,390,401,1586
,190006,25,3,1,576,614,2399
,190007,25,3,1,1160,475,1214
,201001,26,3,1,134,185,967
,201002,26,3,1,633,419,1317
,201003,26,3,1,481,360,1539
,201004,26,3,1,239,358,1505
,201005,26,3,1,265,315,1771
,210001,22,3,1,664,544,1740
,210002,22,3,1,281,305,1330
,210003,22,3,1,682,417,1171
,210004,22,3,1,594,403,1277
,210005,22,3,1,1003,706,2624
,210007,22,3,1,329,353,1161
,210008,22,3,1,24,55,337
,210009,22,3,1,637,358,942
,217001,21,3,1,2320.87,1122.01,1911.26
,217002,21,3,1,1989,773,2263
,217003,21,3,1,1254,580,1813
,217004,21,3,1,451,402,1600
,217005,21,3,1,428,448,1455
,217006,21,3,1,35,85,386
,217007,21,3,1,70,145,476
,217008,21,3,1,62,58,343
,217009,21,3,1,524,376,1341
,217010,21,3,1,406,286,1321
,217011,21,3,1,760,561,1753
,217012,21,3,1,699.13,337.99,575.74
,219001,23,3,1,1694,811,2129
,219002,23,3,1,784,487,1581
,219003,23,3,1,20,39,267
,219004,23,3,1,39,98,469
,219005,23,3,1,65,155,685
,219006,23,3,1,498,418,1679
,219007,23,3,1,146,168,561
,219008,23,3,1,32,48,342
,219009,23,3,1,516,382,1154
,219010,23,3,1,1202,691,1650
,219011,23,3,1,56,151,613
,219012,23,3,1,225,217,1110
,219013,23,3,1,73,74,412
,219014,23,3,1,34,110,385
,223001,22,3,1,770,867,1549
,223002,22,3,1,652,584,1796
,223003,22,3,1,167,322,1378
,223004,22,3,1,6,20,134
,223005,22,3,1,914,593,1765
,230001,26,3,1,804,563,1834
,230003,26,3,1,665,497,1798
,230004,26,3,1,1140,617,1220
,230005,26,3,1,564,548,2040
,230006,26,3,1,263,242,942
,230007,26,3,1,1033,624,2046
,230008,26,3,1,559,488,1453
,230009,26,3,1,590,379,924
,230010,26,3,1,609,647,2127
,240001,25,3,1,75,66,315
,240002,25,3,1,502,710,2994
,240003,25,3,1,532.93,381.80,1738.00
,240004,25,3,1,174,142,512
,240005,25,3,1,126,208,1061
,240006,25,3,1,38,107,467
,240007,25,3,1,418.07,367.68,2041.36
,240008,25,3,1,352.84,300.25,1742.23
,240009,25,3,1,316.15,359.27,1290.41
,250001,24,3,1,1403,864,1718
,250002,24,3,1,461,475,1675
,250003,24,3,1,404,358,1894
,250004,24,3,1,614,780,2275
,250005,24,3,1,664,798,2321
,250006,24,3,1,526,564,2235
,253001,35,5,2,1334.43,669.20,1517.63
,253002,35,5,2,1921.68,1360.15,5200.17
,253003,35,5,2,308.89,385.65,2132.20
,253004,35,5,2,615,493,2557
,253005,35,5,2,321,398,2111
,259001,34,5,2,1351,856,2472
,259002,34,5,2,1118.52,590.97,1412.03
,259003,34,5,2,1106.38,511.26,1828.46
,259004,34,5,2,282,249,1258
,259005,34,5,2,741,482,1500
,259006,34,5,2,755,578,2197
,259007,34,5,2,189.62,236.74,1208.54
,259008,34,5,2,72.48,132.03,798.97
,259009,34,5,2,206,227,1039
,259010,34,5,2,49,88,386
,259011,34,5,2,607,417,1646
,260001,24,3,1,986,882,2607
,260002,24,3,1,270,423,1126
,260003,24,3,1,310.78,285.53,1120.73
,260004,24,3,1,1329.22,904.47,2579.27
,260005,24,3,1,265,280,863
,265001,36,5,2,1120,575,1175
,265002,36,5,2,665,516,1521
,265003,36,5,2,1359,669,1846
,265004,36,5,2,954,499,1063
,265005,36,5,2,1786,707,1460
,265006,36,5,2,753,563,2113
,265007,36,5,2,262,345,1260
,265008,36,5,2,92,118,786
,265009,36,5,2,54,51,350
,265010,36,5,2,2025,795,1341
,265011,36,5,2,197,232,991
,265013,36,5,2,281,422,1972
,265014,36,5,2,115,183,885
,265015,36,5,2,203,259,1061
,265016,36,5,2,74,111,715
,265017,36,5,2,443,343,1740
,265018,36,5,2,30,59,326
,265021,36,5,2,1167,269,1201
,269001,35,5,2,275,322,1410
,269004,35,5,2,570,502,2319
,269005,35,5,2,901,654,2751
,270001,23,3,1,248,450,1309
,270002,23,3,1,171,317,882
,270003,23,3,1,16,33,148
,270004,23,3,1,381,381,1340
,270005,23,3,1,63,165,696
,270006,23,3,1,665,624,1848
,270007,23,3,1,76,141,429
,270008,23,3,1,861,668,2128
,270009,23,3,1,43,75,286
,270010,23,3,1,88,196,908
,270011,23,3,1,200,263,790
,270012,23,3,1,134,246,522
,306001,38,5,2,443,463,1124
,306002,38,5,2,280,398,1082
,306003,38,5,2,212,296,710
,306004,38,5,2,369,282,880
,306005,38,5,2,135,180,365
,306006,38,5,2,354,330,856
,306007,38,5,2,1057,755,1529
,306008,38,5,2,148,262,463
,306010,38,5,2,81,161,439
,306011,38,5,2,413,470,1006
,306012,38,5,2,51,104,195
,306013,38,5,2,109,85,304
,316001,37,5,2,1056,797,2815
,316002,37,5,2,1751,1047,2291
,316003,37,5,2,1282,781,1341
,316004,37,5,2,129,254,1239
,316005,37,5,2,205,298,1341
,316006,37,5,2,120,254,677
,316007,37,5,2,500,364,1330
,316008,37,5,2,220,295,976
,316009,37,5,2,234,297,1177
,316010,37,5,2,191,311,912
,316011,37,5,2,634,485,1306
,316012,37,5,2,307,383,1155
,316013,37,5,2,393,324,951
,316014,37,5,2,215,273,985
,316015,37,5,2,120,141,237
,320001,33,5,2,468,562,2114
,320002,33,5,2,1130,803,2145
,320003,33,5,2,677,475,1229
,320004,33,5,2,380,452,1099
,320005,33,5,2,328,373,1156
,320006,33,5,2,162,239,1117
,320007,33,5,2,220,381,1037
,326001,38,5,2,265,413,955
,326002,38,5,2,69,59,82
,326003,38,5,2,413,451,1230
,326004,38,5,2,368,307,804
,326005,38,5,2,122,181,527
,326006,38,5,2,50,92,179
,326007,38,5,2,85,132,359
,326008,38,5,2,261,290,869
,326009,38,5,2,595,470,1314
,326010,38,5,2,78,158,542
,326011,38,5,2,62,113,422
,326012,38,5,2,852,420,861
,326013,38,5,2,721,472,745
,326014,38,5,2,98,122,476
,326015,38,5,2,162,284,1040
,326016,38,5,2,262,398,1308
,326017,38,5,2,65,103,233
,326018,38,5,2,811,441,992
,329001,39,5,2,1903,947,2664
,329002,39,5,2,26,57,233
,329003,39,5,2,27,50,235
,329004,39,5,2,403,468,1624
,329005,39,5,2,38,103,386
,329006,39,5,2,1057,580,1376
,329008,39,5,2,60,105,429
,329009,39,5,2,41,92,374
,329010,39,5,2,46,85,398
,329011,39,5,2,47,64,194
,329012,39,5,2,33,64,340
,329013,39,5,2,83,92,392
,329014,39,5,2,42,83,248
,330001,40,5,2,148,293,959
,330003,40,5,2,116,115,506
,330004,40,5,2,99,164,542
,330005,40,5,2,1333,781,1847
,330006,40,5,2,1452,677,1581
,330007,40,5,2,124,182,733
,330008,40,5,2,139,246,1050
,330009,40,5,2,1150,615,1638
,330010,40,5,2,118,157,492
,330011,40,5,2,1081,983,2230
,330012,40,5,2,0,0,0
,330013,40,5,2,91,109,392
,330017,40,5,2,0,0,0
,330019,40,5,2,3125,1303,2507
,330021,40,5,2,686,558,1748
,330022,40,5,2,1588,702,1927
,330024,40,5,2,54,99,384
,330025,40,5,2,153,323,974
,336001,33,5,2,403,476,1626
,336002,33,5,2,382,613,2146
,336003,33,5,2,706,561,1548
,336004,33,5,2,269,377,1136
,340001,39,5,2,598,554,1584
,340002,39,5,2,169,188,563
,340004,39,5,2,72,157,553
,340005,39,5,2,908,627,1265
,340006,39,5,2,373,403,1393
,340008,39,5,2,311,344,1162
,340010,39,5,2,386,509,1524
,350001,34,5,2,299,344,1142
,350002,34,5,2,135,190,771
,350003,34,5,2,70,139,505
,350004,34,5,2,45,94,445
,350005,34,5,2,51,73,347
,350006,34,5,2,466,320,1267
,350008,34,5,2,144,155,855
,350009,34,5,2,128,211,841
,350011,34,5,2,191,151,793
,350012,34,5,2,135,207,909
,360001,29,5,2,68,101,212
,360003,29,5,2,382,303,644
,360008,29,5,2,118,113,256
,360011,29,5,2,339.84,227.35,601.02
,360013,29,5,2,1138,796,1685
,360014,29,5,2,0,0,0
,360019,29,5,2,297,373,870
,360020,29,5,2,2004,913,1927
,360021,29,5,2,763.99,487.63,1230.88
,360026,29,5,2,60.17,79.02,132.10
,360027,29,5,2,76,71,121
,360028,29,5,2,0,0,0
,360029,29,5,2,236,267,642
,360035,29,5,2,245,323,724
,360036,29,5,2,454,385,957
,360037,29,5,2,393,211,331
,370001,32,5,2,452,449,1164
,370002,32,5,2,50,94,287
,370003,32,5,2,136,220,557
,370004,32,5,2,154,171,817
,370005,32,5,2,32,81,298
,370006,32,5,2,131,223,727
,370007,32,5,2,69,144,485
,370008,32,5,2,367,400,1482
,370009,32,5,2,85,116,428
,370010,32,5,2,105,145,454
,370011,32,5,2,278,296,887
,370012,32,5,2,29,34,168
,370014,32,5,2,260,346,1131
,370020,32,5,2,640,391,1274
,370021,32,5,2,1086,536,656
,370022,32,5,2,2003,1044,2105
,370023,32,5,2,872,622,1545
,370024,32,5,2,880,713,1639
,370026,32,5,2,281,288,977
,370027,32,5,2,655,541,1611
,370028,32,5,2,1044,568,1069
,370029,32,5,2,40,54,271
,370031,32,5,2,106,175,557
,370032,32,5,2,196,332,772
,376001,30,5,2,1431,631,872
,376002,30,5,2,815,477,926
,376003,30,5,2,706,357,975
,376004,30,5,2,917,508,1061
,376005,30,5,2,105,236,832
,376006,30,5,2,174,185,531
,376007,30,5,2,345,334,1003
,376008,30,5,2,367,349,813
,376009,30,5,2,124,196,442
,376010,30,5,2,415,334,844
,376011,30,5,2,145,237,675
,376012,30,5,2,213,255,764
,376013,30,5,2,914,664,1382
,376014,30,5,2,134,187,462
,376015,30,5,2,77,115,343
,376016,30,5,2,525,502,936
,376017,30,5,2,217,309,905
,376018,30,5,2,151,197,572
,376019,30,5,2,234,420,1078
,376020,30,5,2,239,208,304
,390001,31,5,2,1293,661,1175
,390002,31,5,2,739,542,964
,390003,31,5,2,245,263,851
,390004,31,5,2,204,251,787
,390005,31,5,2,91,123,332
,390006,31,5,2,220,361,1104
,390007,31,5,2,161,198,584
,390008,31,5,2,821,766,1365
,390009,31,5,2,197,191,411
,390010,31,5,2,195,268,618
,390011,31,5,2,85,151,340
,390012,31,5,2,635,549,1078
,390013,31,5,2,74,118,342
,390014,31,5,2,50,104,233
,390015,31,5,2,166,182,527
,390016,31,5,2,176,281,607
,390017,31,5,2,135,184,588
,400001,28,4,1,462,381,909
,400002,28,4,1,310,319,816
,400003,28,4,1,226,238,602
,400004,28,4,1,727,484,1117
,400005,28,4,1,153,194,470
,400006,28,4,1,591,529,1469
,400007,27,4,1,186,254,759
,400008,27,4,1,2799,1424,3417
,400009,27,4,1,323,342,773
,410001,45,6,2,1030,912,1730
,410002,45,6,2,586,565,1999
,410003,45,6,2,186,325,1405
,410004,45,6,2,172,269,917
,410005,45,6,2,105,120,472
,410006,45,6,2,350,334,1070
,410007,45,6,2,79,138,575
,410008,45,6,2,291,290,856
,410009,45,6,2,221,259,760
,410010,45,6,2,179,242,747
,410011,45,6,2,74,140,496
,411001,28,4,1,0,0,0
,420001,44,6,2,1114,791,1771
,420002,44,6,2,93,161,586
,420003,44,6,2,34,68,256
,420004,44,6,2,40,59,282
,420005,44,6,2,444,331,1137
,420006,44,6,2,17,69,239
,420007,44,6,2,54,97,402
,420008,44,6,2,339,310,866
,420009,44,6,2,86,98,298
,420010,44,6,2,48,73,294
,420011,44,6,2,396,532,1748
,420012,44,6,2,37,81,244
,420013,44,6,2,319,341,924
,420014,44,6,2,34,66,217
,420015,44,6,2,46,137,548
,420016,44,6,2,160,168,555
,420017,44,6,2,172,195,748
,420018,44,6,2,126,130,478
,430001,48,6,2,70,135,501
,430002,48,6,2,134,130,376
,430003,48,6,2,130,211,590
,430004,48,6,2,64,115,301
,430005,48,6,2,0,0,0
,430007,48,6,2,1221,987,2132
,430008,48,6,2,132,204,593
,430009,48,6,2,176,211,572
,430010,48,6,2,0,0,0
,430011,48,6,2,149,217,639
,430012,48,6,2,146,196,496
,430013,48,6,2,61,117,440
,430014,48,6,2,80,129,427
,430015,48,6,2,898,723,2086
,430016,48,6,2,56,87,326
,430017,48,6,2,195,224,569
,430018,48,6,2,265,216,635
,430019,48,6,2,157,258,662
,430020,48,6,2,207,284,1153
,430021,48,6,2,143,153,570
,430022,48,6,2,188,357,1369
,440001,46,6,2,103,231,597
,440002,46,6,2,965,715,1798
,440003,46,6,2,105,175,679
,440004,46,6,2,87,151,659
,440005,46,6,2,411,385,1295
,440006,46,6,2,674,571,1620
,450001,46,6,2,92,149,504
,450002,46,6,2,1533,829,2338
,450003,46,6,2,1150,764,1600
,450004,46,6,2,216,234,647
,450005,46,6,2,52,97,308
,450006,46,6,2,280,259,818
,450007,46,6,2,18,34,157
,450008,46,6,2,17,53,180
,450009,46,6,2,48,67,271
,450010,46,6,2,248,211,481
,450011,46,6,2,74,110,420
,450012,46,6,2,62,93,388
,450013,46,6,2,52,82,367
,461001,41,6,2,4074,1191,1712
,461002,41,6,2,2325,1099,2279
,461003,41,6,2,1021,384,809
,461004,41,6,2,2817,981,1725
,461005,41,6,2,1844,731,1650
,461006,41,6,2,132,209,843
,461007,41,6,2,693,493,1630
,461009,41,6,2,328,266,1023
,461011,42,6,2,4087,981,1795
,461012,42,6,2,2851,1157,1941
,461013,42,6,2,67,87,358
,461014,42,6,2,716,658,1761
,461016,42,6,2,346,365,1160
,461017,42,6,2,641,541,1776
,461018,42,6,2,496,532,1629
,461019,42,6,2,614,448,1289
,461020,42,6,2,244,354,1397
,461021,42,6,2,165,187,898
,461023,43,6,2,3934,1319,2063
,461024,43,6,2,387,336,1548
,461025,43,6,2,2399,849,1733
,461026,43,6,2,933,963,3015
,461028,43,6,2,273,428,1583
,461029,43,6,2,789,513,1600
,461030,43,6,2,1334,855,2189
,461031,43,6,2,266,257,1027
,461032,43,6,2,74,87,260
,461033,43,6,2,492,426,1490
,461035,41,6,2,2089,594,1754
,461036,41,6,2,1198,462,946
,479001,47,6,2,3345,1584,3051
,479002,47,6,2,693,369,792
,479003,47,6,2,1388,692,1606
,479004,47,6,2,62.41,109.50,365.93
,479005,47,6,2,223,370,1226
,479006,47,6,2,0,0,0
,479007,47,6,2,121,203,785
,479008,47,6,2,47.59,83.50,279.07
,479009,47,6,2,206,208,780
,479010,47,6,2,189,286,1090
,479011,47,6,2,215,288,817
,479014,47,6,2,68,109,402
,479016,47,6,2,181,160,556
,479017,47,6,2,267,227,709
,479019,47,6,2,177,221,821
,479021,47,6,2,98,117,351
,479023,47,6,2,131,128,456
,479025,47,6,2,149,176,377
,479027,47,6,2,184,158,521
,480001,45,6,2,642,667,1591
,480002,45,6,2,55,114,261
,480003,45,6,2,125,313,1002
,480004,45,6,2,662,625,1831
,480005,45,6,2,33,95,367
,480006,45,6,2,76,123,422
,480007,45,6,2,69,133,381
,480008,45,6,2,108,157,884
,480009,45,6,2,94,128,449
,480010,45,6,2,428,404,1200
,482001,47,6,2,103.19,106.94,279.13
,482002,47,6,2,311.91,281.96,677.04
,482005,47,6,2,985.91,681.10,1412.83
,482007,47,6,2,196.56,223.98,578.25
,482011,47,6,2,210.44,218.02,389.75
,492001,48,6,2,689,282,625
,492002,48,6,2,367,257,538
,492003,48,6,2,132,181,277
,510001,61,7,2,2073.77,1416.46,2177.54
,510002,61,7,2,964,716,1719
,510003,61,7,2,550.40,467.90,1123.15
,510004,61,7,2,47.96,82.89,357.72
,510005,61,7,2,51.01,87.34,348.54
,510006,61,7,2,99.03,151.93,583.55
,510007,61,7,2,0,0,0
,510008,61,7,2,113.54,164.56,496.52
,510009,61,7,2,82,154,887
,510010,61,7,2,73.46,144.44,482.48
,510011,61,7,2,86.33,118.37,343.97
,510012,61,7,2,29.57,68.98,285.32
,510013,61,7,2,71.82,119.64,454.32
,510014,61,7,2,101.10,172.65,632.71
,510015,61,7,2,65,109,406
,510016,61,7,2,51,101,304
,510017,61,7,2,990.79,785.23,1892.72
,510018,61,7,2,159.20,216.60,720.46
,510019,61,7,2,46,102,359
,510020,61,7,2,326.55,353.73,906.64
,510021,61,7,2,50.43,94.10,226.50
,510022,61,7,2,16.02,36.17,148.86
,530001,55,7,2,591,674,1936
,530002,55,7,2,163,252,667
,530003,55,7,2,141,185,613
,530004,55,7,2,74,100,285
,530005,55,7,2,42,86,286
,530006,55,7,2,1095,1081,3018
,530007,55,7,2,115,223,585
,540001,49,7,2,748,629,1492
,540002,49,7,2,281,262,752
,540003,49,7,2,306,361,995
,540004,49,7,2,152,203,734
,540005,49,7,2,401,381,1057
,540006,49,7,2,214,278,988
,540007,49,7,2,139,256,741
,540008,49,7,2,32,48,176
,540009,49,7,2,1213,956,2342
,540010,49,7,2,1599,840,1881
,540011,49,7,2,1825,1059,1556
,540012,49,7,2,465,482,1766
,540013,49,7,2,160,230,988
,540014,49,7,2,88,134,539
,540015,49,7,2,318,357,1362
,540016,49,7,2,786,860,2235
,540017,49,7,2,36,75,285
,550001,51,7,2,147,175,542
,550002,51,7,2,38,86,212
,550003,51,7,2,21,45,172
,550004,51,7,2,184,215,458
,550007,51,7,2,32,63,165
,550008,51,7,2,49,107,335
,550012,51,7,2,374,398,876
,550014,51,7,2,89,92,389
,550015,51,7,2,76,67,214
,550016,51,7,2,26,72,281
,550017,51,7,2,146,197,602
,550018,51,7,2,35,81,231
,550019,51,7,2,22,54,159
,550021,51,7,2,47,70,192
,550023,51,7,2,373,401,1121
,550024,51,7,2,55,103,307
,550025,51,7,2,1317,985,2013
,550027,51,7,2,38,102,322
,550029,51,7,2,63,97,287
,550051,51,7,2,39,87,171
,550061,51,7,2,424,427,975
,550071,51,7,2,30,45,190
,561002,52,7,2,3682,1891,2371
,561003,52,7,2,1001,402,417
,561004,52,7,2,816,590,1015
,561005,52,7,2,1277,654,1547
,561006,52,7,2,1254,622,1530
,561007,52,7,2,908,386,1238
,561008,53,7,2,60,148,671
,561011,52,7,2,514,377,1108
,561012,53,7,2,157,168,1038
,561015,52,7,2,608,491,2084
,561016,53,7,2,426,618,2329
,561017,53,7,2,28,77,489
,561020,53,7,2,180,231,1031
,561021,52,7,2,857,303,850
,561022,52,7,2,350,290,877
,561023,52,7,2,398,400,1037
,561024,53,7,2,201,252,1209
,561025,53,7,2,847,857,3004
,561028,53,7,2,1428,1166,2964
,561032,53,7,2,85,174,600
,561033,53,7,2,144,235,803
,561035,53,7,2,0,0,0
,561038,53,7,2,84,149,472
,561040,53,7,2,249,302,1044
,563001,52,7,2,533,259,752
,563002,52,7,2,58,54,90
,573001,54,7,2,1803,1556,3756
,573004,54,7,2,48,80,341
,573005,54,7,2,46,79,226
,573006,54,7,2,29,57,263
,573007,54,7,2,39,107,487
,573008,54,7,2,46,82,352
,573009,54,7,2,42,89,413
,573010,54,7,2,77,107,391
,573013,54,7,2,221,278,618
,573014,54,7,2,35,81,248
,573015,54,7,2,95,151,472
,573018,54,7,2,264,360,1079
,573019,54,7,2,38,61,180
,573022,54,7,2,45,98,367
,573023,54,7,2,118,156,467
,573024,54,7,2,31,64,193
,573026,54,7,2,43,113,450
,573027,54,7,2,80,86,304
,573028,54,7,2,72,129,398
,573030,54,7,2,492,544,1656
,573031,54,7,2,155,166,580
,573032,54,7,2,144,166,509
,573033,54,7,2,40,76,247
,575001,55,7,2,513,496,1547
,575002,55,7,2,45,76,238
,575003,55,7,2,344,351,1019
,575004,55,7,2,49,83,349
,575005,55,7,2,73,102,362
,575006,55,7,2,25,58,176
,575007,55,7,2,352,396,922
,575008,55,7,2,44,86,277
,575009,55,7,2,154,220,754
,575010,55,7,2,31,54,215
,575011,55,7,2,130,169,501
,575012,55,7,2,21,49,139
,575013,55,7,2,25,68,231
,575014,55,7,2,1135,1008,2414
,575015,55,7,2,15,42,216
,575016,55,7,2,141,202,982
,575017,55,7,2,47,109,461
,575018,55,7,2,75,109,449
,575019,55,7,2,130,179,618
,580001,50,7,2,39,66,261
,580002,50,7,2,44,85,269
,580003,50,7,2,637,646,1904
,580004,50,7,2,207,341,1358
,580005,50,7,2,71,148,589
,580006,50,7,2,49,96,261
,580007,50,7,2,110,189,668
,580008,50,7,2,106,179,736
,580009,50,7,2,118,201,653
,580010,50,7,2,85,123,360
,580011,50,7,2,203,289,720
,580012,50,7,2,410,397,907
,580013,50,7,2,122,201,667
,580014,50,7,2,296,446,1266
,580015,50,7,2,573,649,1382
,580016,50,7,2,1707,1295,2202
,580017,50,7,2,495,469,1084
,580018,50,7,2,412,296,822
,607001,58,7,2,2288,1463,3455
,607002,58,7,2,42,104,472
,607003,58,7,2,458,728,2945
,607004,58,7,2,34,70,240
,607005,58,7,2,217,422,1666
,607006,58,7,2,1730,1031,2644
,607007,58,7,2,52,135,613
,607008,58,7,2,1835,977,1156
,615001,71,8,3,1662,842,1283
,615002,71,8,3,1541,737,1376
,615003,71,8,3,2933,1278,1881
,615004,71,8,3,0,0,0
,615005,71,8,3,1097,701,1312
,615006,71,8,3,440,668,2978
,615007,71,8,3,238,359,1771
,615008,71,8,3,91,161,1066
,615009,71,8,3,148,189,979
,615010,71,8,3,170,193,1027
,615011,71,8,3,250,437,2014
,615012,71,8,3,101,203,1250
,615013,71,8,3,526,502,1250
,615014,71,8,3,50,126,546
,615015,71,8,3,32,100,345
,615016,71,8,3,183,305,1029
,615017,71,8,3,195,211,842
,615018,71,8,3,213,292,1017
,615019,71,8,3,89,167,507
,615020,71,8,3,11,40,227
,615021,71,8,3,901,198,431
,615022,71,8,3,21,59,150
,621001,59,7,2,1838,946,1486
,621002,59,7,2,1190,552,1084
,621003,59,7,2,921,539,1465
,621004,59,7,2,409,713,2574
,621005,59,7,2,305,399,1584
,621006,59,7,2,175,324,1515
,621007,59,7,2,325,413,1724
,621008,60,7,2,1943,930,1140
,621009,60,7,2,1390,964,2122
,621010,60,7,2,365,430,1801
,621011,60,7,2,170,278,1480
,621012,60,7,2,191,350,1354
,621013,60,7,2,191,204,929
,621014,60,7,2,611,630,2060
,621015,60,7,2,470,617,2024
,630001,57,7,2,404,214,907
,630002,57,7,2,461,505,1854
,630003,57,7,2,59,155,663
,630004,57,7,2,96,150,696
,630005,57,7,2,82,149,579
,630006,57,7,2,328,308,1023
,630007,57,7,2,28,66,300
,630008,57,7,2,95,120,611
,630009,57,7,2,3961,2007,3010
,630010,57,7,2,51,84,384
,630011,57,7,2,362,347,1390
,630012,57,7,2,266,273,1060
,630013,57,7,2,462,340,801
,630014,57,7,2,466,299,732
,630015,57,7,2,1261,742,871
,630016,56,7,2,58,114,781
,630017,56,7,2,600,628,1616
,630018,56,7,2,164,179,665
,630019,56,7,2,100,104,380
,630020,56,7,2,93,93,333
,630021,56,7,2,29,85,319
,630022,56,7,2,16,25,161
,630023,56,7,2,89,134,461
,630024,56,7,2,364,394,1171
,630025,56,7,2,55,124,534
,630026,56,7,2,48,108,463
,630027,56,7,2,123,160,644
,630028,56,7,2,55,126,492
,630029,56,7,2,72,142,457
,630030,56,7,2,728,473,1894
,630031,56,7,2,56,96,637
,630032,56,7,2,502,647,2620
,630033,56,7,2,317,290,662
,630034,56,7,2,232,361,1279
,657001,80,9,3,5022,3171,5849
,657002,80,9,3,97,135,384
,657005,80,9,3,250,313,949
,657006,80,9,3,44,95,285
,657007,80,9,3,255,373,1904
,657008,80,9,3,188,242,653
,657009,80,9,3,39,101,289
,657011,80,9,3,15,54,241
,657013,81,9,3,327,340,1146
,657014,81,9,3,32,75,235
,657015,81,9,3,251,134,461
,657016,81,9,3,81,116,316
,657017,81,9,3,828,710,2380
,657018,81,9,3,26,52,219
,657019,81,9,3,35,67,294
,657020,81,9,3,23,47,137
,657021,81,9,3,20,77,267
,657022,81,9,3,34,79,293
,657023,81,9,3,272,369,1530
,657024,81,9,3,275,421,1395
,657025,81,9,3,63,83,366
,657026,81,9,3,446,464,1730
,657027,81,9,3,364,402,1230
,657028,81,9,3,24,37,150
,657029,81,9,3,73,110,500
,657030,81,9,3,71,96,342
,661001,82,9,3,2805,2030,4411
,661002,82,9,3,145,255,1613
,661003,82,9,3,105,158,659
,661004,82,9,3,188,236,1360
,661005,82,9,3,1692,1298,3559
,661006,82,9,3,490,492,1613
,661007,82,9,3,116,197,565
,661008,82,9,3,312,320,892
,661009,82,9,3,189,215,531
,661010,82,9,3,88,135,323
,665001,73,9,3,905,797,1781
,665002,73,9,3,176,227,719
,665003,73,9,3,97,203,634
,665004,73,9,3,115,193,578
,665005,73,9,3,110,138,376
,665006,73,9,3,85,123,407
,665007,73,9,3,268,180,515
,665008,73,9,3,146,169,498
,671001,73,9,3,1402,842,2047
,671002,73,9,3,256,261,583
,671003,73,9,3,75,128,508
,671004,73,9,3,78,171,541
,671005,73,9,3,109,147,587
,671006,73,9,3,85,178,630
,671007,73,9,3,310,331,847
,706001,66,8,3,939,1090,2466
,706002,66,8,3,243,451,1117
,706003,66,8,3,173,264,615
,706004,66,8,3,285,295,965
,706005,66,8,3,399,420,1312
,706006,66,8,3,565,616,2237
,706007,66,8,3,205,337,1038
,706008,66,8,3,502,715,2299
,707001,66,8,3,1402,1036,2540
,707002,66,8,3,0,0,0
,707003,66,8,3,169,278,725
,707004,66,8,3,1325,809,1641
,707005,66,8,3,329,470,1104
,707006,66,8,3,168,231,618
,707007,66,8,3,314,359,855
,707008,66,8,3,236,253,715
,707009,66,8,3,300,377,1205
,707010,66,8,3,114,228,504
,710001,69,8,3,462,404,1591
,710002,69,8,3,302,305,1067
,710003,69,8,3,56,113,685
,710004,69,8,3,770,712,2063
,710005,69,8,3,62,134,632
,710006,69,8,3,333,347,1340
,710007,69,8,3,248,295,1233
,710008,69,8,3,63,108,528
,710009,69,8,3,260,392,1178
,710010,69,8,3,209,304,1099
,710011,69,8,3,94,167,607
,710012,69,8,3,95,150,904
,710013,69,8,3,69,101,362
,710014,69,8,3,29,81,364
,727001,70,8,3,1621,1201,3493
,727002,70,8,3,13,29,141
,727003,70,8,3,48,145,542
,727004,70,8,3,42,101,398
,727005,70,8,3,115,166,621
,727006,70,8,3,57,93,320
,727007,70,8,3,39,102,412
,727008,70,8,3,52,100,374
,727009,70,8,3,0,0,0
,727010,70,8,3,0,0,0
,730001,68,8,3,329,288,846
,730002,68,8,3,92,200,901
,730004,68,8,3,25,81,262
,730005,67,8,3,139,149,441
,730006,67,8,3,81,136,323
,730007,67,8,3,124,139,404
,730008,67,8,3,172,206,773
,730009,67,8,3,52,106,496
,730010,67,8,3,83,144,411
,730011,67,8,3,520.81,401.01,1378.28
,730012,67,8,3,111,178,902
,730013,67,8,3,151,248,1274
,730014,67,8,3,115,195,804
,730015,67,8,3,41,54,276
,730016,68,8,3,85,96,326
,730017,68,8,3,83,130,375
,730021,68,8,3,89,176,773
,730024,68,8,3,1659.19,798.99,976.72
,730025,68,8,3,976,547,763
,730026,67,8,3,1036,714,1338
,730027,67,8,3,1267,640,1115
,730028,68,8,3,1650,649,784
,730029,67,8,3,1212,733,1633
,730030,67,8,3,946,463,813
,730031,68,8,3,782,725,2229
,730032,68,8,3,646,464,1065
,730033,68,8,3,227,225,593
,730034,68,8,3,108,176,1105
,730036,68,8,3,214,293,1283
,730037,68,8,3,42,84,299
,740001,77,9,3,201,346,964
,740002,77,9,3,161,212,891
,740003,77,9,3,119,204,602
,740004,77,9,3,109,163,584
,740005,77,9,3,53,113,386
,740006,77,9,3,585,497,2013
,740007,77,9,3,646,607,1540
,740008,77,9,3,89,104,358
,740009,77,9,3,38,103,407
,740010,77,9,3,79,132,439
,740011,77,9,3,118,154,563
,740012,77,9,3,24,65,297
,740013,77,9,3,189,279,1296
,740014,77,9,3,55,76,323
,740015,77,9,3,68,103,514
,740016,77,9,3,180,244,853
,740017,77,9,3,66,115,383
,740018,77,9,3,56,105,562
,740021,78,9,3,162,262,1399
,740022,78,9,3,122,203,620
,740023,78,9,3,136,248,1530
,740024,78,9,3,21,83,358
,740025,78,9,3,27,55,140
,740026,78,9,3,556,363,575
,740027,78,9,3,185,274,1011
,740028,78,9,3,716,540,1022
,740029,78,9,3,1152,706,1683
,740030,78,9,3,247,277,1075
,740031,78,9,3,2115,1251,2034
,740032,78,9,3,171,257,1015
,741001,70,8,3,458,408,866
,741002,70,8,3,55,83,107
,746001,70,8,3,85,169,694
,746002,70,8,3,372,471,1765
,746003,70,8,3,73,107,575
,746004,70,8,3,553,529,2590
,746005,70,8,3,145,251,1058
,746006,70,8,3,1436,1029,2452
,746007,70,8,3,576,470,1969
,746008,70,8,3,495,481,2116
,746009,70,8,3,161,294,1521
,746010,70,8,3,160,259,1405
,746011,70,8,3,49,132,650
,746012,70,8,3,58,116,686
,751001,62,8,3,5094,1642,2507
,751002,62,8,3,2981,900,855
,751003,62,8,3,1484,802,2008
,751004,62,8,3,997,449,1311
,751006,62,8,3,974,772,2738
,751007,62,8,3,1183,496,1650
,751008,63,8,3,3442,1237,2300
,751009,62,8,3,400,336,1297
,751010,65,8,3,3098.49,633.09,1172.74
,751011,62,8,3,395,452,1545
,751012,62,8,3,272,317,1624
,751013,62,8,3,289,339,1661
,751014,62,8,3,1009.85,206.89,391.02
,751016,63,8,3,20,52,233
,751018,63,8,3,619,514,2037
,751019,63,8,3,422,390,1415
,751020,65,8,3,2003.86,396.83,557.04
,751021,65,8,3,4565.80,904.19,1269.21
,751022,64,8,3,660,304,1005
,751023,64,8,3,1894,569,1969
,751024,64,8,3,656,649,2185
,751025,63,8,3,1863,507,1377
,751026,63,8,3,1249,346,1390
,751027,63,8,3,2888,592,816
,751028,63,8,3,1407,714,2218
,751030,63,8,3,281,292,1342
,751031,63,8,3,10,55,206
,751033,63,8,3,259,294,1127
,751041,65,8,3,3093,615,977
,751042,64,8,3,4213,1171,1813
,751043,64,8,3,2990,778,981
,751044,64,8,3,225,115,371
,751045,64,8,3,673,620,2853
,751047,65,8,3,941,826,3235
,751048,65,8,3,343,282,1029
,751049,65,8,3,470,492,1389
,751050,65,8,3,298,433,1572
,751051,65,8,3,649,608,2566
,751053,64,8,3,309,263,931
,751055,64,8,3,66,84,323
,751056,64,8,3,75,137,576
,751061,65,8,3,4271,1172,1776
,751062,63,8,3,801,309,862
,751063,63,8,3,3334,783,2169
,751064,63,8,3,1643,591,1569
,751065,65,8,3,1116,738,2136
,751066,62,8,3,818,590,1591
,751067,64,8,3,2011,441,924
,751068,64,8,3,728,276,721
,756001,79,9,3,180,257,685
,756002,79,9,3,52,87,328
,756003,79,9,3,193,255,673
,756004,79,9,3,82,86,294
,756005,79,9,3,828,785,2315
,756006,79,9,3,41,69,277
,756007,79,9,3,1698,1430,4528
,756008,79,9,3,31,83,314
,756009,79,9,3,237,330,1026
,756010,79,9,3,153,220,892
,760001,83,9,3,502.12,553.71,1465.59
,760002,83,9,3,64,140,406
,760004,83,9,3,82.21,103.41,293.87
,760007,83,9,3,136.67,242.89,652.54
,760010,83,9,3,269,327,947
,760012,83,9,3,38,128,366
,760014,83,9,3,1146,985,2467
,760016,83,9,3,65,137,442
,760021,83,9,3,175,192,617
,760022,83,9,3,142,258,663
,760024,83,9,3,942,837,2131
,760025,83,9,3,83,124,371
,760027,83,9,3,120,198,722
,760028,83,9,3,62,95,363
,760030,83,9,3,435,529,1380
,760032,83,9,3,95,122,388
,760033,83,9,3,101,182,744
,760035,83,9,3,232,319,1108
,766001,72,8,3,613,627,2482
,766002,72,8,3,334,340,1211
,766003,72,8,3,79,126,628
,766004,72,8,3,71,123,481
,766005,72,8,3,20,50,179
,766006,72,8,3,25,84,434
,766007,72,8,3,489,573,1470
,766010,72,8,3,72,143,511
,766011,72,8,3,56,108,439
,766012,72,8,3,247,176,507
,766013,72,8,3,81,161,525
,766014,72,8,3,85,122,442
,766015,72,8,3,93,222,698
,766017,72,8,3,141,213,805
,766020,72,8,3,78,134,577
,766021,72,8,3,281,348,848
,766022,72,8,3,125,137,459
,766023,72,8,3,71,98,373
,766024,72,8,3,37,63,315
,773001,87,10,3,105,179,383
,773002,87,10,3,236.03,409.68,1292.19
,773003,87,10,3,167.71,227.06,774.76
,773004,87,10,3,121,223,580
,773005,87,10,3,1615.27,1160.26,2462.05
,779020,74,9,3,58,112,237
,779021,74,9,3,3381,2477,5530
,779022,74,9,3,270,462,1631
,779023,74,9,3,213,293,1074
,779024,74,9,3,233,393,1104
,779025,74,9,3,286,364,926
,779026,74,9,3,313,354,1113
,779027,74,9,3,231,302,933
,787001,87,10,3,2158.92,1473.64,3766.69
,787002,87,10,3,271.22,348.36,1000.83
,787003,87,10,3,494.78,478.49,1152.39
,787004,87,10,3,308.61,280.07,797.54
,787005,87,10,3,209.92,233.27,887.16
,787006,87,10,3,73,109,332
,787007,87,10,3,150.55,220.47,532.35
,787008,87,10,3,165.65,206.59,537.78
,787009,87,10,3,79.28,107.82,520.81
,787010,87,10,3,130,105,359
,787011,87,10,3,78.59,88.90,282.15
,787012,87,10,3,197.02,223.45,622.48
,787013,87,10,3,102.45,113.93,323.83
,787014,87,10,3,66,62,398
,787015,87,10,3,91,100,277
,791001,75,9,3,243,346,912
,791002,75,9,3,85,263,1046
,791003,75,9,3,334,420,925
,791004,75,9,3,151,317,1037
,791005,75,9,3,115,185,712
,791006,75,9,3,250,303,952
,791007,75,9,3,112,196,667
,791008,75,9,3,5274,3182,6873
,791009,76,9,3,941,944,2777
,791011,76,9,3,134,216,692
,791012,76,9,3,321,419,1341
,791013,76,9,3,1050,1147,3669
,791014,76,9,3,178,267,1074
,791015,76,9,3,208,279,989
,791016,76,9,3,252,338,1097
,791017,76,9,3,212,283,940
,810001,86,10,3,64,100,233
,810002,86,10,3,209,218,477
,810003,86,10,3,409,487,1419
,810004,86,10,3,78,124,389
,810005,86,10,3,309,330,1342
,810006,86,10,3,81,175,590
,810010,86,10,3,1762,1257,3377
,810034,86,10,3,36,40,202
,810040,86,10,3,46,94,370
,810050,86,10,3,80,126,462
,810056,86,10,3,43,52,194
,810070,86,10,3,180,217,690
,810080,86,10,3,42,67,258
,813001,84,10,3,1376,838,2037
,813002,84,10,3,189,200,519
,813003,84,10,3,63,102,270
,813004,84,10,3,66,121,519
,813005,84,10,3,208,185,740
,813006,84,10,3,4284,2503,5757
,813007,84,10,3,97,139,572
,813008,84,10,3,43,152,632
,813009,84,10,3,1028,1007,2801
,813010,84,10,3,132,101,301
,813011,84,10,3,48,76,238
,813012,84,10,3,51,78,216
,813013,84,10,3,106,206,572
,813014,84,10,3,45,69,205
,813015,84,10,3,201,213,637
,820001,88,10,3,419,438,1059
,820002,88,10,3,472,507,1351
,820003,88,10,3,43,67,232
,820004,88,10,3,1014,930,2567
,820005,88,10,3,152,143,471
,820006,88,10,3,40,93,336
,820007,88,10,3,169,191,511
,820008,88,10,3,129,203,492
,820009,88,10,3,73,97,331
,820010,88,10,3,653,587,1324
,820011,88,10,3,198,201,469
,820012,88,10,3,70,109,407
,820013,88,10,3,72,108,288
,820014,88,10,3,37,69,247
,825015,84,10,3,311,242,447
,840001,88,10,3,533,664,2818
,840002,88,10,3,331,339,1177
,840003,88,10,3,177,223,657
,840004,88,10,3,160,238,814
,840005,88,10,3,196,276,820
,840006,88,10,3,89,129,384
,840007,88,10,3,52,117,612
,840008,88,10,3,97,176,452
,840009,88,10,3,45,91,266
,840010,88,10,3,69,148,448
,840011,88,10,3,26,53,217
,846002,89,10,3,149,264,664
,846003,89,10,3,429,398,1117
,846004,89,10,3,378,349,1042
,846008,89,10,3,90,188,649
,846009,89,10,3,108,212,680
,846011,89,10,3,787,670,1874
,846014,89,10,3,89,116,305
,846018,89,10,3,232,335,688
,846020,89,10,3,106,243,1085
,846022,89,10,3,114,200,642
,846027,89,10,3,1616,1229,2827
,849001,86,10,3,527,463,1808
,849002,86,10,3,104,131,576
,849003,86,10,3,65,96,510
,849004,86,10,3,98,104,364
,849005,86,10,3,52,96,370
,849006,86,10,3,56,91,187
,849007,86,10,3,47,68,157
,849008,86,10,3,466,275,768
,849009,86,10,3,82,142,403
,849010,86,10,3,37,58,192
,849011,86,10,3,67,121,319
,849012,86,10,3,114,162,438
,849013,86,10,3,540,480,1098
,849014,86,10,3,94,133,386
,849015,86,10,3,33,80,313
,849016,86,10,3,59,117,338
,849018,86,10,3,551,578,1710
,849020,86,10,3,116,262,505
,849021,86,10,3,128,148,348
,851003,92,10,3,1810.68,821.35,1536.52
,851004,92,10,3,1412.32,640.65,1198.48
,851005,92,10,3,2024,1202,2418
,851007,92,10,3,187,237,865
,851009,92,10,3,186.80,206.72,927.79
,851010,92,10,3,235.20,260.28,1168.21
,851011,92,10,3,634,620,2040
,851012,92,10,3,1563.75,314.01,456.81
,851014,91,10,3,1687,629,657
,851015,91,10,3,3326,888,840
,851016,92,10,3,4163.25,835.99,1216.19
,851017,91,10,3,1384,832,1961
,851018,91,10,3,771,511,1433
,851019,91,10,3,722.93,702.07,2368.47
,851020,91,10,3,421.07,408.93,1379.53
,851022,91,10,3,137,336,1728
,851024,91,10,3,552,548,2103
,851027,90,10,3,3166.20,897.88,1255.11
,851028,90,10,3,2662.18,759.43,903.00
,851029,90,10,3,2151.18,867.84,1984.64
,851030,90,10,3,1682.86,451.89,969.35
,851031,90,10,3,1243,553,1978
,851032,90,10,3,423,335,1154
,851033,90,10,3,181,228,1511
,851034,90,10,3,381.02,453.41,2029.21
,851035,90,10,3,354,432,1723
,851036,90,10,3,1346.56,544.55,1249.68
,851038,91,10,3,83,203,1018
,851040,90,10,3,2180,676,1561
,851043,92,10,3,349,409,1738
,851044,92,10,3,479,515,1341
,851046,92,10,3,102,137,413
,851047,91,10,3,549,567,1879
,851052,91,10,3,110,183,640
,851056,90,10,3,195,197,571
,851058,90,10,3,195,297,720
,851061,90,10,3,283,359,1514
,860001,85,10,3,80,144,546
,860003,85,10,3,952,634,1410
,860004,85,10,3,1810,851,1316
,860006,85,10,3,98,167,534
,860007,85,10,3,164,178,460
,860008,85,10,3,144,209,449
,860011,85,10,3,277,338,951
,860012,85,10,3,80,147,561
,860013,85,10,3,64,153,513
,860014,85,10,3,85,209,471
,860015,85,10,3,515,559,1885
,860016,85,10,3,543,611,1942
,860018,85,10,3,817,637,1643
,860019,85,10,3,420,384,1159
,860020,85,10,3,60,93,351
,860021,85,10,3,322,314,791
,860022,85,10,3,428,321,977
,860023,85,10,3,58,86,361
,860026,85,10,3,101,142,331
,860027,85,10,3,41,78,320
,860028,85,10,3,82,128,464
