Gruppe;ValgstedId;KredsNr;StorKredsNr;LandsdelsNr;Kriminalitet C. Retsafgørelser_1. Skyldig
;101001;1;1;1;328
;101002;1;1;1;218
;101003;1;1;1;311
;101005;1;1;1;379
;101006;1;1;1;324
;101007;2;1;1;537
;101008;2;1;1;742
;101009;2;1;1;646
;101010;2;1;1;309
;101011;3;1;1;1686
;101012;3;1;1;195
;101013;3;1;1;382
;101014;3;1;1;403
;101016;4;1;1;461
;101017;4;1;1;662
;101018;4;1;1;297
;101019;4;1;1;311
;101020;5;1;1;268
;101021;5;1;1;422
;101022;5;1;1;331
;101023;5;1;1;210
;101024;5;1;1;260
;101025;5;1;1;402
;101027;6;1;1;527
;101028;6;1;1;344
;101029;6;1;1;203
;101030;6;1;1;534
;101031;7;1;1;147
;101032;7;1;1;446
;101033;7;1;1;255
;101034;7;1;1;379
;101035;7;1;1;469
;101036;7;1;1;346
;101039;7;1;1;146
;101040;7;1;1;148
;101041;7;1;1;428
;101042;8;1;1;325
;101043;8;1;1;332
;101044;8;1;1;444
;101046;8;1;1;397
;101047;8;1;1;222
;101048;8;1;1;334
;101049;9;1;1;198
;101050;9;1;1;331
;101051;9;1;1;550
;101052;9;1;1;290
;101053;9;1;1;272
;101054;9;1;1;163
;101055;9;1;1;455
;101056;1;1;1;207
;101057;2;1;1;351
;101058;5;1;1;602
;101059;6;1;1;399
;147001;10;1;1;277
;147002;10;1;1;240
;147003;10;1;1;261
;147004;10;1;1;306
;147005;11;1;1;514
;147006;11;1;1;316
;147007;11;1;1;409
;147008;11;1;1;224
;151001;20;2;1;208
;151002;20;2;1;357
;151003;20;2;1;78,99
;151004;20;2;1;245
;151005;20;2;1;113
;151006;20;2;1;230
;151008;20;2;1;122
;151009;20;2;1;95,01
;151010;20;2;1;90
;153001;18;2;1;164
;153002;18;2;1;277
;153003;18;2;1;150
;153004;18;2;1;339
;153005;18;2;1;452,69
;153006;18;2;1;421,31
;155001;12;1;1;141
;155004;12;1;1;230
;157001;13;2;1;202
;157002;13;2;1;121
;157003;13;2;1;216
;157004;13;2;1;266
;157005;13;2;1;190
;157006;13;2;1;193
;157007;13;2;1;229
;157008;13;2;1;166
;157009;13;2;1;246
;157010;13;2;1;160
;159001;15;2;1;197,89
;159002;15;2;1;287
;159003;15;2;1;319
;159004;15;2;1;369
;159005;15;2;1;364
;159006;15;2;1;177
;159007;15;2;1;156
;159008;15;2;1;149
;159009;15;2;1;222,11
;161001;20;2;1;90
;161002;20;2;1;149
;161003;20;2;1;204
;161004;20;2;1;179
;161005;20;2;1;44
;161006;20;2;1;145
;163001;16;2;1;406
;163002;16;2;1;185
;163003;16;2;1;343
;165001;19;2;1;208
;165002;19;2;1;163
;165003;19;2;1;263
;165004;19;2;1;340
;165005;19;2;1;320
;167001;17;2;1;127
;167002;17;2;1;137
;167003;17;2;1;219
;167004;17;2;1;245
;167005;17;2;1;171
;167006;17;2;1;226
;167007;17;2;1;282
;167008;17;2;1;387
;169001;19;2;1;290
;169002;19;2;1;225
;169004;19;2;1;265
;169006;19;2;1;427
;169007;19;2;1;251
;169008;19;2;1;255
;169009;19;2;1;95
;169010;19;2;1;183,87
;169012;19;2;1;168
;169013;19;2;1;39
;169014;19;2;1;112,13
;173001;14;2;1;200
;173002;14;2;1;178
;173003;14;2;1;164
;173004;14;2;1;142
;173005;14;2;1;55
;173006;14;2;1;130
;173007;14;2;1;89
;173008;14;2;1;171
;173009;14;2;1;179
;175001;16;2;1;122
;175002;16;2;1;187
;175003;16;2;1;237
;175004;16;2;1;239
;175005;16;2;1;262
;175006;16;2;1;252
;175007;16;2;1;114
;183001;18;2;1;86
;183002;18;2;1;158
;183003;18;2;1;294
;183004;18;2;1;408,30
;183005;18;2;1;230,70
;185001;12;1;1;181
;185002;12;1;1;166
;185003;12;1;1;200
;185004;12;1;1;231
;185005;12;1;1;150
;185006;12;1;1;357
;187001;18;2;1;348
;187002;18;2;1;99
;187003;18;2;1;194
;190001;25;3;1;278
;190002;25;3;1;93
;190003;25;3;1;96
;190004;25;3;1;30
;190005;25;3;1;134
;190006;25;3;1;222
;190007;25;3;1;280
;201001;26;3;1;73
;201002;26;3;1;112
;201003;26;3;1;112
;201004;26;3;1;141
;201005;26;3;1;118
;210001;22;3;1;199
;210002;22;3;1;112
;210003;22;3;1;167
;210004;22;3;1;118
;210005;22;3;1;416
;210007;22;3;1;146
;210008;22;3;1;41
;210009;22;3;1;145
;217001;21;3;1;309,71
;217002;21;3;1;455
;217003;21;3;1;373
;217004;21;3;1;117
;217005;21;3;1;136
;217006;21;3;1;56
;217007;21;3;1;66
;217008;21;3;1;41
;217009;21;3;1;154
;217010;21;3;1;117
;217011;21;3;1;175
;217012;21;3;1;93,29
;219001;23;3;1;325
;219002;23;3;1;136
;219003;23;3;1;21
;219004;23;3;1;27
;219005;23;3;1;67
;219006;23;3;1;131
;219007;23;3;1;51
;219008;23;3;1;35
;219009;23;3;1;98
;219010;23;3;1;250
;219011;23;3;1;80
;219012;23;3;1;130
;219013;23;3;1;49
;219014;23;3;1;35
;223001;22;3;1;170
;223002;22;3;1;165
;223003;22;3;1;139
;223004;22;3;1;18
;223005;22;3;1;181
;230001;26;3;1;173
;230003;26;3;1;171
;230004;26;3;1;122
;230005;26;3;1;213
;230006;26;3;1;82
;230007;26;3;1;255
;230008;26;3;1;148
;230009;26;3;1;137
;230010;26;3;1;240
;240001;25;3;1;46
;240002;25;3;1;254
;240003;25;3;1;190,90
;240004;25;3;1;67
;240005;25;3;1;85
;240006;25;3;1;51
;240007;25;3;1;212,28
;240008;25;3;1;203,67
;240009;25;3;1;155,15
;250001;24;3;1;322
;250002;24;3;1;248
;250003;24;3;1;195
;250004;24;3;1;361
;250005;24;3;1;387
;250006;24;3;1;246
;253001;35;5;2;367,16
;253002;35;5;2;809,39
;253003;35;5;2;179,45
;253004;35;5;2;248
;253005;35;5;2;192
;259001;34;5;2;333
;259002;34;5;2;214,44
;259003;34;5;2;246,74
;259004;34;5;2;145
;259005;34;5;2;201
;259006;34;5;2;342
;259007;34;5;2;115,26
;259008;34;5;2;62,56
;259009;34;5;2;127
;259010;34;5;2;44
;259011;34;5;2;189
;260001;24;3;1;298
;260002;24;3;1;141
;260003;24;3;1;187,44
;260004;24;3;1;376,56
;260005;24;3;1;110
;265001;36;5;2;178
;265002;36;5;2;95
;265003;36;5;2;252
;265004;36;5;2;130
;265005;36;5;2;224
;265006;36;5;2;146
;265007;36;5;2;61
;265008;36;5;2;50
;265009;36;5;2;51
;265010;36;5;2;278
;265011;36;5;2;90
;265013;36;5;2;258
;265014;36;5;2;78
;265015;36;5;2;98
;265016;36;5;2;51
;265017;36;5;2;147
;265018;36;5;2;32
;265021;36;5;2;96
;269001;35;5;2;131
;269004;35;5;2;266
;269005;35;5;2;265
;270001;23;3;1;221
;270002;23;3;1;125
;270003;23;3;1;23
;270004;23;3;1;210
;270005;23;3;1;78
;270006;23;3;1;227
;270007;23;3;1;70
;270008;23;3;1;284
;270009;23;3;1;52
;270010;23;3;1;88
;270011;23;3;1;110
;270012;23;3;1;81
;306001;38;5;2;102
;306002;38;5;2;140
;306003;38;5;2;105
;306004;38;5;2;149
;306005;38;5;2;35
;306006;38;5;2;112
;306007;38;5;2;142
;306008;38;5;2;46
;306010;38;5;2;62
;306011;38;5;2;130
;306012;38;5;2;27
;306013;38;5;2;35
;316001;37;5;2;275
;316002;37;5;2;320
;316003;37;5;2;179
;316004;37;5;2;104
;316005;37;5;2;108
;316006;37;5;2;50
;316007;37;5;2;140
;316008;37;5;2;110
;316009;37;5;2;128
;316010;37;5;2;128
;316011;37;5;2;170
;316012;37;5;2;164
;316013;37;5;2;123
;316014;37;5;2;125
;316015;37;5;2;35
;320001;33;5;2;273
;320002;33;5;2;415
;320003;33;5;2;266
;320004;33;5;2;199
;320005;33;5;2;193
;320006;33;5;2;158
;320007;33;5;2;175
;326001;38;5;2;119
;326002;38;5;2;4
;326003;38;5;2;173
;326004;38;5;2;123
;326005;38;5;2;62
;326006;38;5;2;14
;326007;38;5;2;49
;326008;38;5;2;105
;326009;38;5;2;135
;326010;38;5;2;66
;326011;38;5;2;56
;326012;38;5;2;168
;326013;38;5;2;119
;326014;38;5;2;65
;326015;38;5;2;93
;326016;38;5;2;99
;326017;38;5;2;17
;326018;38;5;2;149
;329001;39;5;2;397
;329002;39;5;2;27
;329003;39;5;2;26
;329004;39;5;2;183
;329005;39;5;2;67
;329006;39;5;2;212
;329008;39;5;2;38
;329009;39;5;2;42
;329010;39;5;2;36
;329011;39;5;2;24
;329012;39;5;2;39
;329013;39;5;2;53
;329014;39;5;2;40
;330001;40;5;2;139
;330003;40;5;2;82
;330004;40;5;2;60
;330005;40;5;2;252
;330006;40;5;2;350
;330007;40;5;2;90
;330008;40;5;2;121
;330009;40;5;2;306
;330010;40;5;2;67
;330011;40;5;2;270
;330012;40;5;2;-
;330013;40;5;2;47
;330017;40;5;2;-
;330019;40;5;2;590
;330021;40;5;2;190
;330022;40;5;2;384
;330024;40;5;2;59
;330025;40;5;2;88
;336001;33;5;2;226
;336002;33;5;2;186
;336003;33;5;2;198
;336004;33;5;2;140
;340001;39;5;2;254
;340002;39;5;2;100
;340004;39;5;2;73
;340005;39;5;2;177
;340006;39;5;2;128
;340008;39;5;2;173
;340010;39;5;2;233
;350001;34;5;2;111
;350002;34;5;2;46
;350003;34;5;2;46
;350004;34;5;2;50
;350005;34;5;2;59
;350006;34;5;2;134
;350008;34;5;2;72
;350009;34;5;2;83
;350011;34;5;2;37
;350012;34;5;2;68
;360001;29;5;2;30
;360003;29;5;2;184
;360008;29;5;2;48
;360011;29;5;2;108,32
;360013;29;5;2;272
;360014;29;5;2;-
;360019;29;5;2;116
;360020;29;5;2;377
;360021;29;5;2;201,84
;360026;29;5;2;27,84
;360027;29;5;2;14
;360028;29;5;2;-
;360029;29;5;2;113
;360035;29;5;2;136
;360036;29;5;2;224
;360037;29;5;2;125
;370001;32;5;2;152
;370002;32;5;2;54
;370003;32;5;2;109
;370004;32;5;2;83
;370005;32;5;2;45
;370006;32;5;2;147
;370007;32;5;2;75
;370008;32;5;2;147
;370009;32;5;2;47
;370010;32;5;2;77
;370011;32;5;2;101
;370012;32;5;2;29
;370014;32;5;2;131
;370020;32;5;2;135
;370021;32;5;2;240
;370022;32;5;2;317
;370023;32;5;2;197
;370024;32;5;2;173
;370026;32;5;2;84
;370027;32;5;2;154
;370028;32;5;2;183
;370029;32;5;2;25
;370031;32;5;2;106
;370032;32;5;2;72
;376001;30;5;2;283
;376002;30;5;2;172
;376003;30;5;2;116
;376004;30;5;2;127
;376005;30;5;2;73
;376006;30;5;2;68
;376007;30;5;2;68
;376008;30;5;2;131
;376009;30;5;2;86
;376010;30;5;2;130
;376011;30;5;2;111
;376012;30;5;2;107
;376013;30;5;2;234
;376014;30;5;2;73
;376015;30;5;2;68
;376016;30;5;2;183
;376017;30;5;2;172
;376018;30;5;2;69
;376019;30;5;2;104
;376020;30;5;2;73
;390001;31;5;2;247
;390002;31;5;2;172
;390003;31;5;2;78
;390004;31;5;2;100
;390005;31;5;2;63
;390006;31;5;2;219
;390007;31;5;2;70
;390008;31;5;2;204
;390009;31;5;2;92
;390010;31;5;2;83
;390011;31;5;2;42
;390012;31;5;2;127
;390013;31;5;2;56
;390014;31;5;2;35
;390015;31;5;2;89
;390016;31;5;2;119
;390017;31;5;2;55
;400001;28;4;1;75
;400002;28;4;1;85
;400003;28;4;1;47
;400004;28;4;1;103
;400005;28;4;1;71
;400006;28;4;1;161
;400007;27;4;1;98
;400008;27;4;1;401
;400009;27;4;1;71
;410001;45;6;2;202
;410002;45;6;2;149
;410003;45;6;2;103
;410004;45;6;2;90
;410005;45;6;2;52
;410006;45;6;2;128
;410007;45;6;2;53
;410008;45;6;2;89
;410009;45;6;2;111
;410010;45;6;2;90
;410011;45;6;2;69
;411001;28;4;1;-
;420001;44;6;2;239
;420002;44;6;2;53
;420003;44;6;2;25
;420004;44;6;2;49
;420005;44;6;2;93
;420006;44;6;2;34
;420007;44;6;2;54
;420008;44;6;2;80
;420009;44;6;2;41
;420010;44;6;2;37
;420011;44;6;2;192
;420012;44;6;2;20
;420013;44;6;2;79
;420014;44;6;2;20
;420015;44;6;2;41
;420016;44;6;2;62
;420017;44;6;2;76
;420018;44;6;2;39
;430001;48;6;2;37
;430002;48;6;2;39
;430003;48;6;2;58
;430004;48;6;2;51
;430005;48;6;2;-
;430007;48;6;2;198
;430008;48;6;2;45
;430009;48;6;2;55
;430010;48;6;2;-
;430011;48;6;2;52
;430012;48;6;2;49
;430013;48;6;2;59
;430014;48;6;2;64
;430015;48;6;2;216
;430016;48;6;2;37
;430017;48;6;2;63
;430018;48;6;2;84
;430019;48;6;2;43
;430020;48;6;2;94
;430021;48;6;2;52
;430022;48;6;2;92
;440001;46;6;2;46
;440002;46;6;2;125
;440003;46;6;2;64
;440004;46;6;2;74
;440005;46;6;2;105
;440006;46;6;2;146
;450001;46;6;2;52
;450002;46;6;2;215
;450003;46;6;2;115
;450004;46;6;2;36
;450005;46;6;2;31
;450006;46;6;2;65
;450007;46;6;2;10
;450008;46;6;2;20
;450009;46;6;2;26
;450010;46;6;2;50
;450011;46;6;2;37
;450012;46;6;2;54
;450013;46;6;2;28
;461001;41;6;2;639
;461002;41;6;2;346
;461003;41;6;2;159
;461004;41;6;2;225
;461005;41;6;2;340
;461006;41;6;2;74
;461007;41;6;2;216
;461009;41;6;2;79
;461011;42;6;2;320
;461012;42;6;2;449
;461013;42;6;2;32
;461014;42;6;2;178
;461016;42;6;2;100
;461017;42;6;2;172
;461018;42;6;2;111
;461019;42;6;2;113
;461020;42;6;2;130
;461021;42;6;2;95
;461023;43;6;2;287
;461024;43;6;2;115
;461025;43;6;2;218
;461026;43;6;2;194
;461028;43;6;2;130
;461029;43;6;2;126
;461030;43;6;2;211
;461031;43;6;2;76
;461032;43;6;2;41
;461033;43;6;2;128
;461035;41;6;2;724
;461036;41;6;2;118
;479001;47;6;2;441
;479002;47;6;2;114
;479003;47;6;2;211
;479004;47;6;2;32,34
;479005;47;6;2;86
;479006;47;6;2;-
;479007;47;6;2;41
;479008;47;6;2;24,66
;479009;47;6;2;68
;479010;47;6;2;53
;479011;47;6;2;51
;479014;47;6;2;34
;479016;47;6;2;51
;479017;47;6;2;77
;479019;47;6;2;68
;479021;47;6;2;32
;479023;47;6;2;38
;479025;47;6;2;38
;479027;47;6;2;54
;480001;45;6;2;202
;480002;45;6;2;53
;480003;45;6;2;150
;480004;45;6;2;188
;480005;45;6;2;37
;480006;45;6;2;47
;480007;45;6;2;46
;480008;45;6;2;65
;480009;45;6;2;73
;480010;45;6;2;155
;482001;47;6;2;14,97
;482002;47;6;2;81,20
;482005;47;6;2;132,82
;482007;47;6;2;55,62
;482011;47;6;2;35,38
;492001;48;6;2;50
;492002;48;6;2;38
;492003;48;6;2;30
;510001;61;7;2;433,24
;510002;61;7;2;215
;510003;61;7;2;139,28
;510004;61;7;2;39,47
;510005;61;7;2;40,19
;510006;61;7;2;59,13
;510007;61;7;2;-
;510008;61;7;2;50,36
;510009;61;7;2;46
;510010;61;7;2;55,64
;510011;61;7;2;48,99
;510012;61;7;2;27,35
;510013;61;7;2;56,48
;510014;61;7;2;103,66
;510015;61;7;2;56
;510016;61;7;2;52
;510017;61;7;2;202,37
;510018;61;7;2;112,84
;510019;61;7;2;61
;510020;61;7;2;127,48
;510021;61;7;2;41,58
;510022;61;7;2;26,94
;530001;55;7;2;168
;530002;55;7;2;90
;530003;55;7;2;78
;530004;55;7;2;28
;530005;55;7;2;37
;530006;55;7;2;406
;530007;55;7;2;87
;540001;49;7;2;219
;540002;49;7;2;73
;540003;49;7;2;80
;540004;49;7;2;90
;540005;49;7;2;116
;540006;49;7;2;46
;540007;49;7;2;81
;540008;49;7;2;15
;540009;49;7;2;317
;540010;49;7;2;232
;540011;49;7;2;315
;540012;49;7;2;135
;540013;49;7;2;79
;540014;49;7;2;65
;540015;49;7;2;145
;540016;49;7;2;180
;540017;49;7;2;28
;550001;51;7;2;64
;550002;51;7;2;22
;550003;51;7;2;18
;550004;51;7;2;61
;550007;51;7;2;16
;550008;51;7;2;33
;550012;51;7;2;121
;550014;51;7;2;59
;550015;51;7;2;44
;550016;51;7;2;50
;550017;51;7;2;94
;550018;51;7;2;22
;550019;51;7;2;24
;550021;51;7;2;58
;550023;51;7;2;166
;550024;51;7;2;36
;550025;51;7;2;259
;550027;51;7;2;51
;550029;51;7;2;32
;550051;51;7;2;11
;550061;51;7;2;110
;550071;51;7;2;37
;561002;52;7;2;718
;561003;52;7;2;141
;561004;52;7;2;175
;561005;52;7;2;261
;561006;52;7;2;175
;561007;52;7;2;253
;561008;53;7;2;55
;561011;52;7;2;118
;561012;53;7;2;76
;561015;52;7;2;129
;561016;53;7;2;159
;561017;53;7;2;48
;561020;53;7;2;81
;561021;52;7;2;204
;561022;52;7;2;92
;561023;52;7;2;92
;561024;53;7;2;75
;561025;53;7;2;297
;561028;53;7;2;304
;561032;53;7;2;57
;561033;53;7;2;73
;561035;53;7;2;-
;561038;53;7;2;60
;561040;53;7;2;95
;563001;52;7;2;62
;563002;52;7;2;4
;573001;54;7;2;474
;573004;54;7;2;22
;573005;54;7;2;23
;573006;54;7;2;44
;573007;54;7;2;37
;573008;54;7;2;64
;573009;54;7;2;44
;573010;54;7;2;59
;573013;54;7;2;63
;573014;54;7;2;22
;573015;54;7;2;60
;573018;54;7;2;85
;573019;54;7;2;19
;573022;54;7;2;38
;573023;54;7;2;44
;573024;54;7;2;26
;573026;54;7;2;48
;573027;54;7;2;37
;573028;54;7;2;51
;573030;54;7;2;199
;573031;54;7;2;71
;573032;54;7;2;57
;573033;54;7;2;33
;575001;55;7;2;153
;575002;55;7;2;41
;575003;55;7;2;92
;575004;55;7;2;48
;575005;55;7;2;45
;575006;55;7;2;24
;575007;55;7;2;116
;575008;55;7;2;50
;575009;55;7;2;77
;575010;55;7;2;35
;575011;55;7;2;64
;575012;55;7;2;19
;575013;55;7;2;23
;575014;55;7;2;257
;575015;55;7;2;26
;575016;55;7;2;84
;575017;55;7;2;53
;575018;55;7;2;41
;575019;55;7;2;106
;580001;50;7;2;56
;580002;50;7;2;32
;580003;50;7;2;188
;580004;50;7;2;117
;580005;50;7;2;69
;580006;50;7;2;43
;580007;50;7;2;110
;580008;50;7;2;64
;580009;50;7;2;69
;580010;50;7;2;32
;580011;50;7;2;100
;580012;50;7;2;136
;580013;50;7;2;93
;580014;50;7;2;143
;580015;50;7;2;199
;580016;50;7;2;397
;580017;50;7;2;124
;580018;50;7;2;111
;607001;58;7;2;617
;607002;58;7;2;52
;607003;58;7;2;266
;607004;58;7;2;35
;607005;58;7;2;160
;607006;58;7;2;431
;607007;58;7;2;59
;607008;58;7;2;362
;615001;71;8;3;254
;615002;71;8;3;327
;615003;71;8;3;603
;615004;71;8;3;-
;615005;71;8;3;243
;615006;71;8;3;241
;615007;71;8;3;165
;615008;71;8;3;106
;615009;71;8;3;80
;615010;71;8;3;100
;615011;71;8;3;154
;615012;71;8;3;104
;615013;71;8;3;188
;615014;71;8;3;79
;615015;71;8;3;40
;615016;71;8;3;119
;615017;71;8;3;82
;615018;71;8;3;116
;615019;71;8;3;69
;615020;71;8;3;33
;615021;71;8;3;139
;615022;71;8;3;23
;621001;59;7;2;368
;621002;59;7;2;318
;621003;59;7;2;222
;621004;59;7;2;191
;621005;59;7;2;159
;621006;59;7;2;142
;621007;59;7;2;183
;621008;60;7;2;241
;621009;60;7;2;335
;621010;60;7;2;173
;621011;60;7;2;105
;621012;60;7;2;154
;621013;60;7;2;65
;621014;60;7;2;333
;621015;60;7;2;244
;630001;57;7;2;113
;630002;57;7;2;187
;630003;57;7;2;53
;630004;57;7;2;95
;630005;57;7;2;59
;630006;57;7;2;101
;630007;57;7;2;31
;630008;57;7;2;56
;630009;57;7;2;816
;630010;57;7;2;59
;630011;57;7;2;90
;630012;57;7;2;99
;630013;57;7;2;132
;630014;57;7;2;90
;630015;57;7;2;159
;630016;56;7;2;56
;630017;56;7;2;165
;630018;56;7;2;87
;630019;56;7;2;44
;630020;56;7;2;41
;630021;56;7;2;43
;630022;56;7;2;17
;630023;56;7;2;75
;630024;56;7;2;128
;630025;56;7;2;78
;630026;56;7;2;58
;630027;56;7;2;77
;630028;56;7;2;61
;630029;56;7;2;48
;630030;56;7;2;274
;630031;56;7;2;63
;630032;56;7;2;256
;630033;56;7;2;94
;630034;56;7;2;104
;657001;80;9;3;1037
;657002;80;9;3;54
;657005;80;9;3;136
;657006;80;9;3;47
;657007;80;9;3;157
;657008;80;9;3;98
;657009;80;9;3;39
;657011;80;9;3;26
;657013;81;9;3;124
;657014;81;9;3;29
;657015;81;9;3;88
;657016;81;9;3;61
;657017;81;9;3;224
;657018;81;9;3;32
;657019;81;9;3;52
;657020;81;9;3;28
;657021;81;9;3;28
;657022;81;9;3;12
;657023;81;9;3;119
;657024;81;9;3;151
;657025;81;9;3;72
;657026;81;9;3;130
;657027;81;9;3;103
;657028;81;9;3;9
;657029;81;9;3;49
;657030;81;9;3;38
;661001;82;9;3;608
;661002;82;9;3;113
;661003;82;9;3;86
;661004;82;9;3;123
;661005;82;9;3;424
;661006;82;9;3;206
;661007;82;9;3;67
;661008;82;9;3;134
;661009;82;9;3;85
;661010;82;9;3;46
;665001;73;9;3;204
;665002;73;9;3;91
;665003;73;9;3;71
;665004;73;9;3;62
;665005;73;9;3;49
;665006;73;9;3;55
;665007;73;9;3;130
;665008;73;9;3;51
;671001;73;9;3;284
;671002;73;9;3;70
;671003;73;9;3;62
;671004;73;9;3;54
;671005;73;9;3;44
;671006;73;9;3;62
;671007;73;9;3;110
;706001;66;8;3;247
;706002;66;8;3;100
;706003;66;8;3;90
;706004;66;8;3;122
;706005;66;8;3;150
;706006;66;8;3;188
;706007;66;8;3;117
;706008;66;8;3;234
;707001;66;8;3;374
;707002;66;8;3;-
;707003;66;8;3;119
;707004;66;8;3;241
;707005;66;8;3;131
;707006;66;8;3;98
;707007;66;8;3;123
;707008;66;8;3;72
;707009;66;8;3;122
;707010;66;8;3;61
;710001;69;8;3;123
;710002;69;8;3;80
;710003;69;8;3;58
;710004;69;8;3;160
;710005;69;8;3;88
;710006;69;8;3;85
;710007;69;8;3;76
;710008;69;8;3;45
;710009;69;8;3;151
;710010;69;8;3;119
;710011;69;8;3;85
;710012;69;8;3;53
;710013;69;8;3;46
;710014;69;8;3;45
;727001;70;8;3;276
;727002;70;8;3;5
;727003;70;8;3;53
;727004;70;8;3;35
;727005;70;8;3;29
;727006;70;8;3;29
;727007;70;8;3;35
;727008;70;8;3;50
;727009;70;8;3;-
;727010;70;8;3;-
;730001;68;8;3;88
;730002;68;8;3;90
;730004;68;8;3;22
;730005;67;8;3;65
;730006;67;8;3;41
;730007;67;8;3;56
;730008;67;8;3;61
;730009;67;8;3;54
;730010;67;8;3;49
;730011;67;8;3;112,88
;730012;67;8;3;65
;730013;67;8;3;113
;730014;67;8;3;53
;730015;67;8;3;40
;730016;68;8;3;42
;730017;68;8;3;45
;730021;68;8;3;74
;730024;68;8;3;230,12
;730025;68;8;3;187
;730026;67;8;3;215
;730027;67;8;3;274
;730028;68;8;3;293
;730029;67;8;3;196
;730030;67;8;3;168
;730031;68;8;3;204
;730032;68;8;3;99
;730033;68;8;3;52
;730034;68;8;3;85
;730036;68;8;3;101
;730037;68;8;3;28
;740001;77;9;3;160
;740002;77;9;3;97
;740003;77;9;3;78
;740004;77;9;3;58
;740005;77;9;3;47
;740006;77;9;3;187
;740007;77;9;3;182
;740008;77;9;3;25
;740009;77;9;3;42
;740010;77;9;3;57
;740011;77;9;3;51
;740012;77;9;3;29
;740013;77;9;3;105
;740014;77;9;3;34
;740015;77;9;3;43
;740016;77;9;3;132
;740017;77;9;3;49
;740018;77;9;3;60
;740021;78;9;3;122
;740022;78;9;3;51
;740023;78;9;3;138
;740024;78;9;3;28
;740025;78;9;3;25
;740026;78;9;3;77
;740027;78;9;3;119
;740028;78;9;3;155
;740029;78;9;3;275
;740030;78;9;3;130
;740031;78;9;3;408
;740032;78;9;3;89
;741001;70;8;3;62
;741002;70;8;3;7
;746001;70;8;3;95
;746002;70;8;3;179
;746003;70;8;3;52
;746004;70;8;3;218
;746005;70;8;3;102
;746006;70;8;3;268
;746007;70;8;3;196
;746008;70;8;3;157
;746009;70;8;3;163
;746010;70;8;3;118
;746011;70;8;3;54
;746012;70;8;3;75
;751001;62;8;3;317
;751002;62;8;3;233
;751003;62;8;3;212
;751004;62;8;3;150
;751006;62;8;3;304
;751007;62;8;3;222
;751008;63;8;3;476
;751009;62;8;3;101
;751010;65;8;3;271,35
;751011;62;8;3;153
;751012;62;8;3;99
;751013;62;8;3;122
;751014;62;8;3;82,91
;751016;63;8;3;31
;751018;63;8;3;189
;751019;63;8;3;109
;751020;65;8;3;301,89
;751021;65;8;3;687,85
;751022;64;8;3;127
;751023;64;8;3;361
;751024;64;8;3;236
;751025;63;8;3;695
;751026;63;8;3;232
;751027;63;8;3;215
;751028;63;8;3;453
;751030;63;8;3;166
;751031;63;8;3;24
;751033;63;8;3;142
;751041;65;8;3;179
;751042;64;8;3;300
;751043;64;8;3;224
;751044;64;8;3;70
;751045;64;8;3;207
;751047;65;8;3;221
;751048;65;8;3;76
;751049;65;8;3;68
;751050;65;8;3;104
;751051;65;8;3;186
;751053;64;8;3;107
;751055;64;8;3;29
;751056;64;8;3;60
;751061;65;8;3;304
;751062;63;8;3;255
;751063;63;8;3;556
;751064;63;8;3;212
;751065;65;8;3;164
;751066;62;8;3;161
;751067;64;8;3;162
;751068;64;8;3;110
;756001;79;9;3;102
;756002;79;9;3;66
;756003;79;9;3;102
;756004;79;9;3;61
;756005;79;9;3;329
;756006;79;9;3;46
;756007;79;9;3;592
;756008;79;9;3;76
;756009;79;9;3;119
;756010;79;9;3;105
;760001;83;9;3;176,86
;760002;83;9;3;30
;760004;83;9;3;43,61
;760007;83;9;3;103,53
;760010;83;9;3;93
;760012;83;9;3;25
;760014;83;9;3;239
;760016;83;9;3;77
;760021;83;9;3;70
;760022;83;9;3;57
;760024;83;9;3;215
;760025;83;9;3;48
;760027;83;9;3;105
;760028;83;9;3;42
;760030;83;9;3;141
;760032;83;9;3;77
;760033;83;9;3;73
;760035;83;9;3;118
;766001;72;8;3;269
;766002;72;8;3;138
;766003;72;8;3;81
;766004;72;8;3;58
;766005;72;8;3;21
;766006;72;8;3;67
;766007;72;8;3;145
;766010;72;8;3;76
;766011;72;8;3;69
;766012;72;8;3;78
;766013;72;8;3;60
;766014;72;8;3;74
;766015;72;8;3;83
;766017;72;8;3;104
;766020;72;8;3;71
;766021;72;8;3;124
;766022;72;8;3;72
;766023;72;8;3;85
;766024;72;8;3;30
;773001;87;10;3;60
;773002;87;10;3;161,93
;773003;87;10;3;110,01
;773004;87;10;3;75
;773005;87;10;3;368,06
;779020;74;9;3;19
;779021;74;9;3;791
;779022;74;9;3;163
;779023;74;9;3;139
;779024;74;9;3;116
;779025;74;9;3;101
;779026;74;9;3;140
;779027;74;9;3;86
;787001;87;10;3;563,99
;787002;87;10;3;137,16
;787003;87;10;3;162,86
;787004;87;10;3;150,96
;787005;87;10;3;113,70
;787006;87;10;3;44
;787007;87;10;3;85,68
;787008;87;10;3;88,13
;787009;87;10;3;54,14
;787010;87;10;3;63
;787011;87;10;3;28,70
;787012;87;10;3;100,33
;787013;87;10;3;70,35
;787014;87;10;3;27
;787015;87;10;3;37
;791001;75;9;3;132
;791002;75;9;3;103
;791003;75;9;3;131
;791004;75;9;3;110
;791005;75;9;3;82
;791006;75;9;3;107
;791007;75;9;3;73
;791008;75;9;3;1133
;791009;76;9;3;276
;791011;76;9;3;93
;791012;76;9;3;138
;791013;76;9;3;359
;791014;76;9;3;113
;791015;76;9;3;136
;791016;76;9;3;118
;791017;76;9;3;99
;810001;86;10;3;25
;810002;86;10;3;43
;810003;86;10;3;116
;810004;86;10;3;44
;810005;86;10;3;112
;810006;86;10;3;67
;810010;86;10;3;353
;810034;86;10;3;17
;810040;86;10;3;30
;810050;86;10;3;44
;810056;86;10;3;32
;810070;86;10;3;86
;810080;86;10;3;29
;813001;84;10;3;163
;813002;84;10;3;47
;813003;84;10;3;24
;813004;84;10;3;39
;813005;84;10;3;55
;813006;84;10;3;698
;813007;84;10;3;40
;813008;84;10;3;42
;813009;84;10;3;182
;813010;84;10;3;40
;813011;84;10;3;25
;813012;84;10;3;36
;813013;84;10;3;71
;813014;84;10;3;18
;813015;84;10;3;70
;820001;88;10;3;151
;820002;88;10;3;135
;820003;88;10;3;24
;820004;88;10;3;223
;820005;88;10;3;63
;820006;88;10;3;45
;820007;88;10;3;60
;820008;88;10;3;66
;820009;88;10;3;38
;820010;88;10;3;136
;820011;88;10;3;69
;820012;88;10;3;66
;820013;88;10;3;45
;820014;88;10;3;28
;825015;84;10;3;31
;840001;88;10;3;179
;840002;88;10;3;86
;840003;88;10;3;51
;840004;88;10;3;64
;840005;88;10;3;92
;840006;88;10;3;33
;840007;88;10;3;35
;840008;88;10;3;69
;840009;88;10;3;28
;840010;88;10;3;55
;840011;88;10;3;27
;846002;89;10;3;71
;846003;89;10;3;106
;846004;89;10;3;84
;846008;89;10;3;60
;846009;89;10;3;100
;846011;89;10;3;154
;846014;89;10;3;47
;846018;89;10;3;77
;846020;89;10;3;100
;846022;89;10;3;66
;846027;89;10;3;304
;849001;86;10;3;107
;849002;86;10;3;32
;849003;86;10;3;28
;849004;86;10;3;19
;849005;86;10;3;29
;849006;86;10;3;24
;849007;86;10;3;17
;849008;86;10;3;123
;849009;86;10;3;53
;849010;86;10;3;30
;849011;86;10;3;53
;849012;86;10;3;56
;849013;86;10;3;119
;849014;86;10;3;43
;849015;86;10;3;44
;849016;86;10;3;39
;849018;86;10;3;199
;849020;86;10;3;36
;849021;86;10;3;43
;851003;92;10;3;235,39
;851004;92;10;3;183,61
;851005;92;10;3;369
;851007;92;10;3;61
;851009;92;10;3;76,14
;851010;92;10;3;95,86
;851011;92;10;3;188
;851012;92;10;3;189,22
;851014;91;10;3;148
;851015;91;10;3;246
;851016;92;10;3;503,78
;851017;91;10;3;200
;851018;91;10;3;90
;851019;91;10;3;139,66
;851020;91;10;3;81,34
;851022;91;10;3;139
;851024;91;10;3;176
;851027;90;10;3;251,36
;851028;90;10;3;197,66
;851029;90;10;3;239,21
;851030;90;10;3;162,16
;851031;90;10;3;211
;851032;90;10;3;115
;851033;90;10;3;74
;851034;90;10;3;110,57
;851035;90;10;3;145
;851036;90;10;3;150,04
;851038;91;10;3;65
;851040;90;10;3;269
;851043;92;10;3;167
;851044;92;10;3;117
;851046;92;10;3;53
;851047;91;10;3;128
;851052;91;10;3;57
;851056;90;10;3;83
;851058;90;10;3;82
;851061;90;10;3;137
;860001;85;10;3;50
;860003;85;10;3;149
;860004;85;10;3;280
;860006;85;10;3;57
;860007;85;10;3;49
;860008;85;10;3;49
;860011;85;10;3;116
;860012;85;10;3;64
;860013;85;10;3;42
;860014;85;10;3;53
;860015;85;10;3;162
;860016;85;10;3;177
;860018;85;10;3;175
;860019;85;10;3;124
;860020;85;10;3;49
;860021;85;10;3;93
;860022;85;10;3;92
;860023;85;10;3;19
;860026;85;10;3;45
;860027;85;10;3;41
;860028;85;10;3;67
