ValgstedId,Opførelsesår_Antal_personer_1940-1959,Opførelsesår_Antal_personer_1960-1969,Opførelsesår_Antal_personer_1970-1979,Opførelsesår_Antal_personer_1980-1989,Opførelsesår_Antal_personer_1990-1999,Opførelsesår_Antal_personer_2000-2009,Opførelsesår_Antal_personer_2010-9999,Opførelsesår_Antal_personer_Før 1940
101001,125,406,269,87,1172,121,90,13292
101002,642,729,187,313,6,0,149,6352
101003,386,307,268,141,68,120,0,14556
101005,702,1424,1683,428,122,216,171,11108
101006,1212,1663,322,779,281,195,219,8816
101007,1783,2713,1344,500,109,593,731,6492
101008,369,1241,2063,1355,784,229,757,11394
101009,410,778,100,486,64,4980,11203,1167
101010,9,441,193,6,131,4662,2685,7324
101011,33,200,245,12,115,118,33,19527
101012,0,106,0,0,30,0,0,9040
101013,477,87,1161,400,399,1293,2116,7282
101014,873,775,525,252,88,33,23,14145
101016,1489,631,330,119,263,1115,2119,8492
101017,1351,357,2372,1485,577,349,505,13607
101018,1137,256,49,30,203,81,91,9434
101019,1990,1076,397,148,217,977,2066,6487
101020,47,155,0,326,156,0,41,8423
101021,951,851,971,1243,898,153,239,8445
101022,208,61,602,2280,97,11,33,5517
101023,5,80,16,416,362,84,21,8399
101024,330,34,0,850,484,0,0,8294
101025,473,286,1585,440,0,42,163,11119
101027,4156,76,482,696,314,1699,816,7486
101028,5252,289,423,31,106,393,77,4107
101029,2209,145,163,421,2,328,55,2797
101030,2687,965,39,113,33,995,438,8463
101031,801,60,50,22,10,101,89,4261
101032,1952,1833,2310,0,578,0,0,45
101033,167,448,85,103,120,23,440,8682
101034,3346,224,159,76,17,126,385,8315
101035,4950,219,595,134,1095,418,98,2751
101036,6064,543,517,339,113,224,323,4449
101039,1818,89,95,19,73,0,466,3670
101040,1202,179,268,264,118,225,288,5370
101041,4011,520,958,475,331,220,249,7410
101042,1464,118,283,23,1094,29,89,8753
101043,499,204,310,777,213,264,349,9453
101044,2747,2292,229,151,240,76,2852,1973
101046,2621,1977,290,305,142,4,128,2074
101047,664,253,1276,503,120,32,1642,2696
101048,804,226,32,0,49,1213,3289,5482
101049,68,0,0,0,0,0,0,10064
101050,1,37,822,522,16,20,0,10326
101051,4573,835,150,242,352,221,172,5503
101052,33,97,68,0,509,91,106,8365
101053,393,0,293,0,114,299,1253,7017
101054,2116,4,0,0,0,0,199,2149
101055,0,0,0,84,0,5272,9209,1091
101056,384,212,0,0,497,1391,2708,5481
101057,1447,2818,1565,211,421,2223,1761,1428
101058,549,21,1363,4197,620,265,363,7682
101059,1383,750,16,226,245,12,189,6086
147001,365,184,742,572,246,0,0,9808
147002,1006,201,839,575,147,46,61,8985
147003,917,696,235,313,182,0,194,13202
147004,906,1128,1782,232,444,104,428,9552
147005,2233,620,601,654,377,1051,445,8304
147006,2851,1322,1302,50,20,448,289,5856
147007,713,417,469,1645,768,820,71,8181
147008,841,0,476,334,28,0,58,8969
151001,530,4045,819,64,23,385,77,35
151002,3291,3659,217,230,61,32,161,580
151003,147.51,2251.63,693.76,63.76,36.16,82.79,35.21,152.27
151004,131,800,2801,204,109,16,280,100
151005,804,2401,1026,282,17,87,285,281
151006,2397,4283,141,82,203,357,148,148
151008,632,571,1266,878,416,1169,629,202
151009,133.49,1475.37,867.24,735.24,1059.84,96.21,234.79,92.73
151010,137,324,1031,141,488,693,90,185
153001,2624,1149,226,91,16,54,120,379
153002,2371,893,300,181,246,196,29,265
153003,1965,1046,549,266,18,55,50,35
153004,2565,4239,302,387,46,13,70,209
153005,540.22,827.69,4621.16,86.50,192.16,839.60,66.82,147.10
153006,502.78,770.31,4300.84,80.50,178.84,781.40,62.18,136.90
155001,1581,983,355,177,158,328,303,1396
155004,1034,1389,3350,627,490,913,595,815
157001,3040,426,195,165,130,82,223,3606
157002,2264,309,61,140,7,162,118,3529
157003,721,187,120,171,357,33,81,5592
157004,3657,723,349,145,82,245,178,2518
157005,1395,196,90,70,43,22,216,5861
157006,643,138,287,129,29,18,43,6802
157007,459,130,84,192,287,764,96,6598
157008,544,423,338,138,294,163,63,4403
157009,1095,286,205,156,124,78,118,5471
157010,1151,422,244,238,100,47,285,4236
159001,3145.09,1448.62,497.60,177.72,75.89,178.68,853.04,783.87
159002,3910,1442,269,376,79,482,224,1928
159003,2643,1674,931,556,961,363,430,1279
159004,2658,4568,172,335,38,70,115,1819
159005,4182,1290,123,39,210,1968,1194,1009
159006,4797,975,1209,172,67,85,206,844
159007,1388,328,97,322,187,172,281,2738
159008,3211,786,527,661,54,46,178,757
159009,312.91,3629.38,314.40,102.28,32.11,18.32,102.96,164.13
161001,1722,403,528,4,13,459,97,142
161002,1123,262,88,120,132,366,68,1371
161003,1791,1426,320,297,229,251,135,1452
161004,1814,2104,104,51,0,71,103,59
161005,71,395,978,166,41,163,61,121
161006,8,262,158,1828,730,174,641,226
163001,6547,1196,320,188,99,93,1543,670
163002,3296,3161,696,528,170,212,373,397
163003,345,761,6323,272,613,297,703,150
165001,45,1655,3549,73,76,57,21,268
165002,20,2672,1744,57,5,6,30,129
165003,529,400,2226,186,62,762,360,489
165004,0,4551,569,155,0,2,94,64
165005,0,2937,2039,1120,267,125,384,3
167001,2477,1244,636,282,131,161,150,838
167002,1691,1080,169,661,70,44,109,745
167003,2992,1536,330,144,41,23,79,925
167004,2952,1300,176,132,43,44,226,1499
167005,3113,1514,373,434,66,156,258,1386
167006,2336,3318,383,189,101,207,179,464
167007,1050,3246,2210,466,441,107,737,352
167008,331,432,4307,1542,60,482,82,275
169001,296,1682,2102,47,9,25,0,242
169002,1203,1934,391,90,80,60,195,913
169004,670,1691,3024,61,27,91,57,373
169006,0,38,4179,1762,103,1113,270,141
169007,603,4008,1297,62,20,297,419,426
169008,0,0,0,1297,2127,805,236,72
169009,193,507,671,140,76,221,155,619
169010,511.86,279.54,1141.75,1106.97,61.50,284.51,271.46,633.62
169012,900,1446,2195,253,68,69,31,842
169013,35,74,142,131,121,93,46,285
169014,312.14,170.46,696.25,675.03,37.50,173.49,165.54,386.38
173001,723,375,206,158,434,161,290,4258
173002,4170,263,135,113,172,310,520,926
173003,980,1805,2326,474,152,220,250,444
173004,2071,198,125,379,61,245,702,3352
173005,125,55,69,67,42,1,17,1124
173006,3573,742,247,139,196,152,522,1579
173007,4414,514,41,11,8,8,214,194
173008,4691,639,99,949,136,108,259,1776
173009,2933,1145,627,309,429,114,180,768
175001,775,223,220,343,199,66,87,2384
175002,3005,1139,220,108,90,267,243,744
175003,3265,858,154,649,748,155,92,1982
175004,1041,3306,150,654,51,114,26,257
175005,3314,1558,768,140,32,8,1518,607
175006,2530,1921,565,291,150,84,946,442
175007,2163,0,0,0,0,0,0,0
183001,146,302,164,209,82,235,244,550
183002,0,119,3557,255,13,5,5,2
183003,9,129,5286,273,38,17,20,38
183004,0,6.84,4817.58,38.10,0,183.64,417.09,98.66
183005,342,998.16,3052.42,439.90,126,325.36,316.91,128.34
185001,283,742,3057,947,344,713,281,164
185002,1383,2539,1835,361,184,221,518,460
185003,1833,2803,806,61,22,380,195,574
185004,2805,334,33,64,446,265,163,1683
185005,2712,306,483,286,57,78,207,1318
185006,6585,1031,454,1132,248,148,91,1354
187001,269,2323,339,390,73,1566,875,210
187002,359,1331,1736,430,189,152,242,148
187003,0,1872,2203,11,495,1027,392,1
190001,2046,3994,2105,434,131,268,395,437
190002,732,1224,421,288,71,138,211,669
190003,145,874,656,641,594,1203,455,443
190004,93,59,548,226,137,26,224,130
190005,45,601,2835,1258,461,164,131,100
190006,1099,2198,547,344,760,1660,1196,855
190007,746,1125,4165,50,282,61,53,211
201001,300,1083,743,28,129,74,634,327
201002,501,1744,1068,108,639,248,485,460
201003,683,959,2423,198,357,319,203,479
201004,309,1445,835,482,475,478,289,1026
201005,371,257,1891,1376,337,520,1056,294
210001,459,1111,978,1006,507,803,542,1163
210002,278,452,1310,315,319,106,135,1579
210003,1160,1107,708,334,120,110,125,1191
210004,174,774,1810,991,104,499,309,440
210005,326,389,7672,536,52,704,295,301
210007,70,609,2018,741,318,292,218,95
210008,122,209,88,51,62,26,21,595
210009,94,398,1699,1106,360,126,39,214
217001,1274.94,1439.40,611.73,273.59,295.10,318.16,275.12,4967.58
217002,3807,2480,1475,538,265,531,110,1203
217003,1144,2360,2792,228,167,410,99,982
217004,435,811,1341,721,544,501,257,1001
217005,756,794,892,512,205,405,256,1346
217006,196,235,96,34,51,69,25,652
217007,161,377,155,74,59,122,68,720
217008,115,186,124,52,22,316,109,307
217009,282,339,1812,717,153,383,83,1174
217010,748,1152,732,312,198,187,253,1375
217011,399,2637,1613,396,841,406,94,412
217012,384.06,433.60,184.27,82.41,88.90,95.84,82.88,1496.42
219001,1208,666,1016,884,334,770,1024,3637
219002,834,2406,1044,46,379,286,71,1282
219003,38,152,126,26,79,181,5,288
219004,213,242,447,291,25,19,49,263
219005,70,838,486,100,184,211,40,480
219006,177,1066,512,200,920,2022,1284,202
219007,91,446,525,90,306,174,199,246
219008,110,220,238,106,45,62,92,275
219009,565,1415,983,608,244,69,170,347
219010,1149,1133,2629,465,468,526,190,718
219011,75,339,621,190,21,316,20,501
219012,336,459,491,316,269,849,119,1316
219013,219,328,180,103,47,274,110,273
219014,3,414,232,208,36,116,41,312
223001,990,1978,377,436,568,678,228,984
223002,927,1859,1803,598,280,283,185,609
223003,679,481,679,409,295,167,251,1679
223004,44,57,10,16,4,31,12,243
223005,385,2679,1197,1564,191,286,305,417
230001,1262,1721,2371,461,141,498,344,298
230003,1911,538,940,252,165,172,350,2598
230004,2205,1208,621,586,216,132,303,388
230005,1633,2039,644,405,572,727,484,1188
230006,656,1124,722,197,103,34,199,554
230007,2457,2163,1418,585,283,168,336,974
230008,1063,1169,1741,705,187,54,192,495
230009,1148,784,577,356,83,107,179,700
230010,836,1366,1378,471,441,251,714,2385
240001,118,197,219,34,63,74,36,365
240002,122,1054,4273,1657,1160,930,912,407
240003,337.06,2549.33,1971.65,195.87,179.96,414.61,151.13,776.53
240004,47,109,97,1148,93,77,61,336
240005,156,778,1315,231,212,192,96,580
240006,103,266,596,43,37,142,41,303
240007,107.48,2586.72,2162.75,247.21,239.16,775.99,452.09,661.58
240008,54.50,872.07,2826.58,970.56,837.65,394.92,23.91,188.38
240009,37.95,244.88,867.01,480.36,426.23,1493.48,959.88,186.51
250001,1158,1487,591,866,598,952,467,1467
250002,274,962,1831,1323,434,724,98,574
250003,409,1634,1937,679,84,402,779,785
250004,869,1026,1372,727,322,1032,112,2781
250005,623,1822,1502,894,327,1016,549,1594
250006,376,1396,2269,758,623,1175,263,1280
253001,208.44,304.27,4283.10,800.59,873.14,289.94,148.23,266.64
253002,775.24,5120.14,5755.84,3700.48,2274.69,748.53,411.78,1084.56
253003,264.32,1804.59,3153.06,1092.93,274.17,181.53,123.99,237.79
253004,472,2534,2613,860,297,769,925,657
253005,172,1288,2167,1114,228,284,1234,766
259001,2298,756,1361,224,187,301,746,4066
259002,476.65,3725.42,856.28,527.46,134.31,168.91,339.66,40.42
259003,616.64,1100.02,1986.27,1188.39,316.11,1354.81,129.92,1015.19
259004,401,1095,2121,47,24,373,430,280
259005,270,984,1563,678,971,205,918,443
259006,562,1165,1182,2461,216,640,370,1756
259007,105.36,287.98,1129.73,482.61,283.89,597.19,478.08,694.81
259008,114.35,136.58,1182.72,393.54,79.69,214.09,25.34,416.58
259009,149,218,1058,524,150,656,235,702
259010,76,107,297,29,17,116,6,658
259011,285,757,1156,616,316,1365,470,1323
260001,1160,1552,2218,1049,539,1013,224,1818
260002,505,706,875,471,163,351,103,766
260003,703.13,1053.72,578.82,453.54,119.45,601.16,89.35,547.74
260004,2321.87,1602.28,2470.18,458.46,396.55,903.84,411.65,2039.26
260005,289,541,669,351,88,553,96,533
265001,196,497,173,492,184,44,43,3894
265002,2077,2074,321,331,12,47,239,779
265003,2086,813,986,891,739,242,139,2140
265004,1091,1736,496,147,213,57,82,1207
265005,1212,3150,846,77,173,428,425,1198
265006,410,1776,1466,1403,1225,339,408,743
265007,230,1465,1182,913,68,285,89,159
265008,95,333,678,331,264,160,455,400
265009,102,303,299,20,33,21,52,416
265010,1428,1756,1708,93,507,1106,299,601
265011,232,739,278,606,286,176,293,937
265013,165,1433,1344,476,961,1246,736,417
265014,56,350,971,424,92,141,467,545
265015,54,493,1556,970,135,183,8,66
265016,88,493,797,168,53,173,131,515
265017,183,906,1807,675,354,486,159,1577
265018,40,222,100,206,45,61,5,441
265021,41,6,2,0,208,3065,2134,339
269001,266,723,1112,730,296,510,471,808
269004,399,1185,2961,714,344,335,1248,1037
269005,461,1370,3228,2270,939,782,349,717
270001,254,955,1656,394,188,334,74,729
270002,236,492,659,226,167,196,98,1039
270003,13,18,39,31,8,25,13,441
270004,296,656,1103,678,200,490,109,1539
270005,41,770,749,99,109,47,132,390
270006,564,853,1125,1055,385,956,364,1390
270007,178,278,212,101,50,70,38,609
270008,435,1165,2320,961,378,1149,402,1465
270009,50,144,135,46,15,44,10,583
270010,137,807,811,139,76,448,102,542
270011,178,514,723,300,87,200,48,829
270012,289,289,296,151,61,101,59,638
306001,277,415,985,302,171,646,176,1066
306002,404,807,817,380,142,211,36,1091
306003,146,315,486,180,60,46,40,1233
306004,355,283,585,250,160,267,90,1483
306005,92,213,285,87,44,103,27,449
306006,265,421,408,177,96,342,60,1424
306007,1163,846,942,580,242,703,96,1551
306008,193,198,261,152,118,174,32,433
306010,135,208,145,110,43,68,35,739
306011,346,495,698,351,114,394,80,1148
306012,55,79,68,34,10,31,21,373
306013,33,183,214,29,16,38,8,574
316001,1118,2659,2647,563,138,1582,929,1219
316002,879,1015,2289,1565,1025,1365,583,1361
316003,838,704,22,236,241,614,555,2787
316004,283,505,1402,339,209,118,23,1151
316005,326,687,1207,284,243,407,453,1052
316006,143,309,379,146,88,154,113,904
316007,436,537,690,620,237,787,238,1493
316008,299,415,556,198,99,126,41,1760
316009,290,495,588,339,146,698,112,1558
316010,236,341,615,232,57,302,69,1478
316011,433,589,1157,447,116,514,256,1634
316012,493,462,738,216,45,194,182,2010
316013,463,529,632,264,131,425,75,1113
316014,251,330,423,275,86,405,222,1533
316015,33,190,151,81,38,61,22,375
320001,673,969,1586,491,186,851,545,2283
320002,813,875,1840,875,434,781,227,2835
320003,362,661,855,520,340,366,212,1599
320004,260,372,491,356,221,365,129,1784
320005,190,291,537,321,111,504,316,1845
320006,123,198,636,533,197,359,240,1372
320007,190,463,691,292,170,440,110,1290
326001,250,255,445,341,122,554,60,1463
326002,25,17,37,34,9,21,6,193
326003,425,414,904,345,110,386,74,1775
326004,209,277,577,363,70,312,21,1205
326005,128,145,235,75,34,113,36,1008
326006,56,84,82,57,26,38,26,235
326007,76,229,128,76,46,99,26,495
326008,189,256,665,216,66,157,40,1592
326009,465,540,1096,599,158,705,123,1255
326010,129,140,99,82,35,88,24,1192
326011,80,86,40,21,9,79,7,1097
326012,690,497,608,180,54,75,59,1837
326013,858,346,144,129,32,391,23,1530
326014,108,218,142,41,39,197,18,915
326015,361,695,793,232,47,275,49,1045
326016,306,924,1156,332,112,584,74,925
326017,84,128,138,20,31,82,7,301
326018,339,1132,1179,756,275,536,74,131
329001,706,998,1338,1240,732,2830,592,3075
329002,53,64,36,15,6,26,8,653
329003,61,43,43,49,29,128,25,449
329004,248,896,1963,562,83,593,685,820
329005,120,67,58,18,13,60,73,926
329006,1540,2232,443,698,155,16,94,1027
329008,140,196,61,110,68,160,78,713
329009,136,149,287,55,22,74,17,490
329010,62,216,308,18,31,188,19,532
329011,60,50,15,71,42,36,31,411
329012,44,65,200,22,49,92,31,609
329013,235,148,339,89,19,84,49,451
329014,109,87,121,51,38,58,8,419
330001,148,208,485,218,109,158,45,1938
330003,105,63,49,59,140,399,207,771
330004,100,95,510,200,52,193,54,625
330005,1501,1079,1746,617,238,324,78,2034
330006,1192,1625,825,501,242,600,120,2127
330007,217,578,621,248,35,183,59,421
330008,284,437,641,300,65,540,111,1149
330009,587,1282,2393,1043,381,541,87,825
330010,112,124,193,126,61,108,13,918
330011,551,1411,1541,833,487,856,180,2754
330012,0,0,0,0,0,0,0,0
330013,94,93,164,110,40,88,26,784
330017,0,0,0,0,0,0,0,0
330019,2273,1251,1925,1461,611,218,170,5164
330021,1073,1067,1488,474,177,269,276,1611
330022,531,2402,732,869,673,855,653,1974
330024,124,160,72,19,17,33,24,882
330025,246,416,476,117,153,367,117,1178
336001,252,622,828,624,221,423,256,2584
336002,406,1390,1484,428,331,620,823,1750
336003,400,620,602,453,324,323,151,3057
336004,237,388,281,241,123,271,285,2007
340001,570,643,1295,402,172,730,162,1835
340002,145,205,430,126,18,410,4,775
340004,156,180,304,92,36,119,37,920
340005,833,813,463,341,370,165,22,2423
340006,454,515,914,320,283,474,333,1836
340008,274,369,390,421,118,940,243,1417
340010,481,468,570,587,200,367,86,2625
350001,263,569,594,354,230,850,352,1023
350002,77,494,867,193,95,255,66,567
350003,94,223,432,185,89,67,26,473
350004,48,62,858,124,30,80,5,252
350005,120,299,124,33,40,120,40,525
350006,308,550,1147,416,334,659,570,976
350008,164,411,895,254,216,153,16,807
350009,165,516,713,153,65,349,69,824
350011,164,154,638,326,317,321,340,598
350012,369,679,739,95,68,203,74,983
360001,39,16,93,43,3,6,4,524
360003,248,213,422,205,9,50,26,1298
360008,59,44,111,38,5,6,14,641
360011,199.69,232.49,392.53,222.65,86.79,34.63,9.54,1139.58
360013,855,992,844,504,214,498,91,2851
360014,0,0,0,0,0,0,0,0
360019,333,329,199,195,56,29,12,1980
360020,1283,1223,810,848,190,173,233,3969
360021,1171.45,614.97,954.52,83.00,14.15,171.66,63.19,1900.55
360026,22.85,40.55,49.96,7.34,12.06,2.71,12.26,325.88
360027,58,14,50,28,7,7,0,296
360028,0,0,0,0,0,0,0,0
360029,202,65,220,88,29,74,8,1627
360035,192,177,341,154,14,75,29,1518
360036,343,481,516,220,7,85,7,1886
360037,117,499,373,259,40,14,57,335
370001,236,298,670,273,278,321,102,2201
370002,57,71,101,17,20,34,5,716
370003,142,111,240,163,19,138,17,1243
370004,64,81,792,220,69,609,263,618
370005,98,73,144,63,19,29,12,570
370006,169,198,570,304,38,254,49,1112
370007,119,110,131,89,94,118,25,986
370008,409,664,1205,498,353,1004,528,480
370009,91,85,346,241,30,161,107,385
370010,80,129,149,79,48,258,66,830
370011,162,292,405,308,118,572,108,1331
370012,33,20,76,2,4,43,5,393
370014,233,318,1074,419,113,387,186,1270
370020,1088,790,948,352,55,636,312,713
370021,566,293,112,296,199,197,67,2132
370022,2861,1747,545,1347,435,455,476,1942
370023,865,1330,1480,629,330,297,71,1310
370024,742,2653,1457,222,219,428,156,584
370026,235,709,1414,86,11,182,86,844
370027,474,1148,309,311,629,1813,592,813
370028,86,735,3160,803,244,53,18,5
370029,67,242,58,74,10,88,40,333
370031,181,142,131,93,44,106,37,1239
370032,134,197,600,278,111,390,83,707
376001,370,97,13,400,268,293,125,3276
376002,960,498,310,52,34,13,4,2325
376003,244,1239,1869,554,58,36,11,172
376004,1404,727,511,60,320,291,9,1153
376005,174,286,389,195,2,472,157,1169
376006,200,140,112,122,12,31,2,1292
376007,597,529,823,790,61,151,71,557
376008,227,207,443,165,20,140,24,1682
376009,196,67,109,42,6,24,6,1143
376010,280,319,665,330,36,248,25,1307
376011,293,176,113,117,18,51,16,1518
376012,206,200,397,157,15,145,9,1572
376013,800,675,833,578,215,181,35,2331
376014,194,79,106,94,15,82,11,995
376015,108,34,24,30,14,10,6,982
376016,302,229,395,181,62,270,22,2225
376017,287,172,267,183,17,70,17,2171
376018,157,168,490,213,39,83,8,795
376019,209,513,921,345,137,357,54,876
376020,113,105,173,70,7,46,11,786
390001,1231,828,645,478,249,311,59,1961
390002,585,726,368,183,154,534,24,1597
390003,79,380,658,418,125,458,115,672
390004,190,830,497,300,67,370,42,584
390005,127,111,172,61,18,18,15,735
390006,257,401,379,215,54,265,88,2206
390007,105,263,757,222,16,207,26,481
390008,442,625,586,354,149,341,58,2843
390009,141,103,40,67,47,37,10,1102
390010,145,111,64,50,76,36,9,1833
390011,32,67,127,93,39,193,29,610
390012,295,513,978,404,190,457,52,1240
390013,100,61,65,95,27,44,12,818
390014,55,89,91,27,20,46,9,469
390015,158,147,291,102,67,164,38,993
390016,223,195,277,222,67,126,20,916
390017,142,358,518,96,103,228,22,554
400001,338,284,409,267,68,76,17,1799
400002,260,143,144,166,75,63,12,2069
400003,127,164,165,107,23,66,22,1440
400004,759,432,538,438,97,119,23,2088
400005,114,117,162,217,9,94,21,890
400006,398,438,592,414,118,100,21,3254
400007,266,260,367,143,17,40,12,1553
400008,3034,1990,1910,1112,432,238,261,5398
400009,190,307,479,391,8,47,8,1363
410001,847,1075,568,214,202,554,390,3122
410002,612,949,1531,1151,558,837,431,809
410003,253,554,862,607,420,442,320,974
410004,123,182,317,29,106,1045,645,740
410005,98,94,110,25,22,126,331,776
410006,485,405,536,294,145,404,159,1476
410007,102,131,181,68,112,209,44,1071
410008,383,253,344,241,160,171,136,1345
410009,211,318,382,179,63,117,28,1419
410010,233,171,166,131,61,250,140,1440
410011,169,159,142,53,39,73,34,969
411001,0,0,0,0,0,0,0,0
420001,707,800,1176,548,224,453,178,2775
420002,170,141,329,69,23,41,18,1151
420003,82,66,78,9,8,13,10,579
420004,96,45,28,17,21,13,9,708
420005,241,404,743,357,251,537,256,1379
420006,77,96,146,27,10,24,7,353
420007,126,72,35,48,38,30,23,976
420008,319,332,646,318,137,287,65,1108
420009,77,102,107,40,6,36,1,717
420010,86,74,48,38,17,44,21,703
420011,562,957,1294,577,334,237,180,1857
420012,50,47,63,17,11,23,19,562
420013,291,391,736,279,198,299,62,984
420014,41,23,84,19,14,40,2,501
420015,98,294,463,63,68,110,182,462
420016,210,135,288,330,151,163,18,718
420017,266,247,523,320,161,280,149,661
420018,164,173,239,117,80,46,16,846
430001,151,240,349,67,50,94,28,672
430002,130,161,227,106,26,127,22,636
430003,167,186,388,173,103,109,49,834
430004,73,90,82,50,29,36,22,655
430005,0,0,0,0,0,0,0,0
430007,850,1183,1146,811,297,534,151,3122
430008,155,224,250,86,19,66,31,1102
430009,222,169,266,59,66,64,57,1098
430010,0,0,0,0,0,0,0,0
430011,173,265,322,68,77,72,17,1121
430012,150,212,265,71,58,88,17,840
430013,178,130,169,50,36,96,11,820
430014,106,175,108,61,24,24,30,946
430015,747,955,1352,615,312,888,639,2586
430016,77,91,93,50,25,31,17,750
430017,179,178,549,126,51,75,17,922
430018,206,253,434,179,103,173,48,1041
430019,188,218,715,216,103,124,42,718
430020,299,704,755,241,119,457,268,1050
430021,201,332,309,129,108,167,145,544
430022,296,505,1014,391,218,726,525,1027
440001,199,163,139,68,57,107,52,1285
440002,695,756,1098,702,446,696,349,1834
440003,196,258,147,117,36,129,78,1369
440004,236,450,201,149,105,190,146,775
440005,375,658,1233,562,251,508,246,753
440006,393,1961,1618,587,196,572,96,575
450001,146,174,152,62,25,43,48,1074
450002,1751,2256,2282,742,298,110,596,1535
450003,688,506,662,243,200,703,341,3166
450004,147,103,73,409,164,598,189,686
450005,63,75,68,13,9,19,3,831
450006,267,620,738,178,162,377,40,604
450007,32,64,47,43,17,27,8,263
450008,22,72,125,33,6,3,3,321
450009,58,65,82,36,12,45,12,610
450010,144,251,278,208,139,204,132,489
450011,97,107,137,77,42,37,27,853
450012,30,107,195,60,9,80,6,820
450013,84,46,159,75,28,135,9,699
461001,847,234,50,974,476,278,1184,8296
461002,2243,254,88,377,303,737,1344,5797
461003,1935,535,415,31,72,64,93,1216
461004,4086,233,25,64,3,53,90,5366
461005,2093,2629,613,1650,134,323,345,583
461006,126,950,873,314,77,66,114,404
461007,190,1207,850,456,976,1433,765,601
461009,169,393,224,48,554,1626,239,680
461011,304,24,49,158,471,793,2307,8061
461012,6115,1202,1244,168,52,234,503,1348
461013,155,156,121,109,5,182,48,463
461014,329,1110,2189,1073,306,183,557,913
461016,152,220,631,1262,235,970,167,541
461017,811,2792,1368,410,235,59,37,801
461018,557,3293,747,113,135,49,63,894
461019,155,1263,904,147,708,621,772,529
461020,155,1162,2028,679,42,101,35,438
461021,325,701,225,84,105,633,71,1029
461023,597,398,154,1092,292,460,356,8995
461024,1539,131,53,57,14,21,61,3839
461025,1306,3092,1258,1200,68,402,1529,242
461026,702,2488,5010,1225,278,139,152,957
461028,269,1406,1198,564,226,448,638,702
461029,2090,904,1404,76,101,22,70,1970
461030,1462,1957,2100,1248,643,302,345,1027
461031,380,798,744,578,51,148,655,373
461032,96,94,87,51,15,65,21,533
461033,192,920,1262,671,635,625,305,838
461035,15,3671,6305,828,11,0,6,108
461036,2,0,288,3321,739,197,85,49
479001,2204,1161,1789,1088,1022,495,371,6228
479002,856,543,481,543,58,16,42,1012
479003,884,1121,1503,1478,118,592,47,1632
479004,97.58,190.63,111.20,22.13,28.37,55.60,28.93,686.48
479005,468,584,899,297,316,326,160,1011
479006,0,0,0,0,0,0,0,0
479007,144,249,453,403,195,454,125,508
479008,74.42,145.37,84.80,16.87,21.63,42.40,22.07,523.52
479009,233,283,304,246,69,411,175,1051
479010,159,624,877,490,218,201,96,880
479011,129,363,785,529,268,71,81,597
479014,110,194,175,80,20,59,16,716
479016,162,294,383,33,77,233,82,950
479017,240,287,365,121,58,167,76,1246
479019,177,211,464,169,86,172,87,1435
479021,118,88,95,36,33,61,8,818
479023,85,83,159,57,71,224,40,863
479025,114,138,100,64,12,148,27,820
479027,119,177,174,168,31,174,46,1032
480001,465,482,695,365,268,566,455,2514
480002,42,73,24,26,14,14,4,734
480003,386,327,245,95,56,80,53,2043
480004,455,1024,1489,818,317,488,402,1640
480005,116,131,101,20,15,32,21,813
480006,161,144,215,96,24,83,29,674
480007,133,94,104,59,14,53,31,890
480008,231,299,442,216,195,409,278,832
480009,155,130,165,66,31,50,16,955
480010,199,375,1461,446,184,323,297,1198
482001,78.48,87.42,74.14,71.85,16.82,8.28,4.08,558.40
482002,159.03,192.68,302.98,151.27,61.65,33.41,8.66,1539.52
482005,565.49,520.90,709.88,475.88,170.54,209.31,186.26,2865.08
482007,108.60,159.79,341.80,103.16,23.54,78.54,21.72,1159.05
482011,76.40,65.21,122.20,45.84,17.46,99.46,12.28,1003.95
492001,162,255,366,106,56,108,24,1670
492002,169,185,190,95,16,68,32,1397
492003,36,56,98,53,9,10,15,788
510001,1113.95,825.74,1417.66,1327.41,370.43,369.24,318.40,4335.54
510002,1747,1483,896,128,162,507,332,1691
510003,902.45,559.03,581.96,243.71,77.30,104.43,365.16,1503.38
510004,97.12,166.75,158.16,56.67,20.78,57.81,22.24,623.28
510005,113.89,152.60,195.12,73.56,26.44,50.95,45.78,521.97
510006,72.83,79.76,272.83,308.66,199.15,275.19,77.40,659.21
510007,0,0,0,0,0,0,0,0
510008,189.65,185.77,187.17,105.36,57.28,94.26,60.26,831.03
510009,189,349,911,258,288,428,100,391
510010,134.35,224.23,230.83,75.64,76.72,147.74,42.74,639.97
510011,136.67,195.41,100.94,81.71,40.31,47.07,16.61,641.34
510012,76.70,153.39,242.20,59.20,47.36,48.27,44.72,279.22
510013,135.60,377.23,136.38,83.89,87.27,201.34,16.43,493.08
510014,300.64,401.19,335.85,163.10,13.33,68.66,19.66,870.45
510015,217,101,279,134,12,45,31,499
510016,161,315,152,104,11,45,7,253
510017,1161.83,1645.62,1925.78,712.44,417.89,436.76,189.27,653.06
510018,283.32,371.27,330.11,131.66,64.74,69.29,39.31,1216.47
510019,151,194,179,43,11,23,23,573
510020,604.36,426.50,635.79,230.25,76.93,140.66,196.81,1025.95
510021,131.07,108.60,125.38,51.62,14.36,24.44,20.72,327.26
510022,66.58,33.89,61.83,29.12,11.72,24.90,19.47,265.79
530001,224,805,1888,1376,1058,532,924,221
530002,404,322,422,168,111,128,43,754
530003,310,169,281,180,190,182,141,678
530004,119,113,143,89,29,108,67,348
530005,186,98,140,88,40,58,16,408
530006,1630,2240,2578,1199,658,747,660,1294
530007,296,219,378,152,102,125,37,732
540001,692,1495,823,540,225,216,191,1405
540002,399,601,491,370,50,67,68,657
540003,302,663,418,336,189,315,44,1141
540004,133,345,494,90,104,100,40,1106
540005,322,833,736,357,206,300,178,833
540006,182,403,932,317,224,509,146,626
540007,163,239,467,143,26,88,29,1336
540008,24,43,39,20,5,8,8,409
540009,410,2070,2035,1054,1563,927,311,1052
540010,2323,2937,1840,275,42,81,420,259
540011,1661,240,169,219,206,368,399,4341
540012,493,914,968,1235,353,810,308,973
540013,206,409,857,232,148,392,70,999
540014,145,158,339,160,39,91,17,869
540015,316,695,838,392,282,398,108,1587
540016,911,1028,1396,837,356,947,294,2216
540017,102,102,144,48,22,40,26,479
550001,188,252,439,195,52,45,17,683
550002,85,56,96,25,35,23,7,391
550003,81,54,96,16,2,21,14,281
550004,287,166,261,151,51,47,15,722
550007,68,48,48,34,6,3,8,344
550008,156,114,169,92,71,29,15,473
550012,352,313,903,442,170,102,85,842
550014,205,178,163,59,56,125,64,557
550015,127,163,70,61,18,8,9,317
550016,192,91,153,55,14,14,8,451
550017,333,224,456,153,51,71,33,796
550018,128,54,96,81,24,55,14,322
550019,78,48,39,31,5,6,2,360
550021,108,65,50,39,12,0,8,425
550023,412,449,1346,400,141,128,134,1023
550024,148,127,136,45,17,20,4,555
550025,1218,1247,1565,736,492,370,111,2445
550027,186,181,195,90,34,26,20,368
550029,119,112,208,67,20,22,6,461
550051,30,96,128,61,41,36,17,150
550061,445,549,800,367,113,273,149,1011
550071,93,89,102,11,15,25,4,311
561002,1004,551,337,587,434,409,643,8709
561003,1568,181,69,7,17,62,144,587
561004,1233,560,266,446,169,136,237,1356
561005,1217,3061,1567,256,95,52,101,579
561006,3097,1196,256,289,529,62,137,971
561007,1306,2360,809,139,110,32,73,486
561008,173,383,428,211,82,112,362,483
561011,117,2003,1606,117,109,68,141,67
561012,314,456,662,416,123,529,272,684
561015,765,2672,2269,770,160,74,187,257
561016,257,1089,1894,1700,935,643,658,499
561017,85,184,417,65,37,371,211,223
561020,253,822,518,191,258,441,307,768
561021,0,8,3973,8,25,41,0,2
561022,10,123,1368,1434,72,66,67,32
561023,0,0,2130,1639,0,0,1,10
561024,0,0,542,1835,356,678,739,18
561025,822,1074,2652,1081,687,1070,602,2625
561028,1457,1457,1908,788,717,780,477,3570
561032,254,326,526,126,48,68,48,654
561033,353,205,491,201,70,163,107,1207
561035,0,0,0,0,0,0,0,0
561038,232,144,241,70,25,46,12,864
561040,308,475,573,281,161,249,142,1479
563001,146,271,589,305,162,225,229,1197
563002,34,52,55,29,3,16,6,169
573001,1930,1967,2578,1584,1157,1234,1123,2768
573004,126,205,205,59,78,57,40,363
573005,59,27,190,47,68,83,38,338
573006,153,96,123,42,53,60,43,364
573007,112,209,441,117,112,137,168,347
573008,151,88,147,49,38,24,23,646
573009,109,95,308,93,52,106,57,506
573010,147,117,253,75,66,44,18,684
573013,223,232,540,183,102,209,63,704
573014,69,65,92,42,33,47,25,464
573015,222,138,342,145,70,86,45,638
573018,374,451,862,382,359,405,157,763
573019,12,49,86,68,37,53,47,217
573022,161,77,289,127,28,55,69,441
573023,226,216,398,153,103,98,80,332
573024,93,49,91,33,29,44,20,318
573026,208,124,362,77,74,89,108,524
573027,159,132,215,23,46,62,47,375
573028,154,134,197,64,41,107,30,657
573030,595,562,1338,521,275,280,174,2151
573031,178,154,401,215,163,81,110,744
573032,219,231,270,199,56,51,65,655
573033,78,57,87,82,38,43,31,420
575001,569,675,1400,520,333,488,174,1510
575002,134,57,82,78,25,44,29,387
575003,320,412,787,322,198,210,114,1354
575004,158,93,82,39,29,51,10,706
575005,201,128,130,92,51,66,24,592
575006,65,45,57,77,26,59,20,231
575007,474,423,562,365,205,290,85,1068
575008,159,111,143,46,12,34,7,463
575009,186,265,462,194,193,353,126,791
575010,76,72,94,36,13,18,27,416
575011,214,275,313,128,92,76,75,686
575012,27,27,51,12,5,13,16,324
575013,126,94,120,30,9,15,0,398
575014,1047,1620,1845,1325,549,612,416,1773
575015,64,24,36,72,33,50,54,364
575016,172,304,393,109,173,992,555,731
575017,77,86,249,135,40,104,144,687
575018,166,97,271,121,41,118,40,697
575019,340,140,285,118,78,203,35,1008
580001,109,82,150,58,12,28,1,499
580002,113,105,87,68,26,44,40,455
580003,400,708,1769,694,631,1157,372,1048
580004,301,566,1065,334,154,443,289,1311
580005,200,255,531,175,82,88,14,618
580006,150,75,89,58,32,42,22,496
580007,232,160,449,177,26,133,26,1065
580008,238,464,460,195,130,209,142,620
580009,206,194,373,194,98,95,39,1032
580010,92,136,198,125,14,11,33,699
580011,314,275,511,274,64,77,36,1070
580012,368,286,886,409,320,208,85,951
580013,215,272,515,209,118,122,63,681
580014,644,794,662,377,315,279,147,1069
580015,736,806,1125,808,296,300,43,1019
580016,1533,1905,811,435,472,534,198,3482
580017,1396,824,729,273,373,186,33,298
580018,18,0,1306,1012,195,234,396,58
607001,4370,3537,1447,298,238,218,226,4005
607002,77,279,372,105,51,131,24,501
607003,308,1408,3410,2108,809,494,419,642
607004,40,63,69,64,18,104,14,445
607005,355,581,1346,590,559,959,467,783
607006,1230,1889,3400,822,962,1586,634,698
607007,95,251,588,136,109,328,105,298
607008,230,155,130,545,399,212,371,4270
615001,2758,1043,131,115,64,215,680,1629
615002,932,365,233,760,310,322,696,3054
615003,851,419,265,573,377,433,255,7344
615004,0,0,0,0,0,0,0,0
615005,910,796,763,513,280,234,269,2122
615006,764,1624,4225,926,297,737,681,645
615007,215,1924,1651,229,206,725,695,322
615008,147,128,608,203,89,621,1583,390
615009,167,143,339,266,149,513,1076,671
615010,196,364,350,331,88,629,928,740
615011,194,749,1548,1096,454,1010,803,745
615012,52,156,1731,544,299,454,510,334
615013,491,567,977,427,228,463,222,1368
615014,166,85,178,69,36,266,128,959
615015,123,45,105,32,26,163,63,552
615016,323,210,557,275,113,661,337,1190
615017,181,312,576,165,178,612,294,721
615018,181,366,689,185,192,583,380,1093
615019,97,114,248,123,87,178,138,806
615020,55,33,62,38,13,40,24,457
615021,213,1200,904,40,2,382,78,39
615022,66,47,72,42,7,45,14,214
621001,652,874,300,853,589,340,308,3611
621002,890,963,2145,689,179,32,124,712
621003,983,2361,633,1026,380,368,46,452
621004,267,586,1567,1217,1317,1535,1016,1107
621005,256,1030,1936,708,334,512,163,367
621006,199,445,950,276,383,1165,568,1159
621007,333,562,912,436,407,865,274,2156
621008,2537,1466,371,138,196,579,301,926
621009,2017,897,705,127,234,126,373,4394
621010,692,2037,844,353,188,727,397,968
621011,280,905,1545,266,177,312,1057,371
621012,294,460,709,332,279,336,251,1904
621013,115,285,827,211,213,437,660,405
621014,448,974,1320,520,483,802,200,2686
621015,494,795,1001,490,284,651,267,3018
630001,222,488,762,141,122,393,482,750
630002,305,450,1026,509,555,1387,1493,1068
630003,74,425,566,81,133,228,89,463
630004,137,187,496,99,92,182,95,1060
630005,108,135,421,170,85,309,123,620
630006,297,334,575,236,202,380,218,1426
630007,40,104,198,103,75,75,43,332
630008,180,138,445,85,66,248,82,824
630009,2310,1673,345,1039,613,997,685,8030
630010,93,255,241,29,111,68,64,457
630011,161,421,1666,1290,434,168,190,373
630012,429,760,548,190,41,196,267,1328
630013,0,59,1553,1602,72,17,0,103
630014,1194,935,252,7,103,2,15,485
630015,1293,348,0,86,161,327,804,1477
630016,85,526,341,29,233,696,327,328
630017,586,666,1327,622,377,666,369,1352
630018,185,249,415,158,106,161,94,1065
630019,134,85,205,91,58,142,100,573
630020,149,123,204,74,47,73,64,470
630021,157,77,78,36,29,77,21,591
630022,31,38,40,21,9,33,14,309
630023,146,118,296,114,48,123,42,767
630024,216,512,530,434,494,812,453,955
630025,144,156,194,79,21,67,25,1190
630026,59,193,197,75,174,234,230,469
630027,111,154,540,137,168,310,59,743
630028,143,118,181,107,82,90,53,875
630029,133,237,375,55,73,81,44,535
630030,836,2230,1864,200,550,826,916,301
630031,79,200,30,37,105,302,1121,374
630032,395,1079,2924,1672,496,985,964,417
630033,422,222,42,57,117,141,201,1430
630034,187,1524,693,305,178,483,601,551
657001,6726,8490,1943,1134,1322,1246,1340,4367
657002,252,220,290,90,65,66,38,324
657005,238,422,692,523,277,278,137,852
657006,188,134,126,93,12,28,47,309
657007,251,1181,1621,385,359,883,1296,471
657008,357,345,457,217,127,113,57,646
657009,167,108,131,48,18,48,21,439
657011,84,246,35,46,17,27,21,302
657013,351,519,1187,317,233,353,238,1012
657014,154,105,169,55,38,48,6,238
657015,3,3,923,501,42,402,82,23
657016,197,152,227,93,36,82,24,324
657017,680,1564,2159,1069,645,997,722,955
657018,102,70,208,71,23,61,13,201
657019,70,203,238,128,29,31,15,225
657020,83,80,56,54,19,7,13,186
657021,69,86,66,61,40,46,63,451
657022,81,79,314,101,47,56,59,242
657023,156,924,1386,497,325,510,887,560
657024,370,830,1123,527,298,521,483,580
657025,176,195,232,83,67,109,49,457
657026,92,997,2465,424,163,794,989,226
657027,252,321,1257,543,305,630,387,752
657028,83,30,74,49,27,44,39,152
657029,182,185,472,110,59,166,68,474
657030,204,155,250,105,40,62,17,370
661001,4402,3073,1954,1271,842,892,729,4588
661002,207,772,1173,480,148,1160,1194,422
661003,322,256,324,142,78,152,122,892
661004,153,395,477,379,551,1276,1140,391
661005,203,3143,5459,2075,1680,721,685,212
661006,584,616,1125,432,248,429,171,2062
661007,286,192,349,115,46,87,51,866
661008,282,339,711,232,266,263,127,1177
661009,215,227,406,118,76,123,17,764
661010,107,121,266,92,47,69,29,323
665001,936,1136,1565,685,226,423,91,1695
665002,332,247,417,86,117,111,48,1170
665003,158,124,568,74,164,137,53,801
665004,246,230,317,146,13,54,27,911
665005,171,126,162,93,50,49,9,637
665006,246,106,188,100,16,45,38,690
665007,307,301,681,298,73,71,36,198
665008,213,316,532,194,51,50,38,329
671001,1038,1638,1569,839,394,424,381,1997
671002,213,597,535,386,49,75,89,236
671003,104,135,400,147,55,110,73,672
671004,84,215,429,116,42,171,39,666
671005,168,177,440,134,430,373,73,94
671006,244,200,572,97,76,81,63,853
671007,254,259,506,183,74,173,41,1553
706001,422,1278,2040,1140,671,1234,399,1463
706002,236,418,417,273,137,328,174,1800
706003,180,268,291,119,44,135,51,1142
706004,252,244,542,336,146,261,178,1499
706005,643,423,845,459,157,552,220,1527
706006,501,910,1191,1099,628,801,1137,1735
706007,301,505,400,257,158,218,249,1614
706008,614,783,1641,733,543,1112,882,1991
707001,1014,1450,1343,1193,625,476,492,3335
707002,0,0,0,0,0,0,0,0
707003,242,195,278,118,35,88,46,1525
707004,813,2639,1272,502,194,302,377,770
707005,280,363,715,309,171,270,161,1536
707006,263,217,201,138,67,137,48,1077
707007,323,240,442,234,159,183,84,1439
707008,257,273,497,304,49,178,41,925
707009,461,313,784,406,194,452,325,1445
707010,164,147,314,180,88,101,63,747
710001,441,891,1010,970,357,726,283,1110
710002,190,426,927,137,433,485,262,1016
710003,96,303,537,96,48,447,199,705
710004,553,1021,1715,690,654,1200,497,1338
710005,283,195,158,67,35,163,65,1150
710006,139,531,911,666,336,600,671,1022
710007,68,523,1260,525,638,568,458,361
710008,114,225,269,88,136,172,256,574
710009,342,416,571,356,175,363,86,1743
710010,304,328,494,203,140,444,132,1739
710011,221,188,208,112,53,107,35,1119
710012,28,449,927,113,315,662,404,179
710013,125,87,184,88,53,70,29,602
710014,72,103,110,50,81,214,89,494
727001,1060,1463,2476,1373,1017,1636,1368,3087
727002,49,19,15,4,4,18,13,373
727003,131,279,343,103,153,211,107,414
727004,83,157,72,63,26,152,38,765
727005,97,164,208,151,215,297,268,614
727006,82,50,98,48,56,45,31,744
727007,91,183,136,65,34,73,51,711
727008,101,123,99,64,28,78,21,746
727009,0,0,0,0,0,0,0,0
727010,0,0,0,0,0,0,0,0
730001,396,363,485,253,61,228,237,1114
730002,142,461,513,324,70,394,633,535
730004,59,128,86,22,17,41,17,507
730005,118,126,242,108,34,39,35,879
730006,103,83,128,90,16,18,20,673
730007,89,126,217,126,47,170,16,644
730008,116,239,535,149,204,273,228,937
730009,63,263,396,68,50,86,29,632
730010,93,85,217,86,32,71,12,809
730011,571.31,990.14,534.68,617.85,348.53,507.94,504.97,972.32
730012,107,342,393,221,210,526,568,566
730013,190,643,599,607,326,773,432,687
730014,71,369,1076,215,174,235,133,392
730015,69,94,157,34,20,67,29,440
730016,124,101,205,62,25,84,43,494
730017,128,147,332,98,53,84,18,445
730021,162,210,517,186,86,219,117,960
730024,952.69,370.86,19.32,116.15,38.47,610.06,252.03,2930.68
730025,699,376,94,26,55,73,7,2548
730026,1365,1080,2377,482,67,19,172,151
730027,1388,2464,946,123,23,131,228,623
730028,501,329,24,226,115,57,28,3665
730029,1211,978,2920,506,120,208,66,1049
730030,1511,915,540,288,46,91,25,564
730031,1176,1769,1884,430,172,420,426,1776
730032,795,1356,750,134,97,49,91,939
730033,40,94,43,232,320,489,372,560
730034,19,202,665,1083,375,442,548,277
730036,177,575,884,374,214,896,505,760
730037,70,54,148,39,34,56,11,574
740001,356,380,549,249,139,327,302,1044
740002,303,428,288,280,244,238,903,437
740003,215,252,395,183,88,155,61,859
740004,199,187,385,130,57,346,100,749
740005,98,90,95,129,78,243,73,549
740006,170,809,1556,1501,230,1705,1356,203
740007,497,728,1069,494,409,792,278,1515
740008,117,126,116,95,54,218,99,416
740009,105,149,142,29,46,84,55,759
740010,144,144,133,153,68,71,46,711
740011,149,605,260,118,232,181,182,214
740012,70,138,47,54,43,169,32,411
740013,406,821,942,419,411,462,700,299
740014,60,83,104,23,16,78,37,694
740015,161,130,220,78,46,393,123,635
740016,398,384,395,183,108,138,67,1284
740017,176,116,142,77,40,64,27,688
740018,104,89,310,162,156,448,375,400
740021,80,848,1975,258,325,188,698,166
740022,206,158,520,175,95,272,63,682
740023,133,427,1110,281,821,1520,837,221
740024,55,77,170,145,106,319,59,268
740025,39,74,89,10,27,44,27,181
740026,758,815,29,4,0,479,318,107
740027,306,298,575,492,196,309,843,282
740028,1544,507,590,287,299,216,41,829
740029,815,2368,2407,340,388,302,207,493
740030,207,189,940,534,241,690,160,816
740031,1520,488,156,497,465,452,829,4970
740032,300,922,648,281,558,317,277,224
741001,306,155,337,124,64,179,46,2037
741002,29,18,50,23,18,25,5,241
746001,137,148,254,87,76,366,90,1181
746002,244,774,1547,787,666,490,854,818
746003,159,140,249,161,116,272,328,641
746004,197,1093,2583,763,857,1333,1505,900
746005,283,356,534,213,232,555,240,1241
746006,1248,1439,1460,733,402,1098,669,2828
746007,123,640,2623,456,747,1787,567,338
746008,733,870,1148,827,483,992,1161,1442
746009,95,441,1651,245,242,769,906,884
746010,203,788,1205,409,269,331,701,770
746011,94,138,562,82,99,351,128,737
746012,84,281,408,198,71,235,209,808
751001,1037,850,0,34,137,42,69,14353
751002,1872,1982,140,0,100,0,0,3455
751003,1160,2881,1143,1389,657,978,212,354
751004,2579,1428,224,146,59,110,312,1034
751006,80,824,3644,1196,967,812,1914,618
751007,2454,2442,251,153,67,74,192,1744
751008,2739,2357,2121,893,622,1177,1326,1765
751009,136,842,1218,1022,418,423,254,432
751010,188.97,19.12,27.97,252.32,188.90,453.27,3488.07,4747.84
751011,340,606,859,397,488,602,1352,915
751012,116,495,1107,727,375,1349,989,608
751013,167,876,623,539,319,686,1407,1274
751014,64.08,0,7.32,81.08,59.63,151.18,1203.66,1497.38
751016,52,60,45,41,68,92,81,398
751018,154,447,1403,1458,643,846,1863,572
751019,72,532,632,731,935,407,1825,190
751020,65.26,154.91,59.08,189.60,166.38,214.29,726.94,4214.66
751021,148.69,352.97,134.62,432.00,379.09,488.26,1656.33,9603.12
751022,936,750,663,113,85,83,200,1642
751023,1857,1046,3343,501,586,1063,1033,570
751024,659,2235,1278,531,372,1370,546,1353
751025,1190,2230,5081,53,100,126,201,193
751026,30,206,4330,1338,464,55,19,276
751027,1137,32,0,14,196,1307,2722,2026
751028,192,1002,2671,816,954,1970,1443,765
751030,181,1015,756,263,419,905,418,906
751031,49,52,50,22,62,46,23,398
751033,108,534,301,309,564,743,1029,585
751041,710,720,65,7,73,17,195,6771
751042,2704,1906,160,141,81,210,485,7319
751043,4659,904,278,612,376,200,289,594
751044,63,86,150,158,189,238,384,513
751045,2401,2159,1140,696,456,228,805,2572
751047,189,1503,3594,1686,1237,2022,1415,472
751048,101,499,434,567,454,600,940,426
751049,101,1898,1365,429,199,248,641,323
751050,157,1013,1253,374,1013,681,530,444
751051,380,1349,1847,452,730,1702,2473,652
751053,124,181,1211,466,95,454,578,542
751055,37,153,190,11,86,259,120,289
751056,138,339,168,251,24,104,257,805
751061,377,1621,1922,2929,1621,1166,2141,298
751062,2,2193,2448,0,0,36,263,13
751063,2653,2530,4512,1626,437,187,546,660
751064,1900,1567,328,176,91,180,1149,2533
751065,772,1558,1474,2060,753,869,1102,180
751066,492,686,1083,1452,1270,328,564,437
751067,1661,1073,646,55,136,651,477,1719
751068,3019,461,2,1,5,18,99,0
756001,290,254,443,223,115,198,153,731
756002,189,84,145,54,51,105,63,458
756003,273,449,516,296,46,143,81,560
756004,143,81,144,70,18,52,20,525
756005,1050,1272,1538,650,668,1020,808,1769
756006,142,119,143,66,16,30,12,409
756007,1904,2947,4410,2069,1428,1568,1153,1435
756008,89,168,227,90,57,106,101,295
756009,347,539,764,459,101,238,191,987
756010,296,287,665,432,71,283,186,791
760001,697.73,944.39,1133.54,480.34,281.63,260.54,121.42,1442.44
760002,103,120,244,140,71,157,48,422
760004,217.01,124.25,157.28,77.21,42.46,39.72,22.76,372.77
760007,424.26,187.36,270.18,102.46,92.90,91.74,66.82,1099.79
760010,371,497,1009,569,221,241,174,286
760012,70,141,259,116,225,214,58,189
760014,769,1331,1869,1227,459,1248,891,1732
760016,212,97,192,141,69,69,44,714
760021,318,293,477,193,147,145,45,541
760022,317,222,414,158,120,119,100,979
760024,1023,1252,1567,974,511,795,537,1515
760025,239,133,161,85,31,53,45,623
760027,388,266,306,108,110,55,51,1367
760028,120,105,183,75,57,84,32,574
760030,591,627,1458,505,382,532,241,616
760032,271,118,254,99,41,42,21,523
760033,272,247,639,200,69,143,79,903
760035,437,461,690,267,203,283,207,1400
766001,398,900,1141,1138,1145,1746,1197,1143
766002,272,747,1395,441,239,423,184,656
766003,107,208,370,179,95,222,107,892
766004,67,165,317,142,97,295,106,491
766005,55,56,88,65,18,35,26,289
766006,36,154,483,74,94,135,52,378
766007,398,804,870,469,384,622,311,1080
766010,163,179,275,86,50,76,30,856
766011,83,148,196,63,67,185,40,765
766012,108,174,299,242,172,273,112,540
766013,139,139,151,75,39,195,128,970
766014,198,135,123,27,34,65,21,907
766015,239,258,291,124,111,224,156,870
766017,153,271,329,178,88,260,89,1420
766020,99,145,458,180,88,206,185,591
766021,248,274,475,306,234,347,317,953
766022,93,137,313,153,96,213,87,581
766023,118,76,121,69,14,119,63,761
766024,95,97,258,46,74,100,33,309
773001,172,113,176,58,10,31,18,784
773002,631.33,438.54,599.00,294.04,96.57,134.26,67,2121.73
773003,319.88,245.33,346.32,158.85,48.59,85.99,77.44,1342.86
773004,276,183,211,70,24,91,11,1120
773005,1335.79,1362.13,1870.68,1082.11,280.83,537.75,262.56,3159.41
779020,71,78,84,68,21,25,20,400
779021,3384,3881,4673,1735,1347,1286,745,5074
779022,611,909,921,294,270,428,280,1736
779023,366,381,790,297,163,227,141,1237
779024,341,325,684,255,79,192,63,1777
779025,402,364,849,374,188,172,55,859
779026,408,342,937,272,104,168,88,1443
779027,306,255,566,215,68,130,68,1559
787001,1809.74,2935.76,2727.61,1155.96,585.56,932.46,684.50,4225.65
787002,509.77,363.66,448.73,249.12,77.86,147.86,126.29,1546.69
787003,631.96,404.42,825.26,292.67,128.67,259.64,92.42,1609.18
787004,76.20,873.18,796.88,509.80,113.58,78.96,59.24,457.70
787005,294.57,294.43,391.81,157.07,65.14,129.16,112.97,1631.23
787006,114,90,97,90,14,64,39,593
787007,153.81,163.49,339.55,125.57,25.99,48.56,17.45,994.32
787008,186.88,180.20,273.80,83.77,40.85,37.54,38.76,1114.93
787009,169.51,231.17,348.34,176.98,44.03,60.44,55.22,607.04
787010,182,81,250,128,24,56,57,541
787011,80.49,127.35,185.07,93.68,41.22,70.10,21.65,323.02
787012,273.35,178.89,303.39,175.98,49.49,88.26,77.37,1049.57
787013,161.71,119.45,202.55,94.40,51.62,38.01,13.13,512.67
787014,64,80,332,148,54,136,103,368
787015,70,96,141,123,95,114,115,300
791001,370,442,661,284,155,337,195,836
791002,311,392,651,208,225,489,258,988
791003,897,550,751,229,94,316,154,421
791004,258,378,603,242,142,421,333,1186
791005,248,296,548,138,66,127,62,948
791006,371,315,701,334,197,462,97,978
791007,227,224,550,142,46,147,68,876
791008,5110,5465,4104,1359,2075,2978,2134,6912
791009,1222,1465,1672,1116,801,740,389,2598
791011,271,181,313,113,75,129,88,1228
791012,522,429,786,385,170,360,299,1769
791013,522,1283,3340,2057,1097,2147,1612,1405
791014,276,242,550,280,99,648,279,1307
791015,311,422,619,299,141,145,131,1500
791016,361,424,730,316,172,373,151,1238
791017,245,271,604,319,222,253,146,1181
810001,102,78,131,47,15,24,10,455
810002,261,174,333,107,28,93,57,686
810003,551,436,1097,456,186,552,294,1492
810004,178,133,174,68,14,50,15,683
810005,294,427,1133,482,222,661,597,862
810006,241,197,337,113,30,92,16,934
810010,1861,2140,2779,1239,541,1271,793,2497
810034,80,83,65,38,2,54,18,383
810040,123,93,124,57,18,54,37,758
810050,144,128,237,133,40,106,65,769
810056,93,59,43,31,10,16,21,388
810070,270,212,275,125,47,136,56,1266
810080,54,127,122,61,14,80,15,435
813001,1720,1632,1839,1005,409,453,217,724
813002,170,246,458,187,81,178,46,387
813003,176,119,202,81,6,30,12,244
813004,97,444,480,126,31,78,58,333
813005,313,555,449,424,128,164,134,323
813006,4686,4387,4730,2897,568,1237,877,4494
813007,205,159,404,209,49,28,40,753
813008,83,341,640,278,74,152,133,271
813009,1002,1585,2339,1155,537,933,534,1562
813010,169,121,136,42,13,18,25,575
813011,124,40,115,46,5,21,7,443
813012,115,51,59,38,14,16,13,466
813013,244,155,267,129,23,106,53,948
813014,101,79,85,41,4,10,15,331
813015,355,193,344,196,77,134,81,910
820001,500,406,701,527,162,168,174,1347
820002,485,490,1372,412,233,250,154,1575
820003,100,76,100,26,16,30,10,403
820004,844,1202,2111,1317,608,1020,764,1640
820005,181,148,193,106,64,111,38,733
820006,148,113,106,48,10,19,28,669
820007,279,251,201,130,30,47,23,904
820008,218,138,221,143,57,68,46,944
820009,145,122,164,103,15,71,9,545
820010,513,755,791,386,256,361,199,1629
820011,213,337,259,82,9,42,22,865
820012,130,123,123,39,26,41,19,849
820013,157,101,151,21,17,46,13,519
820014,95,81,79,28,16,48,22,452
825015,162,192,329,149,56,109,27,762
840001,453,987,2091,979,629,1480,2032,1056
840002,475,530,794,427,336,510,273,948
840003,235,217,694,144,65,125,130,652
840004,434,256,339,253,76,159,115,1155
840005,324,306,357,261,121,183,53,1383
840006,158,89,148,107,77,116,81,595
840007,151,189,628,176,55,95,126,573
840008,213,101,172,84,45,48,17,857
840009,117,60,86,37,10,36,23,571
840010,176,105,247,68,32,44,33,838
840011,78,48,43,11,7,25,13,467
846002,165,221,532,121,92,178,45,927
846003,444,338,539,354,285,385,216,1474
846004,506,212,723,446,181,418,168,1073
846008,194,165,403,165,131,277,169,810
846009,293,208,321,151,40,130,72,1117
846011,917,713,1399,834,203,410,334,1894
846014,112,54,93,64,17,48,12,670
846018,333,170,377,264,77,230,112,836
846020,283,405,603,306,161,380,191,1242
846022,244,230,250,122,71,324,55,898
846027,1427,1579,1610,1312,469,1164,888,2724
849001,329,1213,1220,489,477,958,1061,790
849002,77,430,655,135,27,105,90,408
849003,82,392,339,90,52,181,268,313
849004,198,131,208,88,30,48,26,484
849005,48,178,205,85,37,99,64,461
849006,68,74,75,68,17,30,17,321
849007,53,27,100,19,8,28,21,298
849008,333,430,630,264,226,243,121,794
849009,222,166,385,62,27,43,14,452
849010,64,32,174,39,5,9,20,290
849011,160,84,130,49,56,94,59,467
849012,135,122,286,63,35,48,36,839
849013,417,513,821,670,290,355,94,1054
849014,196,115,188,114,19,44,27,620
849015,98,81,138,24,12,17,29,693
849016,137,90,84,37,17,44,30,783
849018,626,725,1478,810,331,383,167,1630
849020,144,142,286,211,91,272,206,212
849021,177,110,206,90,58,60,47,508
851003,1755.06,882.02,260.67,152.81,339.33,752.81,1042.14,2046.07
851004,1368.94,687.98,203.33,119.19,264.67,587.19,812.86,1595.93
851005,1830,1891,3550,1314,112,140,433,1573
851007,296,703,781,52,181,193,142,595
851009,232.39,604.65,713.55,300.56,105.79,321.36,157.14,713.55
851010,292.61,761.35,898.45,378.44,133.21,404.64,197.86,898.45
851011,597,1687,1649,962,197,473,522,1236
851012,195.50,63.07,74.00,62.53,118.78,108.13,566.30,2780.45
851014,2025,96,8,89,56,433,121,1670
851015,372,0,20,152,591,461,168,5712
851016,520.50,167.93,197.00,166.47,316.22,287.87,1507.70,7402.55
851017,2675,1922,905,157,65,211,331,2141
851018,634,1479,1855,450,202,166,491,387
851019,969.38,1344.11,1512.20,1177.28,601.60,734.30,846.78,1293.56
851020,564.62,782.89,880.80,685.72,350.40,427.70,493.22,753.44
851022,336,750,1622,300,187,782,713,1020
851024,294,1537,1483,1238,369,923,914,768
851027,2819.40,320.25,167.98,165.67,124.20,304.58,2002.20,2562.21
851028,2467.12,66.06,28.09,43.69,74.38,270.48,1465.29,2195.60
851029,820.59,2934.64,1229.96,927.79,758.16,1262.64,1363.04,343.84
851030,1348.45,478.55,294.77,276.75,92.25,57.66,1584.12,1362.86
851031,1510,2776,1391,382,122,100,339,1639
851032,139,478,1505,297,174,643,270,909
851033,189,1029,1582,399,192,470,687,411
851034,433.52,1808.87,1478.76,1780.24,292.73,560.80,307.84,207.61
851035,401,1126,1023,1188,375,259,287,1157
851036,514.92,1842.63,775.44,587.86,475.27,791.84,853.50,215.87
851038,224,739,883,286,116,123,45,827
851040,33,0,5163,2172,77,442,491,22
851043,499,441,1598,554,215,512,243,1776
851044,379,542,894,524,263,582,240,1069
851046,175,118,196,125,40,84,29,658
851047,586,769,948,606,478,1146,458,1746
851052,296,243,312,123,81,147,71,893
851056,271,194,447,167,66,158,19,769
851058,296,259,564,271,57,232,63,752
851061,280,606,1136,658,262,827,208,1293
860001,91,315,506,196,42,58,44,468
860003,1387,1580,1087,785,175,213,125,401
860004,1820,658,236,283,206,162,440,3017
860006,161,262,296,240,44,169,126,453
860007,223,215,268,133,104,47,46,634
860008,143,118,205,147,55,106,45,730
860011,399,319,503,270,80,179,120,1481
860012,186,99,254,77,23,87,19,1071
860013,176,211,299,74,25,99,97,708
860014,110,129,227,129,59,145,83,712
860015,601,1403,1954,920,362,620,277,552
860016,1215,1184,2505,384,185,316,224,883
860018,508,942,2327,659,325,407,434,822
860019,552,396,726,291,125,255,88,1865
860020,148,91,200,52,38,61,32,508
860021,225,243,429,227,127,308,148,1115
860022,271,370,964,490,121,268,130,948
860023,176,85,160,116,21,139,32,447
860026,179,91,163,49,24,45,20,636
860027,100,72,158,67,6,27,24,570
860028,213,135,214,109,36,40,29,764
