ValgstedId,Opførelsesår_Antal_boliger_1940-1959,Opførelsesår_Antal_boliger_1960-1969,Opførelsesår_Antal_boliger_1970-1979,Opførelsesår_Antal_boliger_1980-1989,Opførelsesår_Antal_boliger_1990-1999,Opførelsesår_Antal_boliger_2000-2009,Opførelsesår_Antal_boliger_2010-9999,Opførelsesår_Antal_boliger_Før 1940
101001,62,253,163,38,608,55,40,6825
101002,330,503,153,150,3,0,72,3088
101003,282,243,180,68,45,50,0,6759
101005,421,724,1020,213,60,150,90,5698
101006,673,996,197,301,163,80,85,4610
101007,967,1417,935,228,87,185,311,2983
101008,217,580,1307,549,343,93,336,6069
101009,148,516,38,191,27,2185,4574,456
101010,4,245,128,2,117,2169,953,3649
101011,17,129,124,9,58,56,22,7708
101012,0,81,0,0,14,0,0,4033
101013,306,58,655,220,198,631,756,3785
101014,580,515,401,183,61,18,11,7060
101016,1060,325,169,48,156,521,863,4410
101017,901,206,1504,623,233,155,196,7300
101018,588,171,16,11,84,34,29,4940
101019,874,598,178,56,140,418,792,2968
101020,30,148,0,122,55,0,14,4564
101021,726,565,777,483,386,137,167,4473
101022,130,41,331,820,56,11,10,2615
101023,2,60,15,363,170,39,8,4017
101024,235,14,0,316,199,0,0,4025
101025,337,224,767,148,0,12,62,5635
101027,2331,32,251,222,138,815,404,4279
101028,2960,200,202,10,43,162,21,2037
101029,1185,85,101,179,1,194,16,1460
101030,1346,500,19,41,33,437,230,4644
101031,292,22,18,6,4,80,26,2049
101032,685,746,958,0,205,0,0,16
101033,86,222,42,46,80,10,209,4327
101034,1441,102,126,32,10,57,139,3723
101035,2336,125,529,68,410,128,43,1278
101036,2927,193,217,111,53,72,82,1639
101039,1091,74,56,8,36,0,197,1879
101040,557,67,93,110,102,80,105,1943
101041,2144,256,459,246,201,97,112,3879
101042,874,37,115,9,413,9,24,3934
101043,263,138,215,325,93,119,170,4904
101044,1393,1108,86,96,137,27,1132,897
101046,1493,908,169,119,58,2,77,814
101047,342,105,530,204,109,25,835,1168
101048,453,179,15,0,48,442,1401,2830
101049,23,0,0,0,0,0,0,4880
101050,1,37,481,217,15,20,0,4947
101051,2742,453,81,100,144,70,101,3186
101052,24,29,52,0,264,65,49,3866
101053,207,0,181,0,46,137,505,3240
101054,1434,1,0,0,0,0,1,1199
101055,0,0,0,67,0,2351,3810,577
101056,231,164,0,0,282,679,1178,2787
101057,588,1361,925,87,161,1130,762,467
101058,331,21,657,1515,328,85,139,4138
101059,797,347,4,76,85,4,52,2866
147001,200,104,396,350,153,0,0,4270
147002,616,108,549,314,95,32,33,3933
147003,558,439,146,210,152,0,120,6218
147004,558,590,895,100,236,75,354,4581
147005,1452,376,339,371,240,548,301,4222
147006,1458,975,729,25,10,260,262,2977
147007,514,233,334,878,492,463,48,3841
147008,552,0,295,176,20,0,21,4798
151001,188,2112,306,25,13,223,17,4
151002,1838,1937,123,182,36,21,87,219
151003,53.29,880.29,309.29,24.74,11.42,51.39,11.42,63.76
151004,50,351,1218,121,69,5,93,40
151005,287,922,437,142,7,26,85,115
151006,1187,2170,55,45,158,232,67,60
151008,268,217,604,404,152,514,289,63
151009,48.71,539.71,334.71,398.26,614.58,39.61,70.58,28.24
151010,51,118,357,61,294,264,31,67
153001,1143,409,78,39,6,13,30,128
153002,1381,448,127,78,124,107,7,58
153003,1073,618,252,110,12,33,18,12
153004,1452,1966,117,226,20,9,56,77
153005,241.88,372.41,1725.30,34.18,93.23,243.44,28.49,44.03
153006,225.12,346.59,1605.70,31.82,86.77,226.56,26.51,40.97
155001,689,399,150,78,91,169,132,640
155004,417,632,1379,268,241,321,218,284
157001,1423,198,94,71,70,30,108,1367
157002,1181,156,21,88,4,73,36,1365
157003,316,101,57,72,247,22,22,2003
157004,1843,436,195,70,69,129,84,952
157005,578,70,34,27,19,10,78,2202
157006,330,52,223,55,15,6,11,2787
157007,262,79,41,155,156,401,57,2902
157008,294,202,245,97,184,106,31,1927
157009,505,139,110,81,50,32,38,2258
157010,631,229,128,146,50,21,165,2082
159001,1459.19,867.44,312.20,79.73,39.39,99.91,354.47,309.32
159002,2112,856,146,185,35,228,91,798
159003,1097,756,467,283,502,185,155,440
159004,1213,2110,62,136,13,27,33,648
159005,1861,757,74,19,114,867,395,357
159006,1951,510,846,78,38,50,53,284
159007,843,155,50,150,117,116,116,1122
159008,1508,340,255,328,21,28,113,291
159009,124.81,1604.56,118.80,39.27,12.61,8.09,28.53,53.68
161001,681,140,205,2,4,170,24,47
161002,607,159,36,58,101,173,29,522
161003,950,796,206,182,139,114,60,597
161004,975,1261,68,22,0,40,45,21
161005,22,143,384,67,24,56,19,39
161006,3,108,117,856,366,72,189,64
163001,3538,523,207,84,67,44,598,261
163002,1422,1231,245,251,85,105,108,136
163003,125,282,3260,139,346,129,242,53
165001,16,670,2054,41,51,18,7,107
165002,8,1102,816,21,1,2,9,43
165003,319,251,1154,99,21,222,101,175
165004,0,1975,456,97,0,1,91,3
165005,0,904,716,663,156,60,118,2
167001,1109,769,383,156,82,107,42,325
167002,896,558,76,236,42,24,33,356
167003,1586,757,295,89,28,7,21,312
167004,1500,663,80,47,27,14,72,449
167005,1367,677,143,191,24,69,90,472
167006,1053,1638,129,101,52,150,46,157
167007,359,1148,923,162,202,64,282,118
167008,123,136,2017,637,26,207,23,134
169001,139,966,741,16,3,17,0,95
169002,559,836,185,35,50,34,82,355
169004,286,701,1170,22,19,62,24,93
169006,0,10,1700,795,69,406,96,51
169007,236,1920,699,24,13,175,189,159
169008,0,0,0,658,1074,351,83,26
169009,72,197,265,57,30,106,56,205
169010,184.49,103.74,470.87,469.62,35.41,110.57,109.95,250.34
169012,365,661,840,88,20,32,12,287
169013,15,25,48,52,44,33,21,97
169014,112.51,63.26,287.13,286.38,21.59,67.43,67.05,152.66
173001,391,219,122,110,281,93,116,2219
173002,2299,147,75,50,93,262,466,425
173003,438,932,1394,209,67,160,149,172
173004,1130,69,44,232,42,136,290,1493
173005,67,20,22,32,18,1,9,493
173006,1439,265,88,52,79,78,161,566
173007,1782,234,16,5,4,2,73,93
173008,1988,340,37,616,72,78,113,792
173009,1283,581,387,157,261,39,117,322
175001,361,137,118,161,103,25,22,1061
175002,1423,606,71,44,41,135,112,250
175003,1690,464,59,353,466,67,23,643
175004,569,1880,54,346,34,51,8,80
175005,1536,728,448,60,10,3,602,204
175006,997,737,229,110,78,27,306,151
175007,1135,0,0,0,0,0,0,0
183001,69,118,51,88,34,98,73,208
183002,0,44,1369,121,5,1,1,1
183003,5,38,2260,143,13,6,6,17
183004,0,2.93,1955.56,36.14,0,124.05,204.15,0.98
183005,123,412.07,1307.44,200.86,75,173.95,144.85,42.02
185001,115,273,1121,370,158,212,80,56
185002,503,938,672,134,76,84,141,153
185003,813,1541,426,25,8,182,62,194
185004,1330,181,13,26,232,114,93,573
185005,978,120,207,176,18,27,44,478
185006,3604,565,238,654,139,81,43,668
187001,96,1029,113,198,27,584,305,61
187002,122,570,646,210,105,83,78,54
187003,0,740,840,8,280,389,99,1
190001,942,1786,997,214,82,154,118,105
190002,278,421,145,129,26,48,61,233
190003,48,309,239,345,314,431,143,161
190004,40,20,257,97,69,11,85,46
190005,17,224,1143,614,238,69,40,32
190006,395,798,246,178,437,777,442,316
190007,331,566,1624,21,196,26,13,72
201001,119,437,287,9,60,35,213,126
201002,221,783,468,61,339,141,186,170
201003,277,359,897,110,253,202,94,188
201004,141,547,337,238,201,169,120,349
201005,138,101,761,571,184,165,339,92
210001,203,532,439,517,291,354,184,428
210002,125,206,514,155,179,48,49,640
210003,543,641,328,170,52,35,45,456
210004,62,352,863,449,41,244,118,145
210005,138,191,3273,226,18,298,108,81
210007,23,248,835,304,186,128,77,42
210008,53,71,32,18,19,9,8,206
210009,43,196,741,554,219,78,27,79
217001,730.07,842.28,360.43,147.55,205.19,209.80,145.25,2713.57
217002,1837,1117,669,282,163,318,68,571
217003,469,1106,1260,117,93,161,56,385
217004,168,387,525,358,283,190,135,407
217005,340,337,409,264,104,180,101,596
217006,69,91,43,14,19,24,9,237
217007,60,149,71,53,28,55,26,249
217008,52,83,49,20,6,118,31,104
217009,134,138,769,408,91,199,29,473
217010,330,537,280,115,90,100,76,485
217011,175,1190,668,199,459,188,35,160
217012,219.93,253.72,108.57,44.45,61.81,63.20,43.75,817.43
219001,593,366,412,466,223,433,546,1595
219002,385,1067,385,17,273,192,26,507
219003,14,54,49,9,37,56,2,105
219004,77,98,193,121,7,6,16,88
219005,24,318,195,47,81,69,15,156
219006,62,381,217,97,420,894,455,69
219007,35,174,219,37,154,117,38,101
219008,38,84,90,44,19,21,26,100
219009,229,688,463,311,128,44,65,124
219010,467,565,1320,206,279,257,138,311
219011,32,130,226,113,8,119,3,189
219012,122,163,201,130,116,306,41,473
219013,73,119,58,61,21,94,32,101
219014,3,146,87,105,11,60,13,104
223001,458,1198,178,282,277,332,72,389
223002,478,793,857,330,129,106,65,274
223003,279,184,270,187,142,72,88,645
223004,20,23,4,3,3,11,5,91
223005,146,1233,420,859,161,149,173,131
230001,523,758,1101,203,68,276,166,106
230003,706,233,552,114,96,82,149,1028
230004,944,708,334,438,131,74,172,176
230005,726,854,239,175,283,245,161,469
230006,281,416,303,92,68,12,56,219
230007,1081,950,643,298,138,92,145,356
230008,493,516,709,355,116,16,79,216
230009,547,515,332,170,28,35,50,216
230010,339,626,624,222,230,127,252,963
240001,45,86,89,12,26,33,23,142
240002,43,369,1581,817,556,388,316,136
240003,131.24,954.51,867.01,109.37,106.39,177.98,54.69,251.55
240004,19,35,37,510,38,50,23,116
240005,59,307,489,98,114,81,40,207
240006,41,111,247,24,18,62,13,96
240007,36.70,934.72,783.78,108.68,135.20,370.97,224.35,232.70
240008,15.30,323.20,1070.97,388.22,377.71,153.00,7.65,59.29
240009,14.76,106.57,322.24,258.72,201.70,601.06,401.32,59.46
250001,584,703,290,572,383,499,297,657
250002,102,376,736,671,172,299,30,225
250003,163,631,744,315,48,149,309,297
250004,389,436,633,419,175,514,50,1053
250005,259,869,708,469,173,471,224,610
250006,144,534,876,358,307,514,107,485
253001,83.03,133.58,2016.04,449.13,515.07,157.46,64.90,102.03
253002,304.24,1936.97,2268.17,1803.15,1242.33,404.75,157.20,365.19
253003,109.73,712.45,1197.78,468.72,137.60,78.79,40.90,80.78
253004,182,969,1109,255,147,367,380,256
253005,70,477,876,470,114,158,400,265
259001,1199,338,550,123,104,177,379,1809
259002,223.08,1894.66,393.31,278.73,65.68,86.57,163.55,15.94
259003,215.62,443.15,832.11,685.60,207.97,620.62,55.40,385.64
259004,145,406,780,22,9,132,198,97
259005,109,391,687,361,515,117,361,182
259006,234,456,534,1169,111,259,124,643
259007,42.38,111.85,445.89,225.40,156.03,229.38,165.60,258.36
259008,43.92,52.34,451.69,168.27,33.32,92.43,8.45,153.06
259009,46,94,407,249,71,264,96,245
259010,35,48,103,15,7,38,2,275
259011,121,322,505,301,151,589,197,484
260001,551,735,982,522,287,486,112,800
260002,232,334,395,233,77,175,42,331
260003,282.61,438.97,235.02,213.66,44.67,302.04,25.25,174.81
260004,987.39,738.03,1028.98,238.34,265.33,449.96,173.75,931.19
260005,118,247,279,222,37,284,42,179
265001,100,319,129,325,124,19,21,1833
265002,857,1122,148,180,5,22,72,296
265003,975,389,489,514,438,135,44,890
265004,503,955,242,75,161,26,33,521
265005,627,1647,415,45,152,294,250,523
265006,173,665,589,730,692,127,166,287
265007,80,585,454,506,41,110,29,62
265008,34,124,252,161,101,51,130,143
265009,39,115,110,9,21,15,16,130
265010,930,982,940,73,320,505,112,299
265011,79,285,106,313,135,71,93,338
265013,69,592,528,208,396,464,250,168
265014,21,135,360,230,33,65,150,189
265015,18,197,613,493,83,93,3,23
265016,35,181,305,64,37,58,37,183
265017,68,360,718,346,169,235,67,563
265018,19,87,41,82,19,20,1,146
265021,9,2,1,0,192,1448,840,145
269001,103,271,435,371,138,211,161,317
269004,148,448,1305,306,133,135,484,432
269005,178,512,1336,1070,436,401,115,258
270001,109,472,706,177,93,133,30,287
270002,106,227,293,113,80,101,40,410
270003,6,8,21,6,4,7,3,142
270004,115,262,445,301,103,253,34,589
270005,16,306,295,43,58,19,47,140
270006,240,392,475,534,229,440,208,619
270007,72,138,107,45,25,37,14,208
270008,170,479,965,477,227,585,202,552
270009,25,63,55,15,5,17,3,221
270010,50,329,313,63,39,167,38,193
270011,74,271,312,128,50,98,31,289
270012,128,165,157,78,27,51,28,268
306001,139,200,465,183,121,341,97,484
306002,185,372,376,194,68,109,20,436
306003,64,172,270,97,33,20,19,543
306004,161,121,275,117,95,131,39,592
306005,54,121,151,47,27,61,17,202
306006,115,200,189,114,64,202,15,641
306007,592,435,521,393,144,371,40,845
306008,108,124,128,98,77,103,14,221
306010,70,104,78,57,25,26,14,307
306011,189,291,379,199,71,215,40,505
306012,29,48,41,26,6,17,11,172
306013,19,91,94,15,14,13,6,246
316001,558,1065,1104,297,91,659,373,521
316002,372,490,1034,910,681,759,298,545
316003,512,408,15,169,176,344,341,1439
316004,108,205,535,135,129,44,7,459
316005,126,280,445,128,160,157,158,390
316006,57,162,198,84,49,69,61,371
316007,173,226,270,302,144,354,133,592
316008,136,181,254,108,62,45,12,693
316009,105,187,251,199,71,239,32,624
316010,103,144,268,128,32,122,22,595
316011,198,278,507,271,74,240,155,702
316012,207,214,339,118,26,74,56,811
316013,229,212,292,133,89,202,24,487
316014,105,129,183,163,50,133,87,623
316015,18,119,85,48,24,31,13,160
320001,243,412,655,286,110,339,191,908
320002,318,404,752,488,283,426,144,1263
320003,156,312,391,309,220,192,76,725
320004,129,183,229,199,149,177,69,796
320005,89,133,207,165,78,254,125,806
320006,55,94,243,246,90,155,85,550
320007,83,207,296,159,89,215,39,550
326001,114,133,204,185,73,277,25,622
326002,15,12,20,25,8,16,3,111
326003,186,201,468,196,83,161,29,770
326004,98,130,273,222,53,171,8,524
326005,55,74,125,52,16,56,15,437
326006,32,45,44,40,18,22,10,110
326007,42,122,71,37,29,43,11,221
326008,85,117,304,124,47,80,10,653
326009,211,243,526,374,89,344,64,528
326010,67,64,41,41,20,30,8,507
326011,35,39,20,9,5,31,3,455
326012,354,265,309,129,28,50,33,965
326013,471,232,78,86,21,242,9,799
326014,46,87,53,19,32,73,5,381
326015,154,296,322,149,30,102,20,413
326016,141,409,489,153,64,279,27,406
326017,40,69,75,10,19,35,4,149
326018,199,537,495,424,180,302,47,60
329001,323,407,564,706,485,1340,212,1477
329002,25,24,16,10,3,8,2,228
329003,23,20,19,25,15,45,6,159
329004,110,364,904,304,36,229,247,301
329005,50,29,22,8,6,20,22,370
329006,813,1035,187,355,86,11,43,483
329008,52,69,24,36,41,74,25,273
329009,56,63,114,24,9,27,5,209
329010,26,88,125,8,10,69,6,197
329011,26,22,6,38,30,16,10,157
329012,18,28,79,10,24,32,10,236
329013,124,54,111,34,9,35,18,182
329014,48,38,46,23,20,27,3,168
330001,61,92,194,126,45,53,17,812
330003,62,25,18,32,75,158,61,306
330004,43,38,206,101,28,92,17,280
330005,841,499,881,365,145,207,29,994
330006,630,749,463,290,162,307,54,1055
330007,96,258,260,113,18,91,36,167
330008,112,172,267,141,39,207,55,442
330009,274,539,1223,548,208,251,22,338
330010,48,68,89,77,37,47,6,395
330011,286,670,738,484,334,419,76,1287
330012,0,0,0,0,0,0,0,0
330013,37,39,70,58,27,46,10,305
330017,0,0,0,0,0,0,0,0
330019,1121,669,924,840,492,92,110,2687
330021,591,508,651,235,106,117,101,683
330022,248,1051,284,454,424,430,326,1000
330024,48,73,26,5,7,12,8,358
330025,126,214,255,61,101,175,47,471
336001,117,267,375,312,127,195,106,1006
336002,164,631,612,233,178,305,316,702
336003,182,302,275,263,205,163,73,1352
336004,113,183,148,139,79,134,111,875
340001,280,325,575,219,106,370,99,762
340002,67,84,187,62,9,170,3,338
340004,61,74,127,51,20,51,11,387
340005,397,417,252,213,285,109,9,1118
340006,199,210,399,164,145,197,117,738
340008,133,148,163,226,70,402,102,573
340010,212,204,271,320,137,148,32,1095
350001,105,249,263,159,120,402,115,372
350002,39,203,360,95,35,113,26,225
350003,36,114,186,85,51,29,14,199
350004,23,31,320,59,17,29,1,104
350005,46,115,47,11,24,38,10,180
350006,129,216,469,230,186,267,200,356
350008,71,161,350,117,114,50,7,284
350009,54,221,331,81,36,133,21,303
350011,57,58,256,138,140,140,129,217
350012,140,261,291,49,37,79,37,357
360001,21,11,49,29,2,4,2,263
360003,137,112,223,135,8,34,19,661
360008,31,25,58,29,3,2,5,334
360011,93.40,101.66,194.22,142.33,77.53,18.51,5.80,534.77
360013,439,500,416,313,167,268,50,1466
360014,0,0,0,0,0,0,0,0
360019,158,169,96,124,36,13,5,939
360020,730,636,405,586,143,115,138,2091
360021,684.76,297.11,414.06,41.50,9.43,116.01,32.07,887.55
360026,13.84,23.23,27.72,6.17,10.04,1.48,5.13,183.68
360027,37,8,27,15,5,4,0,172
360028,0,0,0,0,0,0,0,0
360029,92,38,103,59,23,49,4,777
360035,107,101,170,100,7,51,13,743
360036,185,254,268,125,3,49,3,909
360037,67,288,198,155,30,11,3,183
370001,119,148,302,159,174,160,52,951
370002,22,37,46,11,7,12,3,293
370003,61,50,105,102,9,54,5,527
370004,28,55,337,117,30,230,85,260
370005,38,36,55,30,8,19,4,221
370006,71,78,220,151,16,93,18,434
370007,57,45,47,36,57,42,6,408
370008,167,266,473,241,211,471,197,223
370009,41,37,146,121,14,77,41,152
370010,32,55,56,42,37,115,20,347
370011,70,146,179,161,66,251,30,558
370012,14,11,30,1,3,17,2,153
370014,88,129,455,207,76,197,69,516
370020,569,376,378,169,33,347,98,335
370021,400,202,76,215,146,140,37,1062
370022,1507,874,287,700,253,320,294,917
370023,413,670,650,326,161,161,43,615
370024,306,1404,738,151,130,193,63,247
370026,104,350,609,38,8,53,25,359
370027,176,569,154,162,370,843,213,320
370028,33,326,1667,369,215,51,18,2
370029,29,93,28,34,3,32,13,133
370031,80,57,49,44,33,48,13,514
370032,69,113,302,161,59,227,43,326
376001,233,70,10,301,212,234,71,1803
376002,562,234,185,43,26,7,2,1159
376003,110,602,830,351,48,17,6,74
376004,856,369,278,31,221,125,5,601
376005,76,116,168,93,1,171,42,506
376006,90,66,57,66,8,13,2,588
376007,249,226,360,480,49,53,25,240
376008,113,106,228,101,14,98,7,862
376009,103,33,52,21,4,11,4,534
376010,132,158,322,200,27,138,11,605
376011,131,96,48,70,14,24,9,665
376012,89,96,183,86,10,69,3,696
376013,379,348,418,389,172,93,19,1142
376014,102,43,47,63,8,44,4,472
376015,48,17,10,16,3,4,3,434
376016,163,121,186,129,46,190,9,1119
376017,135,78,120,102,8,29,7,952
376018,72,80,219,123,22,39,5,360
376019,103,266,468,217,80,176,25,397
376020,64,67,97,47,6,32,5,433
390001,636,438,375,301,180,237,39,923
390002,343,392,170,137,99,346,12,746
390003,34,168,288,240,67,215,39,308
390004,79,335,216,161,39,141,13,258
390005,66,48,82,38,5,6,5,296
390006,113,194,182,118,27,99,31,921
390007,43,110,350,132,6,84,11,207
390008,232,364,294,235,120,218,30,1459
390009,70,58,25,39,41,23,6,537
390010,73,46,29,31,66,16,4,816
390011,16,36,77,56,20,95,13,263
390012,158,254,507,234,114,292,28,675
390013,49,34,27,48,10,14,4,348
390014,26,46,48,15,14,21,5,212
390015,67,77,130,60,38,67,15,421
390016,115,102,156,124,45,60,10,452
390017,66,160,202,61,63,113,8,234
400001,164,152,206,176,52,49,8,945
400002,129,75,65,108,59,28,6,975
400003,61,89,81,63,16,37,15,704
400004,373,202,269,283,75,78,16,1032
400005,63,61,91,124,4,53,11,410
400006,200,240,282,258,90,79,13,1427
400007,131,127,160,81,11,22,6,661
400008,1462,924,903,733,325,151,219,2923
400009,105,143,204,249,4,27,3,703
410001,422,531,305,154,129,350,204,1577
410002,288,423,617,635,281,367,202,337
410003,108,235,358,282,200,197,126,410
410004,56,85,152,12,50,436,262,305
410005,41,50,48,15,12,85,136,310
410006,211,179,267,181,81,162,72,601
410007,44,56,78,36,51,76,13,438
410008,169,120,157,139,96,111,58,587
410009,98,156,140,111,42,48,16,629
410010,102,80,70,76,39,123,63,615
410011,72,70,64,29,25,32,11,407
411001,0,0,0,0,0,0,0,0
420001,411,419,574,348,141,218,83,1482
420002,76,72,152,45,12,16,8,459
420003,35,29,41,4,5,6,4,234
420004,39,21,10,10,8,6,5,282
420005,118,188,346,165,148,251,99,597
420006,33,41,67,13,4,11,4,152
420007,52,38,12,23,15,11,9,393
420008,147,142,296,196,76,146,30,482
420009,37,45,51,22,4,24,1,298
420010,38,38,20,18,10,15,6,270
420011,233,426,540,336,173,109,70,789
420012,25,23,38,12,6,8,9,241
420013,142,178,339,166,139,157,18,445
420014,18,13,40,14,5,17,1,209
420015,38,130,202,31,31,42,65,192
420016,82,61,121,165,81,89,6,278
420017,110,108,217,180,80,103,44,273
420018,69,70,133,64,27,16,5,350
430001,61,103,162,36,31,39,8,266
430002,54,64,102,59,12,85,9,255
430003,74,87,181,103,65,58,18,345
430004,37,39,41,33,16,20,6,288
430005,0,0,0,0,0,0,0,0
430007,463,565,555,462,209,319,60,1707
430008,72,113,127,44,13,37,16,507
430009,102,81,140,38,41,41,21,495
430010,0,0,0,0,0,0,0,0
430011,93,129,158,38,56,36,10,485
430012,73,114,133,41,38,57,10,372
430013,73,54,70,23,21,44,4,329
430014,49,81,47,41,13,10,9,386
430015,339,433,621,392,200,425,273,1024
430016,33,38,39,27,12,12,5,303
430017,102,89,243,78,23,40,10,403
430018,87,95,219,119,63,93,25,415
430019,92,107,317,122,68,57,15,299
430020,123,285,318,118,58,192,125,425
430021,80,146,162,67,63,81,56,211
430022,116,203,414,199,106,303,171,402
440001,85,85,61,33,29,53,19,566
440002,382,383,507,376,284,348,186,1012
440003,97,114,60,49,19,50,27,543
440004,89,190,85,87,38,54,51,303
440005,163,314,533,274,131,249,103,324
440006,201,949,717,330,130,240,45,253
450001,73,82,63,44,13,24,18,428
450002,841,1102,1024,389,187,69,336,752
450003,353,232,314,146,154,446,213,1656
450004,60,42,29,255,85,273,70,283
450005,24,35,30,7,6,10,2,343
450006,108,273,325,103,95,185,12,256
450007,13,27,21,17,10,11,2,108
450008,10,36,55,14,3,1,1,130
450009,24,32,36,21,5,18,4,246
450010,68,141,123,132,86,111,63,216
450011,41,52,63,38,31,18,11,350
450012,15,51,81,30,6,36,3,321
450013,36,24,69,40,10,55,4,263
461001,513,126,25,691,387,198,648,4389
461002,1188,110,57,285,229,424,619,2791
461003,895,258,257,19,59,38,59,629
461004,2169,190,13,52,2,32,52,3013
461005,1032,1274,294,915,78,201,124,307
461006,46,383,337,160,33,31,48,146
461007,69,427,350,219,626,642,258,225
461009,57,161,91,28,313,645,74,248
461011,185,12,24,108,349,477,1331,4377
461012,3405,586,757,107,36,129,320,609
461013,64,73,52,57,3,62,16,185
461014,129,512,1133,592,198,84,165,322
461016,64,99,274,698,104,360,55,217
461017,335,1278,566,224,150,33,11,361
461018,214,1567,340,54,116,24,20,322
461019,67,653,468,50,448,233,234,198
461020,65,464,826,414,20,35,14,157
461021,136,287,91,29,44,255,25,383
461023,415,192,74,767,240,347,197,5084
461024,674,66,22,28,6,14,17,1444
461025,605,1820,566,664,30,210,991,95
461026,271,1027,2321,638,174,65,70,345
461028,101,552,474,307,137,230,245,238
461029,823,415,735,39,79,13,39,759
461030,662,892,1022,691,435,166,111,399
461031,138,318,328,294,32,66,234,140
461032,38,37,36,26,3,53,15,213
461033,78,384,524,352,373,285,96,316
461035,3,1473,2475,426,4,0,1,55
461036,1,0,133,1840,450,102,55,25
479001,1111,596,973,704,783,364,202,3247
479002,446,229,247,378,53,15,19,467
479003,415,528,752,835,73,345,15,723
479004,42.55,86.24,51.06,11.91,19.29,30.07,10.78,285.94
479005,206,294,371,168,190,127,52,411
479006,0,0,0,0,0,0,0,0
479007,64,113,186,193,110,199,43,201
479008,32.45,65.76,38.94,9.09,14.71,22.93,8.22,218.06
479009,93,141,122,154,36,172,70,406
479010,71,273,371,250,104,107,29,360
479011,52,164,313,303,191,38,22,237
479014,45,79,75,47,9,26,3,295
479016,58,137,160,19,51,117,35,320
479017,109,133,179,78,37,81,43,543
479019,79,96,201,100,46,76,31,590
479021,59,45,42,17,28,34,2,339
479023,39,41,72,36,53,103,13,358
479025,57,60,51,45,5,85,14,385
479027,55,95,81,92,26,88,15,411
480001,214,242,385,204,137,296,245,1177
480002,23,36,14,14,5,9,2,327
480003,188,153,121,45,31,36,18,848
480004,211,482,696,420,178,270,156,705
480005,48,63,37,11,6,12,8,310
480006,69,73,97,41,11,39,10,281
480007,54,40,45,32,6,27,10,369
480008,90,128,184,106,80,141,78,342
480009,69,56,77,34,22,19,6,388
480010,81,159,635,276,99,161,139,482
482001,44.75,47.21,42.65,42.21,12.55,5.16,1.05,293.68
482002,86.11,98.96,165.38,95.97,44.17,20.31,4.45,755.58
482005,293.14,258.83,384.97,320.82,107.29,112.54,99.51,1502.74
482007,55.97,70.07,185.26,52.35,16.09,54.45,11.72,552.87
482011,45.03,34.93,68.74,31.65,8.91,73.55,8.28,547.13
492001,99,146,204,70,37,81,15,944
492002,106,109,101,57,14,53,21,701
492003,23,39,59,33,8,5,7,416
510001,575.12,449.44,649.26,854.48,253.95,220.78,205.21,2459.53
510002,890,693,406,76,136,234,114,850
510003,386.36,287.43,265.65,151.98,44.91,52.06,125.33,827.74
510004,40.90,68.36,67.44,23.66,9.03,28.90,7.11,243.16
510005,50.37,62.15,90.57,31.92,11.22,20.61,13.85,206.20
510006,32.31,33.13,105.88,146.94,98.64,109.75,20.51,287.35
510007,0,0,0,0,0,0,0,0
510008,93.62,97.55,81.12,53.52,30.18,36.34,26.92,355.38
510009,76,152,355,115,135,130,25,135
510010,63.38,106.45,106.88,37.48,33.82,52.66,19.08,280.62
510011,59.14,92.25,46.55,26.17,26.15,26.56,8.26,263.58
510012,28.53,62.65,92.02,20.39,30.18,16.66,13.30,120.13
510013,57.53,155.14,60.09,37.54,46.15,81.16,5.46,202.73
510014,132.32,167.10,134.43,82.44,7.67,26.77,6.44,349.29
510015,92,53,127,78,8,21,8,193
510016,78,136,65,45,3,15,3,111
510017,650.36,805.86,896.25,440.58,255.20,221.79,96.46,302.24
510018,129.05,155.50,137.85,73.89,40.90,25.95,12.07,521.06
510019,62,91,75,19,8,7,6,239
510020,268.21,216.21,323.14,150.74,46.93,77.93,70.93,432.83
510021,59.69,51.66,58.88,33.29,6.32,6.32,6.32,148.55
510022,29.09,14.12,25.98,13.98,5.75,8.75,7.75,95.62
530001,99,377,813,696,563,229,331,94
530002,187,143,187,111,65,64,14,311
530003,139,80,121,83,107,66,51,292
530004,55,49,58,72,14,47,29,135
530005,78,43,54,45,19,27,5,143
530006,803,1042,1067,704,367,344,292,575
530007,143,104,155,84,57,57,16,307
540001,379,794,355,302,152,139,128,620
540002,182,271,244,210,33,36,41,278
540003,141,327,169,218,116,179,17,495
540004,57,163,202,49,57,59,19,483
540005,170,386,310,186,136,154,112,385
540006,73,187,391,162,128,215,45,279
540007,71,116,220,79,14,43,10,583
540008,10,26,19,13,3,4,3,178
540009,161,847,870,730,956,398,108,441
540010,1269,1492,1021,160,34,37,197,110
540011,896,161,120,169,166,247,299,2382
540012,231,393,387,594,169,408,103,428
540013,86,165,351,116,70,174,26,390
540014,56,73,145,80,17,35,6,349
540015,136,307,359,198,155,183,40,659
540016,389,483,641,469,240,481,133,1045
540017,41,49,61,23,11,12,7,192
550001,79,130,201,96,31,18,6,303
550002,45,25,38,10,21,9,3,185
550003,35,25,42,10,1,7,5,113
550004,148,76,118,101,38,24,5,347
550007,33,24,19,18,2,3,3,158
550008,65,52,66,51,34,12,4,207
550012,154,156,426,250,117,73,58,414
550014,80,76,66,26,28,42,43,209
550015,50,81,34,43,10,3,3,133
550016,74,40,60,24,5,5,2,169
550017,154,114,197,87,27,34,14,318
550018,55,25,53,42,9,23,5,135
550019,30,25,16,17,2,2,1,142
550021,49,31,26,16,4,0,2,181
550023,189,212,636,226,71,69,41,451
550024,71,63,62,20,8,3,2,236
550025,616,648,719,455,329,220,38,1290
550027,73,80,84,49,14,8,7,147
550029,63,55,89,37,9,6,2,186
550051,16,54,62,33,27,20,7,78
550061,205,279,361,235,77,133,53,483
550071,37,34,42,6,8,9,2,127
561002,619,388,258,436,348,246,419,5230
561003,1043,135,27,4,13,35,108,455
561004,669,307,165,265,117,89,119,690
561005,612,1573,666,179,78,36,61,273
561006,1694,512,133,201,375,40,73,378
561007,618,1072,406,82,89,15,31,219
561008,71,152,162,95,39,52,120,188
561011,48,903,777,69,67,36,72,27
561012,129,172,248,160,53,214,121,266
561015,304,1109,952,453,105,42,69,149
561016,113,423,752,892,469,284,212,228
561017,31,79,157,25,21,131,60,90
561020,105,342,220,82,124,173,102,294
561021,0,4,1937,3,24,41,0,1
561022,7,61,548,798,19,42,31,11
561023,0,0,906,924,0,0,1,4
561024,0,0,218,844,150,248,197,5
561025,374,480,1177,567,327,440,201,1142
561028,731,707,884,475,403,346,177,1835
561032,102,144,197,63,22,25,14,292
561033,153,102,211,112,33,62,27,482
561035,0,0,0,0,0,0,0,0
561038,99,66,104,40,12,16,4,364
561040,130,197,284,159,76,87,50,612
563001,67,135,291,170,88,96,113,584
563002,13,29,31,21,2,9,5,92
573001,946,975,1210,893,686,581,413,1411
573004,57,80,81,26,38,21,11,155
573005,22,16,69,29,33,36,12,134
573006,62,36,50,15,20,19,13,134
573007,43,80,166,53,47,56,55,133
573008,62,43,64,27,19,12,7,246
573009,47,46,132,44,24,46,17,188
573010,58,56,95,37,36,16,6,271
573013,113,119,270,95,51,115,28,326
573014,37,30,39,21,17,20,11,189
573015,102,59,152,77,35,42,12,239
573018,150,210,372,209,190,192,47,333
573019,6,30,53,37,22,28,17,86
573022,67,33,106,67,18,20,29,170
573023,97,107,165,96,50,49,30,147
573024,43,25,40,17,13,20,5,125
573026,73,47,136,41,33,45,34,197
573027,72,77,88,14,27,30,18,144
573028,67,60,80,44,28,48,13,259
573030,267,287,573,304,178,130,61,892
573031,64,74,163,109,84,37,50,320
573032,103,118,125,98,25,23,38,289
573033,36,26,38,40,19,21,9,174
575001,266,301,618,290,183,217,55,626
575002,60,22,41,40,15,16,8,157
575003,139,188,361,175,110,105,41,595
575004,62,41,36,23,12,21,4,282
575005,85,56,64,49,25,27,12,219
575006,30,19,21,43,13,29,7,97
575007,220,198,245,221,139,171,28,448
575008,64,49,58,20,6,18,3,189
575009,79,112,192,114,97,163,46,325
575010,34,36,37,16,4,5,7,161
575011,88,119,130,70,52,31,21,289
575012,14,14,22,8,3,6,6,136
575013,53,41,48,17,3,4,0,158
575014,499,746,844,795,328,357,212,776
575015,27,13,14,33,14,20,18,134
575016,72,139,151,41,68,381,184,289
575017,32,39,90,65,19,41,48,283
575018,67,43,107,55,19,50,12,280
575019,169,65,127,64,31,69,14,388
580001,44,39,60,28,4,8,1,182
580002,45,50,45,39,8,14,16,181
580003,158,313,719,370,405,581,202,439
580004,128,247,433,157,91,186,102,562
580005,76,107,212,83,49,41,5,235
580006,64,34,42,33,14,16,6,197
580007,90,77,197,101,13,66,9,414
580008,94,200,173,99,75,85,47,248
580009,81,86,160,108,56,43,12,426
580010,37,64,85,75,8,5,18,276
580011,145,136,256,153,28,26,11,457
580012,135,148,407,245,205,133,31,410
580013,89,119,230,104,62,52,21,313
580014,303,382,282,189,209,107,56,480
580015,366,379,499,496,193,161,17,493
580016,847,1005,389,251,335,360,106,1911
580017,653,406,326,160,255,94,12,142
580018,8,0,583,525,105,110,176,23
607001,2485,1732,620,188,160,154,91,1777
607002,35,110,142,53,18,58,9,193
607003,121,599,1437,959,397,222,153,243
607004,15,28,29,36,10,31,6,189
607005,156,249,534,307,245,328,163,323
607006,561,1010,1597,498,514,693,256,276
607007,31,109,241,64,52,133,40,130
607008,152,82,88,401,304,142,218,2581
615001,1629,535,79,75,51,131,364,923
615002,439,171,87,352,237,173,445,1750
615003,449,228,164,374,298,320,137,4122
615004,0,0,0,0,0,0,0,0
615005,392,393,413,362,203,161,112,1074
615006,290,676,1689,458,109,318,294,252
615007,84,749,669,109,105,252,269,131
615008,62,54,240,92,31,194,498,147
615009,81,62,125,142,68,202,366,270
615010,84,148,125,160,32,220,336,285
615011,77,298,604,479,188,429,320,306
615012,21,58,646,205,117,207,169,131
615013,213,280,476,244,132,222,90,621
615014,68,37,74,27,13,81,42,380
615015,52,22,37,22,12,61,22,249
615016,128,94,243,151,48,246,132,475
615017,69,167,240,79,91,221,81,300
615018,82,157,253,121,114,219,130,446
615019,38,49,119,68,44,78,35,332
615020,25,12,26,12,5,15,9,174
615021,109,624,331,28,1,360,59,18
615022,26,18,33,28,5,18,5,97
621001,386,447,129,528,443,224,160,1953
621002,436,452,875,420,136,17,95,395
621003,466,1011,324,529,211,158,15,211
621004,104,238,672,560,745,594,339,444
621005,100,402,809,307,135,303,85,147
621006,89,174,368,149,170,426,185,453
621007,150,247,393,218,163,315,88,888
621008,1407,886,252,99,149,457,253,510
621009,991,422,322,50,150,101,165,2275
621010,261,825,345,189,112,290,155,419
621011,116,381,631,129,93,110,320,148
621012,132,189,281,175,119,143,85,771
621013,48,122,343,113,83,213,248,154
621014,199,467,571,256,265,336,93,1114
621015,206,375,422,272,148,289,94,1305
630001,98,210,323,75,66,177,264,312
630002,127,194,423,268,308,540,517,443
630003,36,188,225,45,62,100,32,189
630004,59,84,203,44,51,71,28,402
630005,44,48,175,100,40,103,43,257
630006,126,160,256,131,113,183,92,598
630007,15,41,84,58,29,26,13,128
630008,70,57,186,37,34,101,22,319
630009,1340,791,163,679,475,663,364,4503
630010,34,103,92,14,56,28,20,172
630011,68,156,675,730,191,86,59,134
630012,165,292,206,93,23,127,134,559
630013,0,16,660,847,31,16,0,33
630014,626,392,188,4,93,1,4,189
630015,898,226,0,63,135,231,434,887
630016,33,219,133,17,89,241,108,113
630017,262,326,614,352,222,341,122,605
630018,84,107,170,71,54,65,31,426
630019,52,34,89,46,27,45,55,236
630020,62,55,89,28,21,28,25,211
630021,65,38,30,15,16,29,6,234
630022,14,13,15,8,4,14,6,128
630023,59,58,127,57,17,47,12,307
630024,88,222,252,247,274,326,149,371
630025,58,66,65,32,9,22,10,451
630026,19,81,73,37,60,93,79,177
630027,41,70,193,88,79,131,18,307
630028,56,49,80,58,40,29,20,341
630029,59,106,162,23,34,34,17,236
630030,391,847,696,97,314,330,305,115
630031,29,81,13,18,48,94,349,157
630032,159,424,1231,806,246,410,339,154
630033,219,97,15,32,65,68,95,678
630034,82,666,340,162,78,145,177,222
657001,3414,4030,971,760,1029,882,720,2236
657002,114,96,147,43,35,31,12,138
657005,97,190,316,249,150,116,41,353
657006,100,59,55,40,6,11,17,136
657007,111,475,639,180,158,330,459,180
657008,185,158,194,108,67,60,21,290
657009,87,49,59,21,12,15,6,180
657011,36,94,14,20,7,10,7,122
657013,164,243,445,185,142,146,81,407
657014,68,47,65,31,20,16,2,93
657015,2,2,366,267,15,155,29,10
657016,80,73,90,53,21,37,13,146
657017,339,684,888,515,352,506,253,381
657018,34,29,82,41,11,24,4,72
657019,25,95,98,53,14,13,5,93
657020,35,37,22,24,9,3,5,72
657021,31,37,27,31,21,26,20,171
657022,31,38,125,52,27,18,20,95
657023,95,433,534,217,185,205,287,215
657024,158,414,471,217,170,238,202,221
657025,66,51,91,44,35,33,22,170
657026,41,424,1066,222,85,344,381,77
657027,103,152,501,302,151,325,145,317
657028,36,17,31,21,15,16,12,63
657029,76,85,181,53,30,61,25,172
657030,100,63,115,49,21,24,5,132
661001,2407,1565,990,699,554,467,321,2243
661002,71,310,452,210,64,381,365,160
661003,134,104,134,61,40,65,43,341
661004,57,155,176,154,242,498,356,146
661005,82,1477,2222,1225,948,265,241,89
661006,249,279,484,243,122,222,60,936
661007,133,93,150,72,22,46,17,345
661008,129,155,272,133,142,148,45,500
661009,103,91,214,84,38,64,7,334
661010,58,68,136,54,33,31,10,156
665001,482,561,703,382,142,253,44,916
665002,124,118,211,44,72,57,14,482
665003,68,59,248,30,100,57,18,354
665004,109,102,140,72,5,20,10,428
665005,82,67,72,52,30,17,5,299
665006,102,44,101,51,10,20,11,276
665007,159,145,282,175,44,42,10,106
665008,109,140,231,112,23,26,11,161
671001,577,744,646,431,238,281,222,1152
671002,92,287,249,271,30,26,25,120
671003,42,61,172,67,19,46,27,277
671004,42,91,186,65,21,72,12,301
671005,79,84,185,62,216,150,26,41
671006,95,85,230,52,41,36,18,336
671007,124,151,249,109,46,99,17,693
706001,239,659,983,620,392,658,187,757
706002,116,193,204,161,68,170,64,835
706003,82,129,146,70,19,62,20,524
706004,115,113,232,161,79,106,77,662
706005,285,196,339,235,85,234,89,668
706006,205,374,484,530,345,324,428,728
706007,137,213,150,132,85,87,87,689
706008,259,323,663,375,267,478,348,803
707001,538,634,570,640,366,228,317,1685
707002,0,0,0,0,0,0,0,0
707003,116,98,129,75,19,35,18,682
707004,462,1400,663,287,128,190,254,391
707005,131,177,340,174,106,153,99,723
707006,130,100,94,82,49,72,19,471
707007,158,129,212,124,112,102,40,651
707008,118,133,225,149,39,85,20,435
707009,180,152,329,194,107,199,155,566
707010,76,75,136,105,44,53,23,334
710001,196,366,392,458,153,299,121,472
710002,74,163,359,68,263,239,81,427
710003,35,114,200,39,17,128,61,260
710004,241,437,696,412,343,527,246,643
710005,119,74,59,29,15,51,18,463
710006,56,192,327,347,181,300,223,394
710007,28,193,500,255,305,236,129,130
710008,42,79,95,47,67,63,87,219
710009,161,183,243,217,88,163,27,748
710010,124,153,208,117,76,168,62,704
710011,96,80,92,62,30,52,10,446
710012,10,160,335,55,153,237,130,69
710013,52,39,76,44,32,28,11,250
710014,25,41,49,24,32,71,24,208
727001,579,682,1037,743,564,838,525,1347
727002,21,7,7,2,2,6,6,132
727003,56,132,141,46,70,90,42,158
727004,39,67,32,26,12,52,14,299
727005,45,71,94,90,114,113,115,260
727006,38,21,40,17,28,19,10,297
727007,36,83,52,25,17,25,18,297
727008,44,45,38,34,19,29,9,308
727009,0,0,0,0,0,0,0,0
727010,0,0,0,0,0,0,0,0
730001,185,174,210,140,33,110,106,505
730002,62,179,198,160,31,130,220,213
730004,27,57,37,9,7,16,8,207
730005,54,60,94,67,22,16,10,406
730006,48,42,61,45,8,10,10,316
730007,39,61,89,70,33,89,5,281
730008,54,95,221,80,116,120,78,387
730009,27,98,161,34,23,29,10,272
730010,37,36,102,52,19,29,6,357
730011,295.06,421.80,267.34,317.84,204.96,204.96,169.31,418.83
730012,45,146,164,101,103,189,213,230
730013,72,244,235,299,158,255,141,269
730014,36,150,435,97,91,96,50,159
730015,31,38,70,13,7,25,8,179
730016,45,57,85,38,13,44,15,210
730017,57,62,141,55,26,36,6,205
730021,68,101,221,95,32,95,37,389
730024,622.94,268.20,7.66,82.16,20.04,423.04,166.69,1844.17
730025,383,262,55,11,35,51,3,1486
730026,842,548,1225,244,34,11,115,69
730027,772,1177,416,94,15,67,146,335
730028,357,242,12,173,107,41,15,2136
730029,747,421,1243,282,87,162,43,593
730030,949,466,305,158,34,69,19,222
730031,550,904,881,195,81,202,170,753
730032,405,703,392,75,65,30,42,463
730033,16,46,17,142,200,194,197,233
730034,6,81,263,438,162,149,188,102
730036,80,224,361,187,100,347,181,310
730037,31,26,59,16,16,30,5,242
740001,159,164,226,131,93,160,125,453
740002,125,167,114,161,110,112,303,172
740003,84,107,158,111,42,58,21,344
740004,73,71,165,69,34,119,36,289
740005,46,45,39,71,32,80,23,216
740006,72,319,656,724,105,644,498,77
740007,233,329,466,282,270,356,107,750
740008,48,51,43,48,35,120,38,168
740009,41,62,55,17,24,35,16,298
740010,67,65,59,85,30,32,13,299
740011,54,259,99,53,139,89,66,76
740012,29,60,20,20,20,62,12,163
740013,152,320,345,177,215,215,220,120
740014,27,39,37,10,7,45,13,276
740015,64,52,86,49,18,136,45,235
740016,162,158,179,88,63,70,25,532
740017,78,48,57,37,15,39,13,277
740018,37,39,122,81,63,140,100,141
740021,34,304,782,105,180,80,271,67
740022,106,78,218,89,49,105,24,276
740023,56,152,384,120,326,536,252,88
740024,25,31,67,65,34,120,18,102
740025,18,32,39,5,12,19,11,86
740026,429,493,14,1,0,304,205,48
740027,140,113,245,244,91,160,353,124
740028,866,272,261,156,207,149,16,351
740029,436,1038,1031,230,282,204,111,209
740030,95,79,383,290,114,230,51,357
740031,808,252,76,354,369,322,483,2736
740032,120,336,226,154,311,121,82,93
741001,153,83,164,91,39,118,25,1059
741002,18,13,24,15,11,14,3,147
746001,57,71,97,40,42,141,33,467
746002,114,333,592,400,335,200,276,358
746003,61,55,92,80,54,85,97,231
746004,86,450,1028,333,427,519,474,355
746005,123,153,208,104,116,188,74,488
746006,633,740,802,365,197,558,369,1253
746007,58,249,1143,219,306,685,219,136
746008,283,344,460,409,212,386,388,610
746009,33,172,615,129,124,281,274,348
746010,77,311,461,179,96,145,256,299
746011,36,54,207,43,42,121,40,288
746012,34,119,160,85,26,75,67,294
751001,625,531,0,20,119,20,31,7897
751002,1180,1318,94,0,96,0,0,2048
751003,447,1434,471,808,396,536,80,122
751004,1202,768,129,80,32,48,105,393
751006,41,327,1693,516,483,430,781,213
751007,1019,1309,154,70,41,48,95,593
751008,1435,1352,1168,575,452,679,629,689
751009,36,348,527,477,157,239,85,164
751010,118.30,11.90,15.25,162.31,101.42,269.58,1797.45,2428.11
751011,141,235,375,238,283,267,506,347
751012,51,192,408,301,169,526,348,218
751013,72,371,262,252,171,236,459,466
751014,39.76,0,3.92,52.31,31.39,89.71,619.35,771.32
751016,19,25,15,15,29,34,24,144
751018,57,182,554,682,361,452,692,190
751019,25,228,231,371,496,208,602,66
751020,49.09,96.42,33.80,118.46,103.76,131.98,395.36,2028.85
751021,111.85,219.68,77.02,269.92,236.43,300.73,900.84,4622.73
751022,382,356,381,51,63,43,74,619
751023,763,350,1240,242,425,666,550,196
751024,262,1021,481,280,266,496,169,515
751025,554,887,1894,27,70,59,93,163
751026,8,63,1962,558,284,20,5,85
751027,704,13,0,1,142,674,1530,1232
751028,60,353,1084,453,485,972,666,266
751030,67,355,285,134,226,392,149,307
751031,25,18,19,11,28,14,8,148
751033,42,213,125,134,276,309,350,231
751041,470,434,46,4,46,9,98,3578
751042,1509,1085,103,90,58,110,286,3956
751043,2859,498,174,425,254,120,183,236
751044,25,28,37,78,121,76,158,188
751045,976,947,442,317,201,85,277,901
751047,73,596,1424,838,652,733,509,177
751048,32,174,158,264,269,269,329,159
751049,40,716,722,249,111,118,291,104
751050,84,416,467,161,559,302,175,139
751051,190,495,724,201,429,713,811,260
751053,46,71,483,239,42,225,185,212
751055,15,61,73,4,56,107,39,118
751056,49,139,69,122,10,38,83,278
751061,244,1069,1066,1739,1076,681,1186,158
751062,2,967,856,0,0,23,118,6
751063,1305,1300,1968,785,287,128,278,235
751064,960,743,145,134,65,102,692,962
751065,315,614,606,948,375,509,560,63
751066,213,309,403,836,719,140,219,160
751067,830,659,281,27,82,364,274,859
751068,1464,222,1,1,1,6,30,0
756001,133,116,218,127,78,79,49,322
756002,79,44,59,24,21,31,19,190
756003,126,223,230,183,27,56,30,246
756004,58,48,68,33,8,19,7,221
756005,502,543,664,359,329,456,311,764
756006,64,49,54,28,6,10,6,170
756007,916,1370,1801,1074,732,624,439,700
756008,39,64,94,40,26,35,22,108
756009,159,225,324,258,48,111,73,395
756010,120,138,261,216,33,99,69,329
760001,308.22,424.62,497.49,287.29,178.31,148.46,43.69,633.33
760002,58,63,123,77,35,60,18,176
760004,101.24,58.88,67.05,42.31,23.87,21.83,8.78,155.53
760007,175.54,90.51,120.46,60.40,48.82,38.71,21.53,476.14
760010,192,227,429,273,124,106,54,138
760012,36,53,110,64,103,72,18,76
760014,409,575,830,676,254,607,307,940
760016,88,47,76,59,28,31,15,300
760021,151,128,213,105,86,62,16,223
760022,145,105,168,81,72,45,35,412
760024,461,608,625,553,297,378,228,760
760025,102,66,72,42,15,26,15,240
760027,161,121,122,51,46,22,16,501
760028,45,45,84,35,33,29,14,235
760030,303,287,614,256,217,286,104,277
760032,134,51,96,50,23,14,5,232
760033,116,120,239,106,31,50,29,336
760035,202,221,288,135,104,105,67,537
766001,183,412,473,537,458,724,461,474
766002,121,321,538,228,126,172,76,303
766003,41,97,123,80,44,69,36,343
766004,33,66,128,54,43,107,45,199
766005,19,23,36,30,9,13,10,109
766006,14,63,195,37,35,38,15,146
766007,200,407,402,259,214,332,161,557
766010,69,85,114,46,20,25,9,358
766011,38,65,72,28,26,62,12,300
766012,48,79,134,146,92,120,60,251
766013,77,64,62,41,21,67,42,393
766014,110,57,57,16,17,23,6,363
766015,105,119,130,74,56,102,53,374
766017,71,113,134,88,43,121,30,559
766020,47,61,185,86,44,78,59,229
766021,111,130,209,164,131,169,151,412
766022,39,78,119,77,56,87,32,233
766023,47,32,46,33,8,53,24,299
766024,35,45,105,19,32,36,10,133
773001,84,67,86,31,6,13,7,373
773002,275.98,213.97,274.58,159.38,50.29,57.18,21,885.52
773003,144.31,105.47,146.36,82.70,19.82,52.76,25.27,592.83
773004,125,96,101,44,12,51,4,491
773005,743.71,637.56,891.06,654.92,159.89,356.06,110.73,1683.65
779020,41,40,49,48,14,15,8,192
779021,1761,1868,2226,931,823,646,326,2807
779022,264,407,389,141,160,172,98,732
779023,169,195,329,160,74,91,51,511
779024,167,163,311,152,34,96,21,786
779025,202,181,373,205,104,87,23,401
779026,186,176,437,161,66,71,35,648
779027,144,122,249,137,30,65,26,693
787001,883.53,1284.55,1194.99,729.52,326.21,484.92,264.27,2231.28
787002,244.78,162.48,204.02,148.72,38.43,79.59,52.70,689.69
787003,299.39,225.98,413.33,192.44,90.61,127.93,39.10,736.88
787004,37.64,405.32,353.51,279.43,66.53,27.78,19.46,196.54
787005,135.85,123.38,165.68,84.93,31.39,52.15,59.98,676.99
787006,52,45,44,46,7,23,14,283
787007,75.37,103.87,152.59,73.96,15.13,22.65,6.97,452.82
787008,76.61,91.64,140.62,54.36,16.28,15.49,29.13,485.88
787009,73.94,92.35,143.49,86.97,18.75,23.78,20.31,248.32
787010,83,39,84,76,12,23,32,245
787011,37.56,58.99,87.62,56.28,15.11,32.30,9.60,152.18
787012,122.63,79.50,135.45,98.24,31.98,42.93,51.79,480.41
787013,79.71,50.93,87.69,53.14,19.59,18.47,4.68,226.00
787014,28,40,136,70,20,63,29,140
787015,27,46,68,64,39,55,48,121
791001,168,187,286,172,85,146,83,374
791002,130,164,266,88,85,186,89,386
791003,479,298,333,131,53,147,56,182
791004,113,170,246,145,58,155,111,507
791005,107,119,229,77,31,46,19,384
791006,160,146,284,168,112,204,31,400
791007,100,104,244,76,24,55,27,345
791008,2596,2610,1956,804,1290,1496,1001,3577
791009,584,686,694,620,465,334,193,1086
791011,126,88,135,63,44,47,39,500
791012,230,194,348,210,97,149,134,719
791013,223,511,1412,1118,564,878,599,561
791014,118,118,230,121,62,252,100,518
791015,124,165,256,170,71,47,42,601
791016,148,201,322,172,94,161,59,530
791017,111,125,250,165,123,112,55,494
810001,49,37,60,22,8,10,4,207
810002,123,90,168,65,13,40,43,362
810003,255,209,499,267,99,241,88,657
810004,87,61,85,36,8,19,7,288
810005,113,178,477,274,112,275,199,353
810006,114,99,144,56,14,35,9,375
810010,972,997,1221,661,340,634,385,1186
810034,32,28,21,22,1,24,5,145
810040,51,42,55,27,7,26,12,290
810050,65,51,102,64,18,33,19,316
810056,41,31,17,14,3,7,5,171
810070,122,92,122,68,18,69,19,577
810080,23,64,46,28,5,25,6,170
813001,944,839,858,561,296,233,94,426
813002,84,119,233,99,58,101,21,193
813003,97,59,86,48,3,20,5,117
813004,47,200,196,54,15,35,19,140
813005,136,253,187,180,72,86,72,147
813006,2445,2139,2398,1590,392,822,412,2346
813007,90,74,178,90,25,11,18,322
813008,33,143,259,126,29,65,54,118
813009,502,755,1066,631,331,497,263,791
813010,82,57,73,28,6,7,9,272
813011,53,20,49,27,2,6,2,203
813012,52,23,27,15,4,6,5,213
813013,113,79,134,63,14,48,19,414
813014,49,43,41,24,2,4,6,150
813015,169,87,159,102,40,66,33,395
820001,232,186,312,334,106,82,73,591
820002,221,248,615,246,159,110,55,676
820003,47,33,48,12,6,14,4,178
820004,403,550,905,716,375,510,327,725
820005,94,73,99,54,45,49,17,335
820006,75,44,45,26,4,7,8,260
820007,148,127,89,72,21,13,9,392
820008,104,62,89,88,28,30,26,397
820009,66,51,64,56,7,31,4,222
820010,271,408,363,227,148,197,75,875
820011,103,173,118,54,5,24,9,382
820012,55,64,54,18,13,14,5,363
820013,69,50,74,12,14,27,8,214
820014,48,39,29,15,7,23,7,185
825015,86,119,183,90,30,58,14,420
840001,167,395,892,482,294,642,711,432
840002,211,221,321,226,188,189,80,411
840003,124,93,311,82,46,59,47,295
840004,186,132,145,133,40,74,41,461
840005,127,126,156,168,66,77,27,545
840006,68,47,68,55,48,34,25,257
840007,61,80,236,79,33,38,36,218
840008,101,61,82,48,24,23,8,378
840009,50,28,39,24,4,11,7,239
840010,84,52,102,37,11,30,13,336
840011,32,23,16,5,4,7,5,204
846002,84,116,247,67,58,75,17,413
846003,214,159,214,188,148,207,108,706
846004,248,109,315,241,129,194,52,481
846008,79,66,155,93,48,99,56,331
846009,132,92,127,71,24,48,25,481
846011,460,336,637,461,108,214,166,949
846014,53,26,39,38,8,21,4,321
846018,177,95,195,150,41,126,51,420
846020,125,172,240,147,77,124,59,490
846022,109,101,99,68,34,145,30,370
846027,753,733,725,756,286,615,381,1423
849001,145,507,524,273,272,329,417,331
849002,34,194,264,68,15,40,33,163
849003,31,164,128,45,24,66,82,131
849004,93,64,84,57,26,19,9,214
849005,25,81,101,42,20,43,25,181
849006,37,33,34,37,10,14,11,158
849007,34,16,48,10,5,9,5,145
849008,145,217,284,145,141,139,69,369
849009,94,74,174,32,13,15,7,218
849010,31,13,74,24,4,4,6,131
849011,71,39,61,29,30,47,25,205
849012,62,58,129,32,16,17,11,389
849013,215,234,370,389,162,194,36,518
849014,89,56,85,63,8,21,7,284
849015,43,33,54,11,5,6,7,267
849016,60,37,35,15,8,17,8,334
849018,288,323,622,428,183,191,76,728
849020,82,83,161,127,46,158,107,119
849021,76,55,111,53,33,37,22,237
851003,1025.85,534.27,170.79,93.26,228.09,456.74,650.00,1009.55
851004,800.15,416.73,133.21,72.74,177.91,356.26,507.00,787.45
851005,999,996,1767,734,89,103,223,733
851007,138,285,342,30,118,87,55,234
851009,102.69,236.82,269.57,160.68,68.61,143.86,53.56,285.51
851010,129.31,298.18,339.43,202.32,86.39,181.14,67.44,359.49
851011,225,703,749,508,91,245,273,500
851012,131.61,39.05,54.61,43.41,84.10,78.36,372.71,1530.71
851014,1408,48,3,71,56,257,88,1042
851015,250,0,13,113,415,345,122,3796
851016,350.39,103.95,145.39,115.59,223.90,208.64,992.29,4075.29
851017,1416,872,528,76,41,164,184,896
851018,266,634,972,205,161,76,248,153
851019,400.64,558.62,681.22,644.57,353.88,338.71,317.23,498.59
851020,233.36,325.38,396.78,375.43,206.12,197.29,184.77,290.41
851022,134,306,628,139,87,297,229,381
851024,110,599,627,658,197,393,291,328
851027,1711.62,167.54,122.47,136.10,93.78,204.57,1293.50,1589.60
851028,1551.64,41.61,19.77,40.05,56.18,190.90,957.10,1467.37
851029,411.57,1497.71,621.49,536.07,495.20,690.75,609.42,141.46
851030,695.48,233.51,231.35,226.30,74.23,26.67,1016.92,599.63
851031,594,1372,568,262,68,65,164,681
851032,66,222,586,148,77,311,111,391
851033,65,377,593,205,100,220,209,151
851034,164.66,699.21,627.62,801.82,138.41,252.16,102.61,77.16
851035,161,425,391,600,198,124,121,489
851036,258.03,939.41,391.30,338.66,310.20,432.95,381.45,88.78
851038,88,297,334,120,60,61,18,326
851040,11,0,2563,1124,61,270,374,14
851043,188,174,669,293,93,241,86,752
851044,187,285,441,297,164,319,118,524
851046,75,52,99,60,26,35,13,292
851047,275,338,393,326,248,459,164,792
851052,137,110,125,60,48,58,24,371
851056,118,88,185,105,35,83,6,343
851058,139,124,267,151,36,129,29,337
851061,116,253,435,315,116,342,72,507
860001,45,140,229,90,16,23,14,213
860003,746,761,464,458,136,127,66,238
860004,933,349,157,223,157,113,300,1745
860006,77,122,139,119,24,77,41,200
860007,114,121,118,72,63,23,17,274
860008,71,69,117,84,40,52,17,352
860011,204,162,214,138,52,96,41,659
860012,81,42,112,37,11,40,7,458
860013,73,98,131,41,9,47,29,302
860014,51,72,102,65,36,71,39,329
860015,292,604,790,484,198,269,84,238
860016,520,519,1075,194,98,182,70,438
860018,203,429,1036,431,236,230,177,355
860019,244,165,353,145,77,114,28,837
860020,61,42,96,22,19,21,12,231
860021,114,122,210,141,78,154,60,548
860022,127,188,407,276,72,126,63,467
860023,73,36,72,58,8,49,11,198
860026,90,56,74,26,14,17,11,286
860027,45,35,74,30,4,10,8,233
860028,91,63,91,56,17,16,8,332
