Gruppe;ValgstedId;KredsNr;StorKredsNr;LandsdelsNr;Opførelsesår_Antal_personer_Før 1940
;101001;1;1;1;13292
;101002;1;1;1;6352
;101003;1;1;1;14556
;101005;1;1;1;11108
;101006;1;1;1;8816
;101007;2;1;1;6492
;101008;2;1;1;11394
;101009;2;1;1;1167
;101010;2;1;1;7324
;101011;3;1;1;19527
;101012;3;1;1;9040
;101013;3;1;1;7282
;101014;3;1;1;14145
;101016;4;1;1;8492
;101017;4;1;1;13607
;101018;4;1;1;9434
;101019;4;1;1;6487
;101020;5;1;1;8423
;101021;5;1;1;8445
;101022;5;1;1;5517
;101023;5;1;1;8399
;101024;5;1;1;8294
;101025;5;1;1;11119
;101027;6;1;1;7486
;101028;6;1;1;4107
;101029;6;1;1;2797
;101030;6;1;1;8463
;101031;7;1;1;4261
;101032;7;1;1;45
;101033;7;1;1;8682
;101034;7;1;1;8315
;101035;7;1;1;2751
;101036;7;1;1;4449
;101039;7;1;1;3670
;101040;7;1;1;5370
;101041;7;1;1;7410
;101042;8;1;1;8753
;101043;8;1;1;9453
;101044;8;1;1;1973
;101046;8;1;1;2074
;101047;8;1;1;2696
;101048;8;1;1;5482
;101049;9;1;1;10064
;101050;9;1;1;10326
;101051;9;1;1;5503
;101052;9;1;1;8365
;101053;9;1;1;7017
;101054;9;1;1;2149
;101055;9;1;1;1091
;101056;1;1;1;5481
;101057;2;1;1;1428
;101058;5;1;1;7682
;101059;6;1;1;6086
;147001;10;1;1;9808
;147002;10;1;1;8985
;147003;10;1;1;13202
;147004;10;1;1;9552
;147005;11;1;1;8304
;147006;11;1;1;5856
;147007;11;1;1;8181
;147008;11;1;1;8969
;151001;20;2;1;35
;151002;20;2;1;580
;151003;20;2;1;152,27
;151004;20;2;1;100
;151005;20;2;1;281
;151006;20;2;1;148
;151008;20;2;1;202
;151009;20;2;1;92,73
;151010;20;2;1;185
;153001;18;2;1;379
;153002;18;2;1;265
;153003;18;2;1;35
;153004;18;2;1;209
;153005;18;2;1;147,10
;153006;18;2;1;136,90
;155001;12;1;1;1396
;155004;12;1;1;815
;157001;13;2;1;3606
;157002;13;2;1;3529
;157003;13;2;1;5592
;157004;13;2;1;2518
;157005;13;2;1;5861
;157006;13;2;1;6802
;157007;13;2;1;6598
;157008;13;2;1;4403
;157009;13;2;1;5471
;157010;13;2;1;4236
;159001;15;2;1;783,87
;159002;15;2;1;1928
;159003;15;2;1;1279
;159004;15;2;1;1819
;159005;15;2;1;1009
;159006;15;2;1;844
;159007;15;2;1;2738
;159008;15;2;1;757
;159009;15;2;1;164,13
;161001;20;2;1;142
;161002;20;2;1;1371
;161003;20;2;1;1452
;161004;20;2;1;59
;161005;20;2;1;121
;161006;20;2;1;226
;163001;16;2;1;670
;163002;16;2;1;397
;163003;16;2;1;150
;165001;19;2;1;268
;165002;19;2;1;129
;165003;19;2;1;489
;165004;19;2;1;64
;165005;19;2;1;3
;167001;17;2;1;838
;167002;17;2;1;745
;167003;17;2;1;925
;167004;17;2;1;1499
;167005;17;2;1;1386
;167006;17;2;1;464
;167007;17;2;1;352
;167008;17;2;1;275
;169001;19;2;1;242
;169002;19;2;1;913
;169004;19;2;1;373
;169006;19;2;1;141
;169007;19;2;1;426
;169008;19;2;1;72
;169009;19;2;1;619
;169010;19;2;1;633,62
;169012;19;2;1;842
;169013;19;2;1;285
;169014;19;2;1;386,38
;173001;14;2;1;4258
;173002;14;2;1;926
;173003;14;2;1;444
;173004;14;2;1;3352
;173005;14;2;1;1124
;173006;14;2;1;1579
;173007;14;2;1;194
;173008;14;2;1;1776
;173009;14;2;1;768
;175001;16;2;1;2384
;175002;16;2;1;744
;175003;16;2;1;1982
;175004;16;2;1;257
;175005;16;2;1;607
;175006;16;2;1;442
;175007;16;2;1;-
;183001;18;2;1;550
;183002;18;2;1;2
;183003;18;2;1;38
;183004;18;2;1;98,66
;183005;18;2;1;128,34
;185001;12;1;1;164
;185002;12;1;1;460
;185003;12;1;1;574
;185004;12;1;1;1683
;185005;12;1;1;1318
;185006;12;1;1;1354
;187001;18;2;1;210
;187002;18;2;1;148
;187003;18;2;1;1
;190001;25;3;1;437
;190002;25;3;1;669
;190003;25;3;1;443
;190004;25;3;1;130
;190005;25;3;1;100
;190006;25;3;1;855
;190007;25;3;1;211
;201001;26;3;1;327
;201002;26;3;1;460
;201003;26;3;1;479
;201004;26;3;1;1026
;201005;26;3;1;294
;210001;22;3;1;1163
;210002;22;3;1;1579
;210003;22;3;1;1191
;210004;22;3;1;440
;210005;22;3;1;301
;210007;22;3;1;95
;210008;22;3;1;595
;210009;22;3;1;214
;217001;21;3;1;4967,58
;217002;21;3;1;1203
;217003;21;3;1;982
;217004;21;3;1;1001
;217005;21;3;1;1346
;217006;21;3;1;652
;217007;21;3;1;720
;217008;21;3;1;307
;217009;21;3;1;1174
;217010;21;3;1;1375
;217011;21;3;1;412
;217012;21;3;1;1496,42
;219001;23;3;1;3637
;219002;23;3;1;1282
;219003;23;3;1;288
;219004;23;3;1;263
;219005;23;3;1;480
;219006;23;3;1;202
;219007;23;3;1;246
;219008;23;3;1;275
;219009;23;3;1;347
;219010;23;3;1;718
;219011;23;3;1;501
;219012;23;3;1;1316
;219013;23;3;1;273
;219014;23;3;1;312
;223001;22;3;1;984
;223002;22;3;1;609
;223003;22;3;1;1679
;223004;22;3;1;243
;223005;22;3;1;417
;230001;26;3;1;298
;230003;26;3;1;2598
;230004;26;3;1;388
;230005;26;3;1;1188
;230006;26;3;1;554
;230007;26;3;1;974
;230008;26;3;1;495
;230009;26;3;1;700
;230010;26;3;1;2385
;240001;25;3;1;365
;240002;25;3;1;407
;240003;25;3;1;776,53
;240004;25;3;1;336
;240005;25;3;1;580
;240006;25;3;1;303
;240007;25;3;1;661,58
;240008;25;3;1;188,38
;240009;25;3;1;186,51
;250001;24;3;1;1467
;250002;24;3;1;574
;250003;24;3;1;785
;250004;24;3;1;2781
;250005;24;3;1;1594
;250006;24;3;1;1280
;253001;35;5;2;266,64
;253002;35;5;2;1084,56
;253003;35;5;2;237,79
;253004;35;5;2;657
;253005;35;5;2;766
;259001;34;5;2;4066
;259002;34;5;2;40,42
;259003;34;5;2;1015,19
;259004;34;5;2;280
;259005;34;5;2;443
;259006;34;5;2;1756
;259007;34;5;2;694,81
;259008;34;5;2;416,58
;259009;34;5;2;702
;259010;34;5;2;658
;259011;34;5;2;1323
;260001;24;3;1;1818
;260002;24;3;1;766
;260003;24;3;1;547,74
;260004;24;3;1;2039,26
;260005;24;3;1;533
;265001;36;5;2;3894
;265002;36;5;2;779
;265003;36;5;2;2140
;265004;36;5;2;1207
;265005;36;5;2;1198
;265006;36;5;2;743
;265007;36;5;2;159
;265008;36;5;2;400
;265009;36;5;2;416
;265010;36;5;2;601
;265011;36;5;2;937
;265013;36;5;2;417
;265014;36;5;2;545
;265015;36;5;2;66
;265016;36;5;2;515
;265017;36;5;2;1577
;265018;36;5;2;441
;265021;36;5;2;339
;269001;35;5;2;808
;269004;35;5;2;1037
;269005;35;5;2;717
;270001;23;3;1;729
;270002;23;3;1;1039
;270003;23;3;1;441
;270004;23;3;1;1539
;270005;23;3;1;390
;270006;23;3;1;1390
;270007;23;3;1;609
;270008;23;3;1;1465
;270009;23;3;1;583
;270010;23;3;1;542
;270011;23;3;1;829
;270012;23;3;1;638
;306001;38;5;2;1066
;306002;38;5;2;1091
;306003;38;5;2;1233
;306004;38;5;2;1483
;306005;38;5;2;449
;306006;38;5;2;1424
;306007;38;5;2;1551
;306008;38;5;2;433
;306010;38;5;2;739
;306011;38;5;2;1148
;306012;38;5;2;373
;306013;38;5;2;574
;316001;37;5;2;1219
;316002;37;5;2;1361
;316003;37;5;2;2787
;316004;37;5;2;1151
;316005;37;5;2;1052
;316006;37;5;2;904
;316007;37;5;2;1493
;316008;37;5;2;1760
;316009;37;5;2;1558
;316010;37;5;2;1478
;316011;37;5;2;1634
;316012;37;5;2;2010
;316013;37;5;2;1113
;316014;37;5;2;1533
;316015;37;5;2;375
;320001;33;5;2;2283
;320002;33;5;2;2835
;320003;33;5;2;1599
;320004;33;5;2;1784
;320005;33;5;2;1845
;320006;33;5;2;1372
;320007;33;5;2;1290
;326001;38;5;2;1463
;326002;38;5;2;193
;326003;38;5;2;1775
;326004;38;5;2;1205
;326005;38;5;2;1008
;326006;38;5;2;235
;326007;38;5;2;495
;326008;38;5;2;1592
;326009;38;5;2;1255
;326010;38;5;2;1192
;326011;38;5;2;1097
;326012;38;5;2;1837
;326013;38;5;2;1530
;326014;38;5;2;915
;326015;38;5;2;1045
;326016;38;5;2;925
;326017;38;5;2;301
;326018;38;5;2;131
;329001;39;5;2;3075
;329002;39;5;2;653
;329003;39;5;2;449
;329004;39;5;2;820
;329005;39;5;2;926
;329006;39;5;2;1027
;329008;39;5;2;713
;329009;39;5;2;490
;329010;39;5;2;532
;329011;39;5;2;411
;329012;39;5;2;609
;329013;39;5;2;451
;329014;39;5;2;419
;330001;40;5;2;1938
;330003;40;5;2;771
;330004;40;5;2;625
;330005;40;5;2;2034
;330006;40;5;2;2127
;330007;40;5;2;421
;330008;40;5;2;1149
;330009;40;5;2;825
;330010;40;5;2;918
;330011;40;5;2;2754
;330012;40;5;2;-
;330013;40;5;2;784
;330017;40;5;2;-
;330019;40;5;2;5164
;330021;40;5;2;1611
;330022;40;5;2;1974
;330024;40;5;2;882
;330025;40;5;2;1178
;336001;33;5;2;2584
;336002;33;5;2;1750
;336003;33;5;2;3057
;336004;33;5;2;2007
;340001;39;5;2;1835
;340002;39;5;2;775
;340004;39;5;2;920
;340005;39;5;2;2423
;340006;39;5;2;1836
;340008;39;5;2;1417
;340010;39;5;2;2625
;350001;34;5;2;1023
;350002;34;5;2;567
;350003;34;5;2;473
;350004;34;5;2;252
;350005;34;5;2;525
;350006;34;5;2;976
;350008;34;5;2;807
;350009;34;5;2;824
;350011;34;5;2;598
;350012;34;5;2;983
;360001;29;5;2;524
;360003;29;5;2;1298
;360008;29;5;2;641
;360011;29;5;2;1139,58
;360013;29;5;2;2851
;360014;29;5;2;-
;360019;29;5;2;1980
;360020;29;5;2;3969
;360021;29;5;2;1900,55
;360026;29;5;2;325,88
;360027;29;5;2;296
;360028;29;5;2;-
;360029;29;5;2;1627
;360035;29;5;2;1518
;360036;29;5;2;1886
;360037;29;5;2;335
;370001;32;5;2;2201
;370002;32;5;2;716
;370003;32;5;2;1243
;370004;32;5;2;618
;370005;32;5;2;570
;370006;32;5;2;1112
;370007;32;5;2;986
;370008;32;5;2;480
;370009;32;5;2;385
;370010;32;5;2;830
;370011;32;5;2;1331
;370012;32;5;2;393
;370014;32;5;2;1270
;370020;32;5;2;713
;370021;32;5;2;2132
;370022;32;5;2;1942
;370023;32;5;2;1310
;370024;32;5;2;584
;370026;32;5;2;844
;370027;32;5;2;813
;370028;32;5;2;5
;370029;32;5;2;333
;370031;32;5;2;1239
;370032;32;5;2;707
;376001;30;5;2;3276
;376002;30;5;2;2325
;376003;30;5;2;172
;376004;30;5;2;1153
;376005;30;5;2;1169
;376006;30;5;2;1292
;376007;30;5;2;557
;376008;30;5;2;1682
;376009;30;5;2;1143
;376010;30;5;2;1307
;376011;30;5;2;1518
;376012;30;5;2;1572
;376013;30;5;2;2331
;376014;30;5;2;995
;376015;30;5;2;982
;376016;30;5;2;2225
;376017;30;5;2;2171
;376018;30;5;2;795
;376019;30;5;2;876
;376020;30;5;2;786
;390001;31;5;2;1961
;390002;31;5;2;1597
;390003;31;5;2;672
;390004;31;5;2;584
;390005;31;5;2;735
;390006;31;5;2;2206
;390007;31;5;2;481
;390008;31;5;2;2843
;390009;31;5;2;1102
;390010;31;5;2;1833
;390011;31;5;2;610
;390012;31;5;2;1240
;390013;31;5;2;818
;390014;31;5;2;469
;390015;31;5;2;993
;390016;31;5;2;916
;390017;31;5;2;554
;400001;28;4;1;1799
;400002;28;4;1;2069
;400003;28;4;1;1440
;400004;28;4;1;2088
;400005;28;4;1;890
;400006;28;4;1;3254
;400007;27;4;1;1553
;400008;27;4;1;5398
;400009;27;4;1;1363
;410001;45;6;2;3122
;410002;45;6;2;809
;410003;45;6;2;974
;410004;45;6;2;740
;410005;45;6;2;776
;410006;45;6;2;1476
;410007;45;6;2;1071
;410008;45;6;2;1345
;410009;45;6;2;1419
;410010;45;6;2;1440
;410011;45;6;2;969
;411001;28;4;1;-
;420001;44;6;2;2775
;420002;44;6;2;1151
;420003;44;6;2;579
;420004;44;6;2;708
;420005;44;6;2;1379
;420006;44;6;2;353
;420007;44;6;2;976
;420008;44;6;2;1108
;420009;44;6;2;717
;420010;44;6;2;703
;420011;44;6;2;1857
;420012;44;6;2;562
;420013;44;6;2;984
;420014;44;6;2;501
;420015;44;6;2;462
;420016;44;6;2;718
;420017;44;6;2;661
;420018;44;6;2;846
;430001;48;6;2;672
;430002;48;6;2;636
;430003;48;6;2;834
;430004;48;6;2;655
;430005;48;6;2;-
;430007;48;6;2;3122
;430008;48;6;2;1102
;430009;48;6;2;1098
;430010;48;6;2;-
;430011;48;6;2;1121
;430012;48;6;2;840
;430013;48;6;2;820
;430014;48;6;2;946
;430015;48;6;2;2586
;430016;48;6;2;750
;430017;48;6;2;922
;430018;48;6;2;1041
;430019;48;6;2;718
;430020;48;6;2;1050
;430021;48;6;2;544
;430022;48;6;2;1027
;440001;46;6;2;1285
;440002;46;6;2;1834
;440003;46;6;2;1369
;440004;46;6;2;775
;440005;46;6;2;753
;440006;46;6;2;575
;450001;46;6;2;1074
;450002;46;6;2;1535
;450003;46;6;2;3166
;450004;46;6;2;686
;450005;46;6;2;831
;450006;46;6;2;604
;450007;46;6;2;263
;450008;46;6;2;321
;450009;46;6;2;610
;450010;46;6;2;489
;450011;46;6;2;853
;450012;46;6;2;820
;450013;46;6;2;699
;461001;41;6;2;8296
;461002;41;6;2;5797
;461003;41;6;2;1216
;461004;41;6;2;5366
;461005;41;6;2;583
;461006;41;6;2;404
;461007;41;6;2;601
;461009;41;6;2;680
;461011;42;6;2;8061
;461012;42;6;2;1348
;461013;42;6;2;463
;461014;42;6;2;913
;461016;42;6;2;541
;461017;42;6;2;801
;461018;42;6;2;894
;461019;42;6;2;529
;461020;42;6;2;438
;461021;42;6;2;1029
;461023;43;6;2;8995
;461024;43;6;2;3839
;461025;43;6;2;242
;461026;43;6;2;957
;461028;43;6;2;702
;461029;43;6;2;1970
;461030;43;6;2;1027
;461031;43;6;2;373
;461032;43;6;2;533
;461033;43;6;2;838
;461035;41;6;2;108
;461036;41;6;2;49
;479001;47;6;2;6228
;479002;47;6;2;1012
;479003;47;6;2;1632
;479004;47;6;2;686,48
;479005;47;6;2;1011
;479006;47;6;2;-
;479007;47;6;2;508
;479008;47;6;2;523,52
;479009;47;6;2;1051
;479010;47;6;2;880
;479011;47;6;2;597
;479014;47;6;2;716
;479016;47;6;2;950
;479017;47;6;2;1246
;479019;47;6;2;1435
;479021;47;6;2;818
;479023;47;6;2;863
;479025;47;6;2;820
;479027;47;6;2;1032
;480001;45;6;2;2514
;480002;45;6;2;734
;480003;45;6;2;2043
;480004;45;6;2;1640
;480005;45;6;2;813
;480006;45;6;2;674
;480007;45;6;2;890
;480008;45;6;2;832
;480009;45;6;2;955
;480010;45;6;2;1198
;482001;47;6;2;558,40
;482002;47;6;2;1539,52
;482005;47;6;2;2865,08
;482007;47;6;2;1159,05
;482011;47;6;2;1003,95
;492001;48;6;2;1670
;492002;48;6;2;1397
;492003;48;6;2;788
;510001;61;7;2;4335,54
;510002;61;7;2;1691
;510003;61;7;2;1503,38
;510004;61;7;2;623,28
;510005;61;7;2;521,97
;510006;61;7;2;659,21
;510007;61;7;2;-
;510008;61;7;2;831,03
;510009;61;7;2;391
;510010;61;7;2;639,97
;510011;61;7;2;641,34
;510012;61;7;2;279,22
;510013;61;7;2;493,08
;510014;61;7;2;870,45
;510015;61;7;2;499
;510016;61;7;2;253
;510017;61;7;2;653,06
;510018;61;7;2;1216,47
;510019;61;7;2;573
;510020;61;7;2;1025,95
;510021;61;7;2;327,26
;510022;61;7;2;265,79
;530001;55;7;2;221
;530002;55;7;2;754
;530003;55;7;2;678
;530004;55;7;2;348
;530005;55;7;2;408
;530006;55;7;2;1294
;530007;55;7;2;732
;540001;49;7;2;1405
;540002;49;7;2;657
;540003;49;7;2;1141
;540004;49;7;2;1106
;540005;49;7;2;833
;540006;49;7;2;626
;540007;49;7;2;1336
;540008;49;7;2;409
;540009;49;7;2;1052
;540010;49;7;2;259
;540011;49;7;2;4341
;540012;49;7;2;973
;540013;49;7;2;999
;540014;49;7;2;869
;540015;49;7;2;1587
;540016;49;7;2;2216
;540017;49;7;2;479
;550001;51;7;2;683
;550002;51;7;2;391
;550003;51;7;2;281
;550004;51;7;2;722
;550007;51;7;2;344
;550008;51;7;2;473
;550012;51;7;2;842
;550014;51;7;2;557
;550015;51;7;2;317
;550016;51;7;2;451
;550017;51;7;2;796
;550018;51;7;2;322
;550019;51;7;2;360
;550021;51;7;2;425
;550023;51;7;2;1023
;550024;51;7;2;555
;550025;51;7;2;2445
;550027;51;7;2;368
;550029;51;7;2;461
;550051;51;7;2;150
;550061;51;7;2;1011
;550071;51;7;2;311
;561002;52;7;2;8709
;561003;52;7;2;587
;561004;52;7;2;1356
;561005;52;7;2;579
;561006;52;7;2;971
;561007;52;7;2;486
;561008;53;7;2;483
;561011;52;7;2;67
;561012;53;7;2;684
;561015;52;7;2;257
;561016;53;7;2;499
;561017;53;7;2;223
;561020;53;7;2;768
;561021;52;7;2;2
;561022;52;7;2;32
;561023;52;7;2;10
;561024;53;7;2;18
;561025;53;7;2;2625
;561028;53;7;2;3570
;561032;53;7;2;654
;561033;53;7;2;1207
;561035;53;7;2;-
;561038;53;7;2;864
;561040;53;7;2;1479
;563001;52;7;2;1197
;563002;52;7;2;169
;573001;54;7;2;2768
;573004;54;7;2;363
;573005;54;7;2;338
;573006;54;7;2;364
;573007;54;7;2;347
;573008;54;7;2;646
;573009;54;7;2;506
;573010;54;7;2;684
;573013;54;7;2;704
;573014;54;7;2;464
;573015;54;7;2;638
;573018;54;7;2;763
;573019;54;7;2;217
;573022;54;7;2;441
;573023;54;7;2;332
;573024;54;7;2;318
;573026;54;7;2;524
;573027;54;7;2;375
;573028;54;7;2;657
;573030;54;7;2;2151
;573031;54;7;2;744
;573032;54;7;2;655
;573033;54;7;2;420
;575001;55;7;2;1510
;575002;55;7;2;387
;575003;55;7;2;1354
;575004;55;7;2;706
;575005;55;7;2;592
;575006;55;7;2;231
;575007;55;7;2;1068
;575008;55;7;2;463
;575009;55;7;2;791
;575010;55;7;2;416
;575011;55;7;2;686
;575012;55;7;2;324
;575013;55;7;2;398
;575014;55;7;2;1773
;575015;55;7;2;364
;575016;55;7;2;731
;575017;55;7;2;687
;575018;55;7;2;697
;575019;55;7;2;1008
;580001;50;7;2;499
;580002;50;7;2;455
;580003;50;7;2;1048
;580004;50;7;2;1311
;580005;50;7;2;618
;580006;50;7;2;496
;580007;50;7;2;1065
;580008;50;7;2;620
;580009;50;7;2;1032
;580010;50;7;2;699
;580011;50;7;2;1070
;580012;50;7;2;951
;580013;50;7;2;681
;580014;50;7;2;1069
;580015;50;7;2;1019
;580016;50;7;2;3482
;580017;50;7;2;298
;580018;50;7;2;58
;607001;58;7;2;4005
;607002;58;7;2;501
;607003;58;7;2;642
;607004;58;7;2;445
;607005;58;7;2;783
;607006;58;7;2;698
;607007;58;7;2;298
;607008;58;7;2;4270
;615001;71;8;3;1629
;615002;71;8;3;3054
;615003;71;8;3;7344
;615004;71;8;3;-
;615005;71;8;3;2122
;615006;71;8;3;645
;615007;71;8;3;322
;615008;71;8;3;390
;615009;71;8;3;671
;615010;71;8;3;740
;615011;71;8;3;745
;615012;71;8;3;334
;615013;71;8;3;1368
;615014;71;8;3;959
;615015;71;8;3;552
;615016;71;8;3;1190
;615017;71;8;3;721
;615018;71;8;3;1093
;615019;71;8;3;806
;615020;71;8;3;457
;615021;71;8;3;39
;615022;71;8;3;214
;621001;59;7;2;3611
;621002;59;7;2;712
;621003;59;7;2;452
;621004;59;7;2;1107
;621005;59;7;2;367
;621006;59;7;2;1159
;621007;59;7;2;2156
;621008;60;7;2;926
;621009;60;7;2;4394
;621010;60;7;2;968
;621011;60;7;2;371
;621012;60;7;2;1904
;621013;60;7;2;405
;621014;60;7;2;2686
;621015;60;7;2;3018
;630001;57;7;2;750
;630002;57;7;2;1068
;630003;57;7;2;463
;630004;57;7;2;1060
;630005;57;7;2;620
;630006;57;7;2;1426
;630007;57;7;2;332
;630008;57;7;2;824
;630009;57;7;2;8030
;630010;57;7;2;457
;630011;57;7;2;373
;630012;57;7;2;1328
;630013;57;7;2;103
;630014;57;7;2;485
;630015;57;7;2;1477
;630016;56;7;2;328
;630017;56;7;2;1352
;630018;56;7;2;1065
;630019;56;7;2;573
;630020;56;7;2;470
;630021;56;7;2;591
;630022;56;7;2;309
;630023;56;7;2;767
;630024;56;7;2;955
;630025;56;7;2;1190
;630026;56;7;2;469
;630027;56;7;2;743
;630028;56;7;2;875
;630029;56;7;2;535
;630030;56;7;2;301
;630031;56;7;2;374
;630032;56;7;2;417
;630033;56;7;2;1430
;630034;56;7;2;551
;657001;80;9;3;4367
;657002;80;9;3;324
;657005;80;9;3;852
;657006;80;9;3;309
;657007;80;9;3;471
;657008;80;9;3;646
;657009;80;9;3;439
;657011;80;9;3;302
;657013;81;9;3;1012
;657014;81;9;3;238
;657015;81;9;3;23
;657016;81;9;3;324
;657017;81;9;3;955
;657018;81;9;3;201
;657019;81;9;3;225
;657020;81;9;3;186
;657021;81;9;3;451
;657022;81;9;3;242
;657023;81;9;3;560
;657024;81;9;3;580
;657025;81;9;3;457
;657026;81;9;3;226
;657027;81;9;3;752
;657028;81;9;3;152
;657029;81;9;3;474
;657030;81;9;3;370
;661001;82;9;3;4588
;661002;82;9;3;422
;661003;82;9;3;892
;661004;82;9;3;391
;661005;82;9;3;212
;661006;82;9;3;2062
;661007;82;9;3;866
;661008;82;9;3;1177
;661009;82;9;3;764
;661010;82;9;3;323
;665001;73;9;3;1695
;665002;73;9;3;1170
;665003;73;9;3;801
;665004;73;9;3;911
;665005;73;9;3;637
;665006;73;9;3;690
;665007;73;9;3;198
;665008;73;9;3;329
;671001;73;9;3;1997
;671002;73;9;3;236
;671003;73;9;3;672
;671004;73;9;3;666
;671005;73;9;3;94
;671006;73;9;3;853
;671007;73;9;3;1553
;706001;66;8;3;1463
;706002;66;8;3;1800
;706003;66;8;3;1142
;706004;66;8;3;1499
;706005;66;8;3;1527
;706006;66;8;3;1735
;706007;66;8;3;1614
;706008;66;8;3;1991
;707001;66;8;3;3335
;707002;66;8;3;-
;707003;66;8;3;1525
;707004;66;8;3;770
;707005;66;8;3;1536
;707006;66;8;3;1077
;707007;66;8;3;1439
;707008;66;8;3;925
;707009;66;8;3;1445
;707010;66;8;3;747
;710001;69;8;3;1110
;710002;69;8;3;1016
;710003;69;8;3;705
;710004;69;8;3;1338
;710005;69;8;3;1150
;710006;69;8;3;1022
;710007;69;8;3;361
;710008;69;8;3;574
;710009;69;8;3;1743
;710010;69;8;3;1739
;710011;69;8;3;1119
;710012;69;8;3;179
;710013;69;8;3;602
;710014;69;8;3;494
;727001;70;8;3;3087
;727002;70;8;3;373
;727003;70;8;3;414
;727004;70;8;3;765
;727005;70;8;3;614
;727006;70;8;3;744
;727007;70;8;3;711
;727008;70;8;3;746
;727009;70;8;3;-
;727010;70;8;3;-
;730001;68;8;3;1114
;730002;68;8;3;535
;730004;68;8;3;507
;730005;67;8;3;879
;730006;67;8;3;673
;730007;67;8;3;644
;730008;67;8;3;937
;730009;67;8;3;632
;730010;67;8;3;809
;730011;67;8;3;972,32
;730012;67;8;3;566
;730013;67;8;3;687
;730014;67;8;3;392
;730015;67;8;3;440
;730016;68;8;3;494
;730017;68;8;3;445
;730021;68;8;3;960
;730024;68;8;3;2930,68
;730025;68;8;3;2548
;730026;67;8;3;151
;730027;67;8;3;623
;730028;68;8;3;3665
;730029;67;8;3;1049
;730030;67;8;3;564
;730031;68;8;3;1776
;730032;68;8;3;939
;730033;68;8;3;560
;730034;68;8;3;277
;730036;68;8;3;760
;730037;68;8;3;574
;740001;77;9;3;1044
;740002;77;9;3;437
;740003;77;9;3;859
;740004;77;9;3;749
;740005;77;9;3;549
;740006;77;9;3;203
;740007;77;9;3;1515
;740008;77;9;3;416
;740009;77;9;3;759
;740010;77;9;3;711
;740011;77;9;3;214
;740012;77;9;3;411
;740013;77;9;3;299
;740014;77;9;3;694
;740015;77;9;3;635
;740016;77;9;3;1284
;740017;77;9;3;688
;740018;77;9;3;400
;740021;78;9;3;166
;740022;78;9;3;682
;740023;78;9;3;221
;740024;78;9;3;268
;740025;78;9;3;181
;740026;78;9;3;107
;740027;78;9;3;282
;740028;78;9;3;829
;740029;78;9;3;493
;740030;78;9;3;816
;740031;78;9;3;4970
;740032;78;9;3;224
;741001;70;8;3;2037
;741002;70;8;3;241
;746001;70;8;3;1181
;746002;70;8;3;818
;746003;70;8;3;641
;746004;70;8;3;900
;746005;70;8;3;1241
;746006;70;8;3;2828
;746007;70;8;3;338
;746008;70;8;3;1442
;746009;70;8;3;884
;746010;70;8;3;770
;746011;70;8;3;737
;746012;70;8;3;808
;751001;62;8;3;14353
;751002;62;8;3;3455
;751003;62;8;3;354
;751004;62;8;3;1034
;751006;62;8;3;618
;751007;62;8;3;1744
;751008;63;8;3;1765
;751009;62;8;3;432
;751010;65;8;3;4747,84
;751011;62;8;3;915
;751012;62;8;3;608
;751013;62;8;3;1274
;751014;62;8;3;1497,38
;751016;63;8;3;398
;751018;63;8;3;572
;751019;63;8;3;190
;751020;65;8;3;4214,66
;751021;65;8;3;9603,12
;751022;64;8;3;1642
;751023;64;8;3;570
;751024;64;8;3;1353
;751025;63;8;3;193
;751026;63;8;3;276
;751027;63;8;3;2026
;751028;63;8;3;765
;751030;63;8;3;906
;751031;63;8;3;398
;751033;63;8;3;585
;751041;65;8;3;6771
;751042;64;8;3;7319
;751043;64;8;3;594
;751044;64;8;3;513
;751045;64;8;3;2572
;751047;65;8;3;472
;751048;65;8;3;426
;751049;65;8;3;323
;751050;65;8;3;444
;751051;65;8;3;652
;751053;64;8;3;542
;751055;64;8;3;289
;751056;64;8;3;805
;751061;65;8;3;298
;751062;63;8;3;13
;751063;63;8;3;660
;751064;63;8;3;2533
;751065;65;8;3;180
;751066;62;8;3;437
;751067;64;8;3;1719
;751068;64;8;3;-
;756001;79;9;3;731
;756002;79;9;3;458
;756003;79;9;3;560
;756004;79;9;3;525
;756005;79;9;3;1769
;756006;79;9;3;409
;756007;79;9;3;1435
;756008;79;9;3;295
;756009;79;9;3;987
;756010;79;9;3;791
;760001;83;9;3;1442,44
;760002;83;9;3;422
;760004;83;9;3;372,77
;760007;83;9;3;1099,79
;760010;83;9;3;286
;760012;83;9;3;189
;760014;83;9;3;1732
;760016;83;9;3;714
;760021;83;9;3;541
;760022;83;9;3;979
;760024;83;9;3;1515
;760025;83;9;3;623
;760027;83;9;3;1367
;760028;83;9;3;574
;760030;83;9;3;616
;760032;83;9;3;523
;760033;83;9;3;903
;760035;83;9;3;1400
;766001;72;8;3;1143
;766002;72;8;3;656
;766003;72;8;3;892
;766004;72;8;3;491
;766005;72;8;3;289
;766006;72;8;3;378
;766007;72;8;3;1080
;766010;72;8;3;856
;766011;72;8;3;765
;766012;72;8;3;540
;766013;72;8;3;970
;766014;72;8;3;907
;766015;72;8;3;870
;766017;72;8;3;1420
;766020;72;8;3;591
;766021;72;8;3;953
;766022;72;8;3;581
;766023;72;8;3;761
;766024;72;8;3;309
;773001;87;10;3;784
;773002;87;10;3;2121,73
;773003;87;10;3;1342,86
;773004;87;10;3;1120
;773005;87;10;3;3159,41
;779020;74;9;3;400
;779021;74;9;3;5074
;779022;74;9;3;1736
;779023;74;9;3;1237
;779024;74;9;3;1777
;779025;74;9;3;859
;779026;74;9;3;1443
;779027;74;9;3;1559
;787001;87;10;3;4225,65
;787002;87;10;3;1546,69
;787003;87;10;3;1609,18
;787004;87;10;3;457,70
;787005;87;10;3;1631,23
;787006;87;10;3;593
;787007;87;10;3;994,32
;787008;87;10;3;1114,93
;787009;87;10;3;607,04
;787010;87;10;3;541
;787011;87;10;3;323,02
;787012;87;10;3;1049,57
;787013;87;10;3;512,67
;787014;87;10;3;368
;787015;87;10;3;300
;791001;75;9;3;836
;791002;75;9;3;988
;791003;75;9;3;421
;791004;75;9;3;1186
;791005;75;9;3;948
;791006;75;9;3;978
;791007;75;9;3;876
;791008;75;9;3;6912
;791009;76;9;3;2598
;791011;76;9;3;1228
;791012;76;9;3;1769
;791013;76;9;3;1405
;791014;76;9;3;1307
;791015;76;9;3;1500
;791016;76;9;3;1238
;791017;76;9;3;1181
;810001;86;10;3;455
;810002;86;10;3;686
;810003;86;10;3;1492
;810004;86;10;3;683
;810005;86;10;3;862
;810006;86;10;3;934
;810010;86;10;3;2497
;810034;86;10;3;383
;810040;86;10;3;758
;810050;86;10;3;769
;810056;86;10;3;388
;810070;86;10;3;1266
;810080;86;10;3;435
;813001;84;10;3;724
;813002;84;10;3;387
;813003;84;10;3;244
;813004;84;10;3;333
;813005;84;10;3;323
;813006;84;10;3;4494
;813007;84;10;3;753
;813008;84;10;3;271
;813009;84;10;3;1562
;813010;84;10;3;575
;813011;84;10;3;443
;813012;84;10;3;466
;813013;84;10;3;948
;813014;84;10;3;331
;813015;84;10;3;910
;820001;88;10;3;1347
;820002;88;10;3;1575
;820003;88;10;3;403
;820004;88;10;3;1640
;820005;88;10;3;733
;820006;88;10;3;669
;820007;88;10;3;904
;820008;88;10;3;944
;820009;88;10;3;545
;820010;88;10;3;1629
;820011;88;10;3;865
;820012;88;10;3;849
;820013;88;10;3;519
;820014;88;10;3;452
;825015;84;10;3;762
;840001;88;10;3;1056
;840002;88;10;3;948
;840003;88;10;3;652
;840004;88;10;3;1155
;840005;88;10;3;1383
;840006;88;10;3;595
;840007;88;10;3;573
;840008;88;10;3;857
;840009;88;10;3;571
;840010;88;10;3;838
;840011;88;10;3;467
;846002;89;10;3;927
;846003;89;10;3;1474
;846004;89;10;3;1073
;846008;89;10;3;810
;846009;89;10;3;1117
;846011;89;10;3;1894
;846014;89;10;3;670
;846018;89;10;3;836
;846020;89;10;3;1242
;846022;89;10;3;898
;846027;89;10;3;2724
;849001;86;10;3;790
;849002;86;10;3;408
;849003;86;10;3;313
;849004;86;10;3;484
;849005;86;10;3;461
;849006;86;10;3;321
;849007;86;10;3;298
;849008;86;10;3;794
;849009;86;10;3;452
;849010;86;10;3;290
;849011;86;10;3;467
;849012;86;10;3;839
;849013;86;10;3;1054
;849014;86;10;3;620
;849015;86;10;3;693
;849016;86;10;3;783
;849018;86;10;3;1630
;849020;86;10;3;212
;849021;86;10;3;508
;851003;92;10;3;2046,07
;851004;92;10;3;1595,93
;851005;92;10;3;1573
;851007;92;10;3;595
;851009;92;10;3;713,55
;851010;92;10;3;898,45
;851011;92;10;3;1236
;851012;92;10;3;2780,45
;851014;91;10;3;1670
;851015;91;10;3;5712
;851016;92;10;3;7402,55
;851017;91;10;3;2141
;851018;91;10;3;387
;851019;91;10;3;1293,56
;851020;91;10;3;753,44
;851022;91;10;3;1020
;851024;91;10;3;768
;851027;90;10;3;2562,21
;851028;90;10;3;2195,60
;851029;90;10;3;343,84
;851030;90;10;3;1362,86
;851031;90;10;3;1639
;851032;90;10;3;909
;851033;90;10;3;411
;851034;90;10;3;207,61
;851035;90;10;3;1157
;851036;90;10;3;215,87
;851038;91;10;3;827
;851040;90;10;3;22
;851043;92;10;3;1776
;851044;92;10;3;1069
;851046;92;10;3;658
;851047;91;10;3;1746
;851052;91;10;3;893
;851056;90;10;3;769
;851058;90;10;3;752
;851061;90;10;3;1293
;860001;85;10;3;468
;860003;85;10;3;401
;860004;85;10;3;3017
;860006;85;10;3;453
;860007;85;10;3;634
;860008;85;10;3;730
;860011;85;10;3;1481
;860012;85;10;3;1071
;860013;85;10;3;708
;860014;85;10;3;712
;860015;85;10;3;552
;860016;85;10;3;883
;860018;85;10;3;822
;860019;85;10;3;1865
;860020;85;10;3;508
;860021;85;10;3;1115
;860022;85;10;3;948
;860023;85;10;3;447
;860026;85;10;3;636
;860027;85;10;3;570
;860028;85;10;3;764
